variant,group,kind,completed_updates,flow_sha256,seed,euler_steps,uid,gt_vertices,evaluation_complete,status,metrics_sha256,edge_tp,edge_fp,edge_fn,edge_micro_f1,face_tp,face_fp,face_fn,face_micro_f1,edge_strict,joint_strict,face_fn_missing,face_fn_present,actual_face_candidates,vae_mu_edge_tp,delta_from_vae_mu_edge_tp,vae_mu_edge_fp,delta_from_vae_mu_edge_fp,vae_mu_edge_fn,delta_from_vae_mu_edge_fn,vae_mu_edge_micro_f1,delta_from_vae_mu_edge_micro_f1,vae_mu_face_tp,delta_from_vae_mu_face_tp,vae_mu_face_fp,delta_from_vae_mu_face_fp,vae_mu_face_fn,delta_from_vae_mu_face_fn,vae_mu_face_micro_f1,delta_from_vae_mu_face_micro_f1
vae_mu,VAE,vae_reconstruction,,,,,nexus_2k_001150,18,True,evaluated,9632c45fede99310f83ec0d6134c31f78ec16dcb70a8f623436bda7eb2940419,42,0,0,1.0,28,0,0,1.0,True,True,0,0,29,,,,,,,,,,,,,,,,
vae_mu,VAE,vae_reconstruction,,,,,nexus_2k_001045,54,True,evaluated,3b074fb0fa73daf60b85bdd02f665b458eef8f4e782c3ce152d9d340f416e1f4,156,0,0,1.0,104,0,0,1.0,True,True,0,0,104,,,,,,,,,,,,,,,,
vae_mu,VAE,vae_reconstruction,,,,,nexus_2k_000084,128,True,evaluated,197ad722226bad651f293c424d5689bfea337db0c7d14bdf379c7124cc9f215b,378,0,0,1.0,252,0,0,1.0,True,True,0,0,252,,,,,,,,,,,,,,,,
vae_mu,VAE,vae_reconstruction,,,,,nexus_2k_001692,150,True,evaluated,e95e0c1d9c1c21a132fe60f62f65a36a704381f4ad8cb957f441fb2334caf125,413,0,0,1.0,274,0,0,1.0,True,True,0,0,274,,,,,,,,,,,,,,,,
vae_mu,VAE,vae_reconstruction,,,,,nexus_2k_001843,188,True,evaluated,70ed6bc42a18285f4a6e289327ed823ae6dafe3bf0a78ce64b5fdbcc3a5b4289,576,0,0,1.0,392,11,0,0.9861635220125786,True,False,0,0,410,,,,,,,,,,,,,,,,
vae_mu,VAE,vae_reconstruction,,,,,nexus_2k_000346,192,True,evaluated,696cfbb5f5b3b379a4e5540e4dd55f30fcaf8b4d4ded5f5ca1724edb92c49aaa,570,0,0,1.0,380,0,0,1.0,True,True,0,0,382,,,,,,,,,,,,,,,,
vae_mu,VAE,vae_reconstruction,,,,,nexus_2k_001780,196,True,evaluated,d77b3d2e5892a1931024bec94ee49fb1eb808dcf76f276f550ce5c942e6b1322,576,0,0,1.0,384,0,0,1.0,True,True,0,0,384,,,,,,,,,,,,,,,,
vae_mu,VAE,vae_reconstruction,,,,,nexus_2k_000796,200,True,evaluated,cc1d89f1961bf012e530014d229647946ff00b1cba5c2ccba54e6e40d60c2d6e,634,1,0,0.9992119779353822,468,41,0,0.9580348004094166,False,False,0,0,531,,,,,,,,,,,,,,,,
vae_mu,VAE,vae_reconstruction,,,,,nexus_2k_001085,226,True,evaluated,7de6305675d33c54bc543331b1e1461ab9125fad4179a614767e948baa0cc29d,657,0,0,1.0,432,1,0,0.9988439306358381,True,False,0,0,434,,,,,,,,,,,,,,,,
vae_mu,VAE,vae_reconstruction,,,,,nexus_2k_000020,288,True,evaluated,a727568a9d9e738495fa905ab9062809bbf34bc1a53a8b00002d9b578682d157,811,0,0,1.0,534,1,0,0.9990645463049579,True,False,0,0,550,,,,,,,,,,,,,,,,
vae_mu,VAE,vae_reconstruction,,,,,nexus_2k_000447,332,True,evaluated,b0a5b5bbb19046e2f11d4c977a20912a19672e5ddbf715facf09ede8588958b8,1140,1,0,0.9995615957913196,760,2,0,0.9986859395532195,False,False,0,0,762,,,,,,,,,,,,,,,,
vae_mu,VAE,vae_reconstruction,,,,,nexus_2k_001179,325,True,evaluated,415ac8eb50996cfcca976b46bf5dc29301846a7763f4e3fabab05e26e5a6147d,975,0,0,1.0,650,0,0,1.0,True,True,0,0,651,,,,,,,,,,,,,,,,
vae_mu,VAE,vae_reconstruction,,,,,nexus_2k_000118,362,True,evaluated,1372f5c528a83feb6be2737ca543603784b56c3b21ef4fd0e2faaf5707b740b7,847,0,0,1.0,502,0,0,1.0,True,True,0,0,504,,,,,,,,,,,,,,,,
vae_mu,VAE,vae_reconstruction,,,,,nexus_2k_000074,386,True,evaluated,ca3c321e3b3ccf573c7e04e4ea398eb52c4af6e506acc35294fbedced5d681e9,1152,0,0,1.0,768,0,0,1.0,True,True,0,0,768,,,,,,,,,,,,,,,,
vae_mu,VAE,vae_reconstruction,,,,,nexus_2k_000519,392,True,evaluated,3c9bf271da2e96e054f9817259172b6dc78d933c56896ea88cc877da4182a70c,1133,0,0,1.0,748,0,0,1.0,True,True,0,0,748,,,,,,,,,,,,,,,,
vae_mu,VAE,vae_reconstruction,,,,,nexus_2k_001087,426,True,evaluated,bc4bac109e59a4944142474644b20e38f1b62935ea01affaed1e4133ac08a688,1266,0,0,1.0,843,1,1,0.9988151658767772,True,False,0,1,852,,,,,,,,,,,,,,,,
vae_mu,VAE,vae_reconstruction,,,,,nexus_2k_000053,488,True,evaluated,bb0014d29e8dc232f2f87b4190b716fbaaf3fab08a4b675a1b308310b5f07a20,1458,2,0,0.9993145990404386,972,3,0,0.9984591679506933,False,False,0,0,975,,,,,,,,,,,,,,,,
vae_mu,VAE,vae_reconstruction,,,,,nexus_2k_000675,516,True,evaluated,0e5f8c0f3cca12eb97f417b0b6f9cce4973d564a06e4975fd305c92be3e1b6d7,1542,0,0,1.0,1028,0,0,1.0,True,True,0,0,1034,,,,,,,,,,,,,,,,
vae_mu,VAE,vae_reconstruction,,,,,nexus_2k_001716,534,True,evaluated,e6f6df8eb065f270d60439e0042bc2b2686896d4c85fd7aaa05a896464b866a1,1544,0,0,1.0,1024,10,0,0.9951409135082604,True,False,0,0,1038,,,,,,,,,,,,,,,,
vae_mu,VAE,vae_reconstruction,,,,,nexus_2k_000242,652,True,evaluated,ecf5c013f0d356d056813ecfd5d122c509ec8cb797cfab1d85d3b05f45ffec87,1962,2,0,0.999490575649516,1308,51,0,0.9808773903262092,False,False,0,0,1362,,,,,,,,,,,,,,,,
vae_mu,VAE,vae_reconstruction,,,,,nexus_2k_000823,666,True,evaluated,6a5d288facdb29a4098d69fd2addf81c4af4dfd2b9df0dbed22de39bd42d76ce,1996,0,0,1.0,1330,1,0,0.9996242014280345,True,False,0,0,1333,,,,,,,,,,,,,,,,
vae_mu,VAE,vae_reconstruction,,,,,nexus_2k_001536,728,True,evaluated,7145dc892958c5bfa6d0e875d6c70315c4e3822cdd06ecd1dcf5e4b844129785,2178,0,0,1.0,1452,0,0,1.0,True,True,0,0,1452,,,,,,,,,,,,,,,,
vae_mu,VAE,vae_reconstruction,,,,,nexus_2k_000840,798,True,evaluated,dd041ae8fea52f083e3b8ec873fb5ac5bb41a651c9e5abb2cc745dc3a0baa47a,2337,2,0,0.9995722840034217,1542,3,0,0.9990281827016521,False,False,0,0,1545,,,,,,,,,,,,,,,,
vae_mu,VAE,vae_reconstruction,,,,,nexus_2k_001577,836,True,evaluated,017d13b5453dfb2347c8dec0a129761e3c88d7b648c416b8a181787d3327ffa4,2478,2,0,0.99959661153691,1652,3,0,0.9990928333837314,False,False,0,0,1655,,,,,,,,,,,,,,,,
vae_mu,VAE,vae_reconstruction,,,,,nexus_2k_001216,938,True,evaluated,90a223e1817461852dd3b2a73441074109c473f923d970351b87f63ac85d6442,2765,0,0,1.0,1830,0,0,1.0,True,True,0,0,1830,,,,,,,,,,,,,,,,
vae_mu,VAE,vae_reconstruction,,,,,nexus_2k_001331,969,True,evaluated,ec2a3cc1d65288c1f20ce21c8c806399f078fb6718d8925d68c8899ba15edfe9,2736,4,0,0.9992695398100804,1824,18,0,0.9950900163666121,False,False,0,0,1845,,,,,,,,,,,,,,,,
vae_mu,VAE,vae_reconstruction,,,,,nexus_2k_000142,1029,True,evaluated,39526e2ca82dde1bd8c795e6b0234509a28003debb5d9866697f58b7e707d7df,3021,0,0,1.0,2002,0,0,1.0,True,True,0,0,2002,,,,,,,,,,,,,,,,
vae_mu,VAE,vae_reconstruction,,,,,nexus_2k_001550,1137,True,evaluated,9c224e218bcd815901dd3349190fc0801460c38f321b0a76e809c6e2d34e90ab,3429,5,0,0.999271455631648,2312,18,0,0.996122361051271,False,False,0,0,2337,,,,,,,,,,,,,,,,
vae_mu,VAE,vae_reconstruction,,,,,nexus_2k_000872,1215,True,evaluated,3ba6784be2ac2c01c16af2e793450529b4ea785180f67547d7e3348fd4a5f11c,3438,2,0,0.9997092177958709,2240,92,0,0.9798775153105862,False,False,0,0,2332,,,,,,,,,,,,,,,,
vae_mu,VAE,vae_reconstruction,,,,,nexus_2k_000952,1251,True,evaluated,eb3fb6df5f687120d64bb25f289ec85ed74805456c5de8af0493c6dfccae4012,3741,2,0,0.9997327632282202,2494,2,0,0.9995991983967936,False,False,0,0,2498,,,,,,,,,,,,,,,,
vae_mu,VAE,vae_reconstruction,,,,,nexus_2k_001825,1277,True,evaluated,b16870bf56a121c99050920c736efcddd1d6003d72f8e18e4b6510fcb6bfced4,3452,4,0,0.9994209612044007,2274,7,0,0.9984632272228321,False,False,0,0,2283,,,,,,,,,,,,,,,,
vae_mu,VAE,vae_reconstruction,,,,,nexus_2k_001483,1418,True,evaluated,93b0fac8e5ee95f76a9cfc25e5778d75b7048163566486df0f4e9ab1d577899a,4206,0,0,1.0,2804,0,0,1.0,True,True,0,0,2804,,,,,,,,,,,,,,,,
vae_mu,VAE,vae_reconstruction,,,,,nexus_2k_001439,1446,True,evaluated,f930ba6c939ddba0f58cdbc2298091876c9f80844717c7617d961c523a4f0660,4351,2,0,0.9997702205882353,2900,4,0,0.9993108201240524,False,False,0,0,2908,,,,,,,,,,,,,,,,
vae_mu,VAE,vae_reconstruction,,,,,nexus_2k_001178,1458,True,evaluated,42e05beb98335433b476bce216d4eb29418388b86dce19443c0342580e3bf208,4325,1,1,0.9997688395746648,2872,2,3,0.99913028352757,False,False,2,1,2875,,,,,,,,,,,,,,,,
vae_mu,VAE,vae_reconstruction,,,,,nexus_2k_001317,1536,True,evaluated,03a515f12c2fbae7b83d87d335cea1f5e814098f814fe1da15c776fdc0dd801a,4362,5,0,0.9994271967006529,2904,94,0,0.9840731955269401,False,False,0,0,2998,,,,,,,,,,,,,,,,
vae_mu,VAE,vae_reconstruction,,,,,nexus_2k_000869,1590,True,evaluated,32f14c8892eeae416eee4056289157ef57a70efe955b02dc8b91acced511a00f,4410,2,0,0.9997732940376332,2940,2,0,0.999659979598776,False,False,0,0,2942,,,,,,,,,,,,,,,,
vae_mu,VAE,vae_reconstruction,,,,,nexus_2k_001415,1609,True,evaluated,0e25e01c3be366ccf16623ac31e93ee30ffe65f19f8d0c9548cf31c8654f032f,4755,3,0,0.9996846420687481,3170,157,0,0.975835000769586,False,False,0,0,3327,,,,,,,,,,,,,,,,
vae_mu,VAE,vae_reconstruction,,,,,nexus_2k_000283,1644,True,evaluated,bbda723beb12e8d5e59720536c2cca2a296bc32364c613553ca0efd6c1fc94c8,4919,4,0,0.999593578540947,3269,6,0,0.9990831295843521,False,False,0,0,3278,,,,,,,,,,,,,,,,
vae_mu,VAE,vae_reconstruction,,,,,nexus_2k_000935,1713,True,evaluated,f0f02c9d19f5a1b9fabb2649ca7d48589377aeb9f0ededfde71f8b9223fcba0b,4937,2,0,0.9997974888618874,3261,48,0,0.9926940639269406,False,False,0,0,3310,,,,,,,,,,,,,,,,
vae_mu,VAE,vae_reconstruction,,,,,nexus_2k_000815,1735,True,evaluated,41fb59530fe890015067353bf7c2646e54aa4d0f9740f411732884e4c8128517,5032,2,0,0.9998013113451222,3336,11,0,0.9983540326200808,False,False,0,0,3347,,,,,,,,,,,,,,,,
vae_mu,VAE,vae_reconstruction,,,,,nexus_2k_000800,1829,True,evaluated,7fabf74d85dcf89eddf91f32eada4da6f2d15072b8f70aa5520ccc4e78fbc3f7,5483,6,2,0.9992710041917259,3654,121,4,0.9831831023812727,False,False,4,0,3776,,,,,,,,,,,,,,,,
vae_mu,VAE,vae_reconstruction,,,,,nexus_2k_001211,1830,True,evaluated,09a2a4fe733eca139da51dbab65dce286c40838c254589d0c3437a4c975d003c,5407,4,0,0.9996302458864855,3597,12,0,0.9983347210657785,False,False,0,0,3615,,,,,,,,,,,,,,,,
vae_mu,VAE,vae_reconstruction,,,,,nexus_2k_001093,1964,True,evaluated,7fb6d201203dc1a3ac5c0d5a45da53bd1ca2cad7ab08e198676c2e1a10e0cbd4,5733,7,0,0.9993898718730934,3800,23,0,0.9969828151646334,False,False,0,0,3827,,,,,,,,,,,,,,,,
vae_mu,VAE,vae_reconstruction,,,,,nexus_2k_000783,2172,True,evaluated,f226438d25666da5ad60ca13b68c1c57f12ca4d462c999299d021c64bfb518da,6419,10,0,0.9992216687422167,4270,9,0,0.998947245291847,False,False,0,0,4279,,,,,,,,,,,,,,,,
vae_mu,VAE,vae_reconstruction,,,,,nexus_2k_000083,2238,True,evaluated,ed75a53ca758a58aef624ac5db71cdd80eeb4070df57539ddc87bc99c243936a,6140,6,1,0.9994302921787255,3957,45,2,0.9940962190679563,False,False,2,0,4002,,,,,,,,,,,,,,,,
vae_mu,VAE,vae_reconstruction,,,,,nexus_2k_001792,2244,True,evaluated,c7d93c88275304dc719be3897e9ace91e2c38889ab5a7edf8ccfb8502bb1e573,6647,5,0,0.9996240318820964,4393,5,0,0.9994312364918667,False,False,0,0,4405,,,,,,,,,,,,,,,,
vae_mu,VAE,vae_reconstruction,,,,,nexus_2k_000280,2279,True,evaluated,bd357e0f3e4d6893f1ffb046918ae1884ad4658782ac39e3d37b70de8350d068,6829,9,0,0.9993414794761103,4544,28,0,0.9969284774023695,False,False,0,0,4573,,,,,,,,,,,,,,,,
vae_mu,VAE,vae_reconstruction,,,,,nexus_2k_000167,2273,True,evaluated,8ea671a69d5e5691ffd7517346c913fd08da520c4e34feafe4ae8ebf268c9a58,6682,8,0,0.9994017349685911,4412,12,0,0.9986419194205522,False,False,0,0,4424,,,,,,,,,,,,,,,,
vae_mu,VAE,vae_reconstruction,,,,,nexus_2k_001232,2398,True,evaluated,40fd2ea5efeaf8e74d4f634cbc2d98b748cf2b9e8ab53dfc0ab378824fb26613,7589,14,1,0.9990127032185875,5192,17,2,0.9981736037681438,False,False,2,0,5213,,,,,,,,,,,,,,,,
vae_mu,VAE,vae_reconstruction,,,,,nexus_2k_000898,2547,True,evaluated,07e796f7603b9a267023cedf3a38288ada4c7b952ea7873198657ec0fbcf6c7a,7344,8,0,0.9994556341861731,4800,9,0,0.9990633780830471,False,False,0,0,4809,,,,,,,,,,,,,,,,
vae_posterior_seed0,VAE,vae_reconstruction,,,,,nexus_2k_001150,18,True,evaluated,ed1d8e72549c1182b355c551ef42d701848755804bd6b675b7b37dec6985986b,42,0,0,1.0,28,0,0,1.0,True,True,0,0,29,,,,,,,,,,,,,,,,
vae_posterior_seed0,VAE,vae_reconstruction,,,,,nexus_2k_001045,54,True,evaluated,dc15c31a05442e5e9cf47f8b8528bcca081378afb6f9ea3debac7e02224e54f2,156,0,0,1.0,104,0,0,1.0,True,True,0,0,104,,,,,,,,,,,,,,,,
vae_posterior_seed0,VAE,vae_reconstruction,,,,,nexus_2k_000084,128,True,evaluated,203a4c69d206573f72f0c9e03d89c00752d35b9afcc5b87df4da03b06dee1d8c,378,0,0,1.0,252,0,0,1.0,True,True,0,0,252,,,,,,,,,,,,,,,,
vae_posterior_seed0,VAE,vae_reconstruction,,,,,nexus_2k_001692,150,True,evaluated,5450a23f200bd6bdcfc64a86e96a7dd649c078df9bebda3086f26bd713b22103,413,0,0,1.0,274,0,0,1.0,True,True,0,0,274,,,,,,,,,,,,,,,,
vae_posterior_seed0,VAE,vae_reconstruction,,,,,nexus_2k_001843,188,True,evaluated,8211897076536f552472e3e9f74e1f6d38595c2445640e2699e686081eac14b1,576,0,0,1.0,392,11,0,0.9861635220125786,True,False,0,0,410,,,,,,,,,,,,,,,,
vae_posterior_seed0,VAE,vae_reconstruction,,,,,nexus_2k_000346,192,True,evaluated,53fd016694f17b744d20404bcf4ba7ccc797dd00c7f3d13c11be7282063f3bf5,570,0,0,1.0,380,0,0,1.0,True,True,0,0,382,,,,,,,,,,,,,,,,
vae_posterior_seed0,VAE,vae_reconstruction,,,,,nexus_2k_001780,196,True,evaluated,b91877181a8f9eebe592bf8d3621abb8d93840f5e0ea23851d23e2d8fe974f52,576,0,0,1.0,384,0,0,1.0,True,True,0,0,384,,,,,,,,,,,,,,,,
vae_posterior_seed0,VAE,vae_reconstruction,,,,,nexus_2k_000796,200,True,evaluated,a8e2822c84c9836a9e94186e42639cea51fffe477b3a28497280eac082829ca6,634,1,0,0.9992119779353822,468,41,0,0.9580348004094166,False,False,0,0,531,,,,,,,,,,,,,,,,
vae_posterior_seed0,VAE,vae_reconstruction,,,,,nexus_2k_001085,226,True,evaluated,64fac124ad78f123c3eea6a1e92c720fde7f23bd4e4802d35b36ce5c53345f52,657,0,0,1.0,432,1,0,0.9988439306358381,True,False,0,0,434,,,,,,,,,,,,,,,,
vae_posterior_seed0,VAE,vae_reconstruction,,,,,nexus_2k_000020,288,True,evaluated,9d60a1806281249d42078dfb33d49f16203b1841a2f26ad16dfd77364b846fae,811,0,0,1.0,534,1,0,0.9990645463049579,True,False,0,0,550,,,,,,,,,,,,,,,,
vae_posterior_seed0,VAE,vae_reconstruction,,,,,nexus_2k_000447,332,True,evaluated,baa97c941ce98161f944dd73b3f7c1e8eb0368f973e15c12ffc449b9d910e75b,1140,2,0,0.9991235758106923,760,4,0,0.9973753280839895,False,False,0,0,764,,,,,,,,,,,,,,,,
vae_posterior_seed0,VAE,vae_reconstruction,,,,,nexus_2k_001179,325,True,evaluated,c7c50d6dddc1f04b4cbb19f86c4842cfcf182559c38b8c98faac5f93bdd6f891,975,0,0,1.0,650,0,0,1.0,True,True,0,0,651,,,,,,,,,,,,,,,,
vae_posterior_seed0,VAE,vae_reconstruction,,,,,nexus_2k_000118,362,True,evaluated,9d8e485398dea9a84261e8e853af79d999ffce5b64224d1eca63eea63a1ca392,847,0,0,1.0,502,0,0,1.0,True,True,0,0,504,,,,,,,,,,,,,,,,
vae_posterior_seed0,VAE,vae_reconstruction,,,,,nexus_2k_000074,386,True,evaluated,7a240e20df05b72fe7efb4ca732658aedd35a6b89585a186c101b3ea0b8d7322,1152,0,0,1.0,768,0,0,1.0,True,True,0,0,768,,,,,,,,,,,,,,,,
vae_posterior_seed0,VAE,vae_reconstruction,,,,,nexus_2k_000519,392,True,evaluated,9e50c2aa42dbe70f62dae59b2c94895176ed9503389ea2f5051d031f9be6fd88,1133,0,0,1.0,748,0,0,1.0,True,True,0,0,748,,,,,,,,,,,,,,,,
vae_posterior_seed0,VAE,vae_reconstruction,,,,,nexus_2k_001087,426,True,evaluated,c7e500ff8238bf6ded26a68ff52cd0224c77555a4f620c57658b443ee775d52a,1266,0,0,1.0,843,1,1,0.9988151658767772,True,False,0,1,852,,,,,,,,,,,,,,,,
vae_posterior_seed0,VAE,vae_reconstruction,,,,,nexus_2k_000053,488,True,evaluated,0d94d9edb39fb84e180792b7b8c88ea87bd8e3ee72404341a958ae89225b8a97,1458,1,0,0.9996571820363387,972,1,0,0.9994858611825193,False,False,0,0,973,,,,,,,,,,,,,,,,
vae_posterior_seed0,VAE,vae_reconstruction,,,,,nexus_2k_000675,516,True,evaluated,24bce61a6f6b638adc29d77175847d7533cb6ec3dcf83421bed2a04262fa2264,1542,0,0,1.0,1028,0,0,1.0,True,True,0,0,1034,,,,,,,,,,,,,,,,
vae_posterior_seed0,VAE,vae_reconstruction,,,,,nexus_2k_001716,534,True,evaluated,e6b2d0185882d1c265bef9fd82151ee51c070cf3b5597d15ba6dc3899d606ef8,1544,0,0,1.0,1024,10,0,0.9951409135082604,True,False,0,0,1038,,,,,,,,,,,,,,,,
vae_posterior_seed0,VAE,vae_reconstruction,,,,,nexus_2k_000242,652,True,evaluated,a9079a8724ee4fc1b5a69c928e2a8981f543ac09f16febe9787c4c6263e70eee,1962,2,0,0.999490575649516,1308,51,0,0.9808773903262092,False,False,0,0,1362,,,,,,,,,,,,,,,,
vae_posterior_seed0,VAE,vae_reconstruction,,,,,nexus_2k_000823,666,True,evaluated,5f7f1e2d5e4d2e2dfddffb24afa892ebceee890ae75be840b8f282635087a2f7,1996,0,0,1.0,1330,1,0,0.9996242014280345,True,False,0,0,1333,,,,,,,,,,,,,,,,
vae_posterior_seed0,VAE,vae_reconstruction,,,,,nexus_2k_001536,728,True,evaluated,fe5af363c4c8f4e5cdaf562aaf52aab81ebfabac9de176f2647ccf083bce49b8,2178,0,0,1.0,1452,0,0,1.0,True,True,0,0,1452,,,,,,,,,,,,,,,,
vae_posterior_seed0,VAE,vae_reconstruction,,,,,nexus_2k_000840,798,True,evaluated,60aa5a38646429976212f0b56610670118bb4aba7b0561ed1be2dc595ca1ea6e,2337,3,0,0.9993585631815266,1542,4,0,0.9987046632124352,False,False,0,0,1546,,,,,,,,,,,,,,,,
vae_posterior_seed0,VAE,vae_reconstruction,,,,,nexus_2k_001577,836,True,evaluated,b47c710cd50eda916321728b3677b3b4f1002dbac4f106e99b40cca86ff6d7a6,2478,2,0,0.99959661153691,1652,3,0,0.9990928333837314,False,False,0,0,1655,,,,,,,,,,,,,,,,
vae_posterior_seed0,VAE,vae_reconstruction,,,,,nexus_2k_001216,938,True,evaluated,6a4f61549d8a5298fb921b364007ced08082c06fdfdd4dea34b067ce5403fdec,2765,0,0,1.0,1830,0,0,1.0,True,True,0,0,1830,,,,,,,,,,,,,,,,
vae_posterior_seed0,VAE,vae_reconstruction,,,,,nexus_2k_001331,969,True,evaluated,801d13e0fb86402ad1df3faca9ad2beed43dfd337b71ce81f3ae7f43c2a62e0a,2736,4,0,0.9992695398100804,1824,18,0,0.9950900163666121,False,False,0,0,1845,,,,,,,,,,,,,,,,
vae_posterior_seed0,VAE,vae_reconstruction,,,,,nexus_2k_000142,1029,True,evaluated,e08316a60ad8ae130fd4ad9ff47e4b38b019cfcd8efc748798869b3c5a244bad,3021,0,0,1.0,2002,0,0,1.0,True,True,0,0,2002,,,,,,,,,,,,,,,,
vae_posterior_seed0,VAE,vae_reconstruction,,,,,nexus_2k_001550,1137,True,evaluated,5e56ab45fe82a834cc1ed2b9097c03d533611290628a46f4b6ce519a173b917d,3429,3,0,0.9995627459554001,2312,17,0,0.9963369963369964,False,False,0,0,2335,,,,,,,,,,,,,,,,
vae_posterior_seed0,VAE,vae_reconstruction,,,,,nexus_2k_000872,1215,True,evaluated,23ba0e55095b12830d038a4eeaf11d43b0a050e011ff33b640dd5c3e7caaa6a3,3438,1,0,0.9998545877562891,2240,90,0,0.9803063457330415,False,False,0,0,2330,,,,,,,,,,,,,,,,
vae_posterior_seed0,VAE,vae_reconstruction,,,,,nexus_2k_000952,1251,True,evaluated,b6a3780f08e4ef1a19b0221751f03ab291c0b5654d15b79d92364871134218e6,3741,2,0,0.9997327632282202,2494,2,0,0.9995991983967936,False,False,0,0,2498,,,,,,,,,,,,,,,,
vae_posterior_seed0,VAE,vae_reconstruction,,,,,nexus_2k_001825,1277,True,evaluated,86028c713a861d9a03ea37d248f1b31b468510989aa1ddb4d645dea9cf00159d,3452,4,0,0.9994209612044007,2274,7,0,0.9984632272228321,False,False,0,0,2283,,,,,,,,,,,,,,,,
vae_posterior_seed0,VAE,vae_reconstruction,,,,,nexus_2k_001483,1418,True,evaluated,4000daacda4c755eafb76f07268765a3965293d4c352c467350cf55545ceec84,4206,0,0,1.0,2804,0,0,1.0,True,True,0,0,2804,,,,,,,,,,,,,,,,
vae_posterior_seed0,VAE,vae_reconstruction,,,,,nexus_2k_001439,1446,True,evaluated,287512a7370baad165d6e47b4ac0f8fa09dccb31e497bbf1af49c577b58ff7bf,4351,2,0,0.9997702205882353,2900,4,0,0.9993108201240524,False,False,0,0,2908,,,,,,,,,,,,,,,,
vae_posterior_seed0,VAE,vae_reconstruction,,,,,nexus_2k_001178,1458,True,evaluated,09edd8cb56cb1f6fa765672e948b8f99ffc1769ff813151acea5697e7d9f9a14,4325,1,1,0.9997688395746648,2872,2,3,0.99913028352757,False,False,2,1,2875,,,,,,,,,,,,,,,,
vae_posterior_seed0,VAE,vae_reconstruction,,,,,nexus_2k_001317,1536,True,evaluated,e48fd0c3746df60bf139cc821f816f1624a39b10a135aba1406325cc10a652ca,4362,5,0,0.9994271967006529,2904,95,0,0.9839064882263256,False,False,0,0,2999,,,,,,,,,,,,,,,,
vae_posterior_seed0,VAE,vae_reconstruction,,,,,nexus_2k_000869,1590,True,evaluated,489e2df4400ce793a3953ebd831e643219df320120e68e841ccd539b0b5702a1,4410,2,0,0.9997732940376332,2940,2,0,0.999659979598776,False,False,0,0,2942,,,,,,,,,,,,,,,,
vae_posterior_seed0,VAE,vae_reconstruction,,,,,nexus_2k_001415,1609,True,evaluated,83f2a8d1f7e8eeed5e2b08c12805a6c97056a0c2b16d4e6a6bd3090ff9e402d3,4755,3,0,0.9996846420687481,3170,157,0,0.975835000769586,False,False,0,0,3327,,,,,,,,,,,,,,,,
vae_posterior_seed0,VAE,vae_reconstruction,,,,,nexus_2k_000283,1644,True,evaluated,2b95f72e15728dcdc05ae4b79bc3d9fd05e1c621a78bcf78df5466d194ab48d6,4919,4,0,0.999593578540947,3269,6,0,0.9990831295843521,False,False,0,0,3278,,,,,,,,,,,,,,,,
vae_posterior_seed0,VAE,vae_reconstruction,,,,,nexus_2k_000935,1713,True,evaluated,3da446663f16f2298a2da721459c5d6c59e832c5c42660bb28d56380f4adada6,4937,2,0,0.9997974888618874,3261,49,0,0.9925429919342565,False,False,0,0,3311,,,,,,,,,,,,,,,,
vae_posterior_seed0,VAE,vae_reconstruction,,,,,nexus_2k_000815,1735,True,evaluated,05dcdf1cbf15ddcb35168af73096986fbb47479babdea3d24f25a33e44e5f050,5032,2,0,0.9998013113451222,3336,11,0,0.9983540326200808,False,False,0,0,3347,,,,,,,,,,,,,,,,
vae_posterior_seed0,VAE,vae_reconstruction,,,,,nexus_2k_000800,1829,True,evaluated,4e54a8148823ec3999e91a375fbaacd6dbac9b7b8952f75a7aa69761ff41ce19,5483,5,2,0.9993620705367721,3654,120,4,0.9833153928955867,False,False,4,0,3775,,,,,,,,,,,,,,,,
vae_posterior_seed0,VAE,vae_reconstruction,,,,,nexus_2k_001211,1830,True,evaluated,451d1aeb6c5a2c1d35da9006333e1ace016d1e9b4cce22ba4775abc6293571e1,5407,4,0,0.9996302458864855,3597,11,0,0.9984732824427481,False,False,0,0,3615,,,,,,,,,,,,,,,,
vae_posterior_seed0,VAE,vae_reconstruction,,,,,nexus_2k_001093,1964,True,evaluated,b0b7b8d59d0b5afd3a905831414cae2059993a79ea3c9307591e661e029e8236,5733,7,0,0.9993898718730934,3800,23,0,0.9969828151646334,False,False,0,0,3827,,,,,,,,,,,,,,,,
vae_posterior_seed0,VAE,vae_reconstruction,,,,,nexus_2k_000783,2172,True,evaluated,1c2ac087921749d2f8a776bb471db1ce3ec06007cb3a921089b93c4514b07248,6419,10,0,0.9992216687422167,4270,9,0,0.998947245291847,False,False,0,0,4279,,,,,,,,,,,,,,,,
vae_posterior_seed0,VAE,vae_reconstruction,,,,,nexus_2k_000083,2238,True,evaluated,595f9ba6a4ce6fe1dc96890f67d23e2af299ae74e23676de8b785a4e2c71ab2e,6140,7,1,0.9993489583333334,3957,46,2,0.9939713639788997,False,False,2,0,4003,,,,,,,,,,,,,,,,
vae_posterior_seed0,VAE,vae_reconstruction,,,,,nexus_2k_001792,2244,True,evaluated,936dff9eb73869474eb0ffd787d036c4bf69d5ebc21a996328ea09e3c57887bd,6647,4,0,0.9996992028876522,4393,4,0,0.9995449374288965,False,False,0,0,4404,,,,,,,,,,,,,,,,
vae_posterior_seed0,VAE,vae_reconstruction,,,,,nexus_2k_000280,2279,True,evaluated,cce79a41b9df9afcc9fc5f66d908e589648cbcecb15869e228a7d38fe6835e43,6829,8,0,0.9994146055905166,4544,28,0,0.9969284774023695,False,False,0,0,4573,,,,,,,,,,,,,,,,
vae_posterior_seed0,VAE,vae_reconstruction,,,,,nexus_2k_000167,2273,True,evaluated,fedf4447a35b31b97219c11bcfaf14f791b6586ad2b05652ad90443e21c0d650,6682,7,0,0.9994764789469748,4412,11,0,0.9987549518958687,False,False,0,0,4423,,,,,,,,,,,,,,,,
vae_posterior_seed0,VAE,vae_reconstruction,,,,,nexus_2k_001232,2398,True,evaluated,e64cdd13b2aa344879dc8948a0576c55afb802918ee4498913a9b803ed65ca03,7589,14,1,0.9990127032185875,5192,16,2,0.998269563545472,False,False,2,0,5212,,,,,,,,,,,,,,,,
vae_posterior_seed0,VAE,vae_reconstruction,,,,,nexus_2k_000898,2547,True,evaluated,58d759135d2fca946a91c6385abfdca9978dde9db5da9eb64d934f9bc778b3cd,7343,11,1,0.9991835623894407,4798,12,2,0.9985431841831426,False,False,2,0,4810,,,,,,,,,,,,,,,,
vae_posterior_seed1,VAE,vae_reconstruction,,,,,nexus_2k_001150,18,True,evaluated,4af5bc0f9dea5d0b7ed107174dec906f79ace2c8798428c8a1ece5bab2e35625,42,0,0,1.0,28,0,0,1.0,True,True,0,0,29,,,,,,,,,,,,,,,,
vae_posterior_seed1,VAE,vae_reconstruction,,,,,nexus_2k_001045,54,True,evaluated,b21c92332b10f4c4f350d30478742793b76b0066973f30df0e41743ec94b9a5d,156,0,0,1.0,104,0,0,1.0,True,True,0,0,104,,,,,,,,,,,,,,,,
vae_posterior_seed1,VAE,vae_reconstruction,,,,,nexus_2k_000084,128,True,evaluated,5b1180f139a354bed176df7715d30ae92f00168e0dbd7682404c615f93eb9226,378,0,0,1.0,252,0,0,1.0,True,True,0,0,252,,,,,,,,,,,,,,,,
vae_posterior_seed1,VAE,vae_reconstruction,,,,,nexus_2k_001692,150,True,evaluated,464ac7264a93cc4e2a273ccabbb85e3d97f191824b673c0f64063cc4bad806a2,413,0,0,1.0,274,0,0,1.0,True,True,0,0,274,,,,,,,,,,,,,,,,
vae_posterior_seed1,VAE,vae_reconstruction,,,,,nexus_2k_001843,188,True,evaluated,d91660a983660ca8e90902eb2d181c0068c243ce9cda3525ba0845e376b5a2f5,576,0,0,1.0,392,11,0,0.9861635220125786,True,False,0,0,410,,,,,,,,,,,,,,,,
vae_posterior_seed1,VAE,vae_reconstruction,,,,,nexus_2k_000346,192,True,evaluated,e36702b2c7344507aeb8b9f2306a36481c509ac9b9ee6f88667c7e1d3da38bb8,570,0,0,1.0,380,0,0,1.0,True,True,0,0,382,,,,,,,,,,,,,,,,
vae_posterior_seed1,VAE,vae_reconstruction,,,,,nexus_2k_001780,196,True,evaluated,390147c6a6dd3bb2369a5fa9d6ff86c7014bb17bec1528af848596150860e0b7,576,0,0,1.0,384,0,0,1.0,True,True,0,0,384,,,,,,,,,,,,,,,,
vae_posterior_seed1,VAE,vae_reconstruction,,,,,nexus_2k_000796,200,True,evaluated,8d90390efdf755031c4b4cc63beb50cfae2b5af47ba7e91f2b0dc5aad730a3d3,634,1,0,0.9992119779353822,468,41,0,0.9580348004094166,False,False,0,0,531,,,,,,,,,,,,,,,,
vae_posterior_seed1,VAE,vae_reconstruction,,,,,nexus_2k_001085,226,True,evaluated,0e390bdc1ef6b41d6855504343a5f3da264b8b8bd6523785ca9955d089af0689,657,0,0,1.0,432,1,0,0.9988439306358381,True,False,0,0,434,,,,,,,,,,,,,,,,
vae_posterior_seed1,VAE,vae_reconstruction,,,,,nexus_2k_000020,288,True,evaluated,5a617611bd8e7216f6098e1692f7569864648305439aa3fb7f3b99933cd4042f,811,0,0,1.0,534,2,0,0.9981308411214953,True,False,0,0,550,,,,,,,,,,,,,,,,
vae_posterior_seed1,VAE,vae_reconstruction,,,,,nexus_2k_000447,332,True,evaluated,1a99e5613379069502d0c75e64df9682e02d360dd53d47db3f7ab2981bfb2f6f,1140,2,0,0.9991235758106923,760,4,0,0.9973753280839895,False,False,0,0,764,,,,,,,,,,,,,,,,
vae_posterior_seed1,VAE,vae_reconstruction,,,,,nexus_2k_001179,325,True,evaluated,3801df2aa9eb71f28e89abde273f13c74a22a9443af0bd68e66050cb63b7084b,975,0,0,1.0,650,0,0,1.0,True,True,0,0,651,,,,,,,,,,,,,,,,
vae_posterior_seed1,VAE,vae_reconstruction,,,,,nexus_2k_000118,362,True,evaluated,88302c654fab8d47cf7ec79e8f6216264d69256ff108428a9fe9087de039c505,847,0,0,1.0,502,0,0,1.0,True,True,0,0,504,,,,,,,,,,,,,,,,
vae_posterior_seed1,VAE,vae_reconstruction,,,,,nexus_2k_000074,386,True,evaluated,b2abcb67cac5ec6bf19f4d55e5a00fc1b7dd08d097336b800ae9706c7efc1d6f,1152,0,0,1.0,768,0,0,1.0,True,True,0,0,768,,,,,,,,,,,,,,,,
vae_posterior_seed1,VAE,vae_reconstruction,,,,,nexus_2k_000519,392,True,evaluated,92683bc6a72450d0fbc59b214b0f41529a898bb8abb9e93ae58636bc6a10db40,1133,0,0,1.0,748,0,0,1.0,True,True,0,0,748,,,,,,,,,,,,,,,,
vae_posterior_seed1,VAE,vae_reconstruction,,,,,nexus_2k_001087,426,True,evaluated,01a6f69cbe40e861da4c4596cc2667ae383831918ce89b2aaa1257ae7c638508,1266,0,0,1.0,843,1,1,0.9988151658767772,True,False,0,1,852,,,,,,,,,,,,,,,,
vae_posterior_seed1,VAE,vae_reconstruction,,,,,nexus_2k_000053,488,True,evaluated,8d6cd60b507d6d578fdc48be7d79364f614379c70dcc9cd5d8efdfb82b2a187e,1458,1,0,0.9996571820363387,972,1,0,0.9994858611825193,False,False,0,0,973,,,,,,,,,,,,,,,,
vae_posterior_seed1,VAE,vae_reconstruction,,,,,nexus_2k_000675,516,True,evaluated,509c54abdc99b7eb980e963886b43c47a5cb87066a80b7dae586ae1728a1f634,1542,0,0,1.0,1028,0,0,1.0,True,True,0,0,1034,,,,,,,,,,,,,,,,
vae_posterior_seed1,VAE,vae_reconstruction,,,,,nexus_2k_001716,534,True,evaluated,b0953ad382b8aa143087d7cb22ff2bb4ffb4b99becc84b93f86b4a9be16d306c,1544,0,0,1.0,1024,11,0,0.9946576007770762,True,False,0,0,1038,,,,,,,,,,,,,,,,
vae_posterior_seed1,VAE,vae_reconstruction,,,,,nexus_2k_000242,652,True,evaluated,74b3a2fb5266a3b51e3114acb72eae2f7b295f5e710f602a867e8a7af908a54e,1962,2,0,0.999490575649516,1308,52,0,0.9805097451274363,False,False,0,0,1362,,,,,,,,,,,,,,,,
vae_posterior_seed1,VAE,vae_reconstruction,,,,,nexus_2k_000823,666,True,evaluated,dd03540a967183a5e43e6193a569b780273d156a472a0944e83314d6683c7114,1996,1,0,0.9997495617330328,1330,3,0,0.9988734509951183,False,False,0,0,1335,,,,,,,,,,,,,,,,
vae_posterior_seed1,VAE,vae_reconstruction,,,,,nexus_2k_001536,728,True,evaluated,ae3116fa1afcf36461ecb85a0bef8122452ce04c2c5b54f3eee4a45925b0879d,2178,0,0,1.0,1452,0,0,1.0,True,True,0,0,1452,,,,,,,,,,,,,,,,
vae_posterior_seed1,VAE,vae_reconstruction,,,,,nexus_2k_000840,798,True,evaluated,c0bea91d9d9624b4238055349e866ca5bd80b11bf5ec8f2912751c3732981b26,2337,2,0,0.9995722840034217,1542,3,0,0.9990281827016521,False,False,0,0,1545,,,,,,,,,,,,,,,,
vae_posterior_seed1,VAE,vae_reconstruction,,,,,nexus_2k_001577,836,True,evaluated,f9462df862e5d0b1958b9e066ea0a8651f5ce839aa476ff7b8a13bd0fb696c73,2478,2,0,0.99959661153691,1652,3,0,0.9990928333837314,False,False,0,0,1655,,,,,,,,,,,,,,,,
vae_posterior_seed1,VAE,vae_reconstruction,,,,,nexus_2k_001216,938,True,evaluated,7fb2d92f78f64711e310dc82e68d33dc98b408ff88a0d29592b63c7d808237c4,2765,0,0,1.0,1830,0,0,1.0,True,True,0,0,1830,,,,,,,,,,,,,,,,
vae_posterior_seed1,VAE,vae_reconstruction,,,,,nexus_2k_001331,969,True,evaluated,7e4a3db84ba5d1a9b2d872c82a5d81536d062485bc8f3fc634a9efb2480d368d,2736,4,0,0.9992695398100804,1824,18,0,0.9950900163666121,False,False,0,0,1845,,,,,,,,,,,,,,,,
vae_posterior_seed1,VAE,vae_reconstruction,,,,,nexus_2k_000142,1029,True,evaluated,f947e96826bbf95444ca29c8bd719b71397ad22b77886f1d66a8e60e77876ffa,3021,0,0,1.0,2002,0,0,1.0,True,True,0,0,2002,,,,,,,,,,,,,,,,
vae_posterior_seed1,VAE,vae_reconstruction,,,,,nexus_2k_001550,1137,True,evaluated,00a578ddf47bcc5b4c0d079fba49fcbbbe686be6bd7ac9a25e587771d3621806,3429,5,0,0.999271455631648,2312,19,0,0.9959078182209778,False,False,0,0,2337,,,,,,,,,,,,,,,,
vae_posterior_seed1,VAE,vae_reconstruction,,,,,nexus_2k_000872,1215,True,evaluated,6721c64ee6f36a17fc8ce15d6f92eb7000a40d2462a81d66c97bff5d187336a6,3438,1,0,0.9998545877562891,2240,90,0,0.9803063457330415,False,False,0,0,2330,,,,,,,,,,,,,,,,
vae_posterior_seed1,VAE,vae_reconstruction,,,,,nexus_2k_000952,1251,True,evaluated,e3fbf2e58c2780640e7938e9a42b108aad03c1af992e08624277cc8f761747b4,3741,2,0,0.9997327632282202,2494,2,0,0.9995991983967936,False,False,0,0,2498,,,,,,,,,,,,,,,,
vae_posterior_seed1,VAE,vae_reconstruction,,,,,nexus_2k_001825,1277,True,evaluated,66445e948b7fe73c6eab5426c371e19195afbd752aa9e6a31c75a9fcc86b8c18,3452,4,0,0.9994209612044007,2274,7,0,0.9984632272228321,False,False,0,0,2283,,,,,,,,,,,,,,,,
vae_posterior_seed1,VAE,vae_reconstruction,,,,,nexus_2k_001483,1418,True,evaluated,8efac2a02212e1902bbd17c920c92f24885ebad54a23fe078f455de8cdc0d043,4206,1,0,0.9998811363366219,2804,2,0,0.9996434937611408,False,False,0,0,2806,,,,,,,,,,,,,,,,
vae_posterior_seed1,VAE,vae_reconstruction,,,,,nexus_2k_001439,1446,True,evaluated,836378eb01c00f1bc83f648d14c0a889211bd8aa8f283e18a0e7924d0c992613,4351,2,0,0.9997702205882353,2900,4,0,0.9993108201240524,False,False,0,0,2908,,,,,,,,,,,,,,,,
vae_posterior_seed1,VAE,vae_reconstruction,,,,,nexus_2k_001178,1458,True,evaluated,9735dac40b93a1809fd6e85a28ee03b2c8c43af4e5689517bb2fb1d3899b4915,4325,1,1,0.9997688395746648,2872,2,3,0.99913028352757,False,False,2,1,2875,,,,,,,,,,,,,,,,
vae_posterior_seed1,VAE,vae_reconstruction,,,,,nexus_2k_001317,1536,True,evaluated,92d39859b5d34baa615a75797e1242faa504a3bc64eefac361537654b0dd6c75,4362,5,0,0.9994271967006529,2904,95,0,0.9839064882263256,False,False,0,0,2999,,,,,,,,,,,,,,,,
vae_posterior_seed1,VAE,vae_reconstruction,,,,,nexus_2k_000869,1590,True,evaluated,5ccfa143173cc5188f85f0b6b392aea282721944556825d4a6aa3745ac103581,4410,2,0,0.9997732940376332,2940,2,0,0.999659979598776,False,False,0,0,2942,,,,,,,,,,,,,,,,
vae_posterior_seed1,VAE,vae_reconstruction,,,,,nexus_2k_001415,1609,True,evaluated,ae258ce4c3030ddcee9c2d5227d0fedcbd447d5f2a2d4b5d09203ff3a9fa3c1b,4755,3,0,0.9996846420687481,3170,157,0,0.975835000769586,False,False,0,0,3327,,,,,,,,,,,,,,,,
vae_posterior_seed1,VAE,vae_reconstruction,,,,,nexus_2k_000283,1644,True,evaluated,11abd97a560c2d0b27d07f0c1f6bd1c82a315814043c60686ecd5ba3e2caf136,4919,4,0,0.999593578540947,3269,6,0,0.9990831295843521,False,False,0,0,3278,,,,,,,,,,,,,,,,
vae_posterior_seed1,VAE,vae_reconstruction,,,,,nexus_2k_000935,1713,True,evaluated,97d87ce07bb2f2dd29ec5ade838c6ae1f788d45a8cf96a1f5de247712bcce129,4937,2,0,0.9997974888618874,3261,48,0,0.9926940639269406,False,False,0,0,3310,,,,,,,,,,,,,,,,
vae_posterior_seed1,VAE,vae_reconstruction,,,,,nexus_2k_000815,1735,True,evaluated,3b3cd0e93af9ae60df403f938b0d7ed0295d5a487381597ed22d2bc9c3708618,5032,3,0,0.9997019966226284,3336,11,0,0.9983540326200808,False,False,0,0,3347,,,,,,,,,,,,,,,,
vae_posterior_seed1,VAE,vae_reconstruction,,,,,nexus_2k_000800,1829,True,evaluated,170867e2c48e651b3465806d5b2f0b4c8a5c69341b38d6131eb1855924203b23,5485,3,0,0.9997266016586166,3658,116,0,0.9843918191603875,False,False,0,0,3775,,,,,,,,,,,,,,,,
vae_posterior_seed1,VAE,vae_reconstruction,,,,,nexus_2k_001211,1830,True,evaluated,0c7d65ec422cc5d206db71bcb0438c34a9890fff1c2cf6d38f1c41219571db0c,5407,4,0,0.9996302458864855,3597,12,0,0.9983347210657785,False,False,0,0,3615,,,,,,,,,,,,,,,,
vae_posterior_seed1,VAE,vae_reconstruction,,,,,nexus_2k_001093,1964,True,evaluated,1eee94ff54e51a6c1a4d2e9f8168cdaee88b4c544de0514625f6f026d1812c69,5733,8,0,0.9993027714833537,3800,24,0,0.9968520461699895,False,False,0,0,3828,,,,,,,,,,,,,,,,
vae_posterior_seed1,VAE,vae_reconstruction,,,,,nexus_2k_000783,2172,True,evaluated,cca31eb0d40a1d72da5f0223b422b7ec7e584778be60c0e7d5819a878923f699,6419,9,0,0.9992994473417919,4270,9,0,0.998947245291847,False,False,0,0,4279,,,,,,,,,,,,,,,,
vae_posterior_seed1,VAE,vae_reconstruction,,,,,nexus_2k_000083,2238,True,evaluated,d29a5b5c54ff39f36de6c510775c8e3bea6b0b1080652acf4a1120871aa17723,6140,6,1,0.9994302921787255,3957,45,2,0.9940962190679563,False,False,2,0,4002,,,,,,,,,,,,,,,,
vae_posterior_seed1,VAE,vae_reconstruction,,,,,nexus_2k_001792,2244,True,evaluated,9ba50972633d22ccaff7d9375d59bcccbb6ccfdb6e37640fa86823ef2ca9b7cc,6647,5,0,0.9996240318820964,4393,5,0,0.9994312364918667,False,False,0,0,4405,,,,,,,,,,,,,,,,
vae_posterior_seed1,VAE,vae_reconstruction,,,,,nexus_2k_000280,2279,True,evaluated,e69b07ca4d6980613b754470e50cdacf612f092be4f0ec8d2f3bf7fc96378338,6829,10,0,0.9992683640620428,4544,28,0,0.9969284774023695,False,False,0,0,4574,,,,,,,,,,,,,,,,
vae_posterior_seed1,VAE,vae_reconstruction,,,,,nexus_2k_000167,2273,True,evaluated,ed97f1cf228cfe0db7ea714532416e3e3a3f9e3745543b24bc91ad2acf557ade,6682,8,0,0.9994017349685911,4412,12,0,0.9986419194205522,False,False,0,0,4424,,,,,,,,,,,,,,,,
vae_posterior_seed1,VAE,vae_reconstruction,,,,,nexus_2k_001232,2398,True,evaluated,db13cb114bbc1b8cf941faad641f246dda7590a8728b4a1c82886501efcd6dce,7589,16,1,0.9988812109246462,5192,18,2,0.998077662437524,False,False,2,0,5214,,,,,,,,,,,,,,,,
vae_posterior_seed1,VAE,vae_reconstruction,,,,,nexus_2k_000898,2547,True,evaluated,c5b42fdc4dc1e00a4796334d23a08f4fb2012f72f40a1a0cdbd942e5daa95ad0,7343,9,1,0.9993195427327164,4798,9,2,0.9988550015613615,False,False,2,0,4807,,,,,,,,,,,,,,,,
c0_step500,C0,flow_generation,500,d2c08bd377bfea373cb139a7fa43bd42cf64a2de93bf65db83c605f75adb367f,0,50,nexus_2k_001150,18,True,evaluated,a0a648f8f37d521ec7d87139e950a3c1a0d59702e84056adaf920228d07a255f,1,0,41,0.046511627906976744,0,0,28,0.0,False,False,28,0,0,42,-41,0,0,0,41,1.0,-0.9534883720930233,28,-28,0,0,0,28,1.0,-1.0
c0_step500,C0,flow_generation,500,d2c08bd377bfea373cb139a7fa43bd42cf64a2de93bf65db83c605f75adb367f,0,50,nexus_2k_001045,54,True,evaluated,ae01792073142f787814ed498c376efd9e6b441f0e61884cb9e10d21e00b5f6c,0,4,156,0.0,0,0,104,0.0,False,False,104,0,0,156,-156,0,4,0,156,1.0,-1.0,104,-104,0,0,0,104,1.0,-1.0
c0_step500,C0,flow_generation,500,d2c08bd377bfea373cb139a7fa43bd42cf64a2de93bf65db83c605f75adb367f,0,50,nexus_2k_000084,128,True,evaluated,f58b4c1b603e8882b1e457440919fcb00618c56641c99ffd507836e3d123f31f,6,10,372,0.030456852791878174,0,1,252,0.0,False,False,252,0,2,378,-372,0,10,0,372,1.0,-0.9695431472081218,252,-252,0,1,0,252,1.0,-1.0
c0_step500,C0,flow_generation,500,d2c08bd377bfea373cb139a7fa43bd42cf64a2de93bf65db83c605f75adb367f,0,50,nexus_2k_001692,150,True,evaluated,6445e4cb25fe9a0be8f37bf7e7803732ff6dbaa872e9fe2cc6693d573535099b,12,70,401,0.048484848484848485,0,11,274,0.0,False,False,274,0,11,413,-401,0,70,0,401,1.0,-0.9515151515151515,274,-274,0,11,0,274,1.0,-1.0
c0_step500,C0,flow_generation,500,d2c08bd377bfea373cb139a7fa43bd42cf64a2de93bf65db83c605f75adb367f,0,50,nexus_2k_001843,188,True,evaluated,d6f8c7093327e7d8a60cdd9c54d469778ceb00e5dc9a364d8075e52b514d7071,15,68,561,0.04552352048558422,0,4,392,0.0,False,False,392,0,5,576,-561,0,68,0,561,1.0,-0.9544764795144158,392,-392,11,-7,0,392,0.9861635220125786,-0.9861635220125786
c0_step500,C0,flow_generation,500,d2c08bd377bfea373cb139a7fa43bd42cf64a2de93bf65db83c605f75adb367f,0,50,nexus_2k_000346,192,True,evaluated,70119e07a7d5dca441d1852fe690a43a0bf0cf4cd438f22c6448e6d47bd5b5c4,11,96,559,0.03249630723781388,0,9,380,0.0,False,False,380,0,10,570,-559,0,96,0,559,1.0,-0.9675036927621861,380,-380,0,9,0,380,1.0,-1.0
c0_step500,C0,flow_generation,500,d2c08bd377bfea373cb139a7fa43bd42cf64a2de93bf65db83c605f75adb367f,0,50,nexus_2k_001780,196,True,evaluated,714c7ff9f36e0c3953cc41386ea6389fc65f15ed8b8aa468dfed1fbed936480a,15,50,561,0.046801872074883,0,3,384,0.0,False,False,384,0,5,576,-561,0,50,0,561,1.0,-0.953198127925117,384,-384,0,3,0,384,1.0,-1.0
c0_step500,C0,flow_generation,500,d2c08bd377bfea373cb139a7fa43bd42cf64a2de93bf65db83c605f75adb367f,0,50,nexus_2k_000796,200,True,evaluated,40be648d6bda0ddea775de4abc811897335ad5fe4e2fd0826cb011e8f81c454e,22,101,612,0.05812417437252312,0,7,468,0.0,False,False,468,0,7,634,-612,1,100,0,612,0.9992119779353822,-0.941087803562859,468,-468,41,-34,0,468,0.9580348004094166,-0.9580348004094166
c0_step500,C0,flow_generation,500,d2c08bd377bfea373cb139a7fa43bd42cf64a2de93bf65db83c605f75adb367f,0,50,nexus_2k_001085,226,True,evaluated,37bb0bf5d745317ac229925050712e610c45d12d3550c74f1f34481cc0901bce,25,125,632,0.061957868649318466,0,15,432,0.0,False,False,432,0,17,657,-632,0,125,0,632,1.0,-0.9380421313506815,432,-432,1,14,0,432,0.9988439306358381,-0.9988439306358381
c0_step500,C0,flow_generation,500,d2c08bd377bfea373cb139a7fa43bd42cf64a2de93bf65db83c605f75adb367f,0,50,nexus_2k_000020,288,True,evaluated,7fb9acbbd1e727960004fce1893d0d82a0e62f6a45e1c8304a0f0fc8a11f7d68,33,280,778,0.05871886120996441,0,91,534,0.0,False,False,534,0,97,811,-778,0,280,0,778,1.0,-0.9412811387900356,534,-534,1,90,0,534,0.9990645463049579,-0.9990645463049579
c0_step500,C0,flow_generation,500,d2c08bd377bfea373cb139a7fa43bd42cf64a2de93bf65db83c605f75adb367f,0,50,nexus_2k_000447,332,True,evaluated,b7a258b089fbeb3aa30221f8f2228774f3242e1aa01cbf1c39d1e8127828b139,48,240,1092,0.06722689075630252,0,79,760,0.0,False,False,760,0,90,1140,-1092,1,239,0,1092,0.9995615957913196,-0.9323347050350171,760,-760,2,77,0,760,0.9986859395532195,-0.9986859395532195
c0_step500,C0,flow_generation,500,d2c08bd377bfea373cb139a7fa43bd42cf64a2de93bf65db83c605f75adb367f,0,50,nexus_2k_001179,325,True,evaluated,cbad606f44d51c378cc8017739ea333d077479920ee308fb456f80eb034354eb,43,188,932,0.07131011608623548,0,25,650,0.0,False,False,650,0,27,975,-932,0,188,0,932,1.0,-0.9286898839137645,650,-650,0,25,0,650,1.0,-1.0
c0_step500,C0,flow_generation,500,d2c08bd377bfea373cb139a7fa43bd42cf64a2de93bf65db83c605f75adb367f,0,50,nexus_2k_000118,362,True,evaluated,dea36102d1e8f62681c931a1f4d19638a19d8cd22a9be92333f8937efaeb97b3,38,453,809,0.05680119581464873,0,214,502,0.0,False,False,502,0,234,847,-809,0,453,0,809,1.0,-0.9431988041853513,502,-502,0,214,0,502,1.0,-1.0
c0_step500,C0,flow_generation,500,d2c08bd377bfea373cb139a7fa43bd42cf64a2de93bf65db83c605f75adb367f,0,50,nexus_2k_000074,386,True,evaluated,9b3ea00c1693124804233a6547935eb707a285698a676b9f48b318a223d245f0,56,170,1096,0.08127721335268505,1,29,767,0.002506265664160401,False,False,767,0,31,1152,-1096,0,170,0,1096,1.0,-0.918722786647315,768,-767,0,29,0,767,1.0,-0.9974937343358397
c0_step500,C0,flow_generation,500,d2c08bd377bfea373cb139a7fa43bd42cf64a2de93bf65db83c605f75adb367f,0,50,nexus_2k_000519,392,True,evaluated,d584377f22885de85bd008e9fd5760ad35f462db3da8a1f7a579dddc7c97afa6,34,392,1099,0.04361770365618987,0,99,748,0.0,False,False,748,0,120,1133,-1099,0,392,0,1099,1.0,-0.9563822963438101,748,-748,0,99,0,748,1.0,-1.0
c0_step500,C0,flow_generation,500,d2c08bd377bfea373cb139a7fa43bd42cf64a2de93bf65db83c605f75adb367f,0,50,nexus_2k_001087,426,True,evaluated,1ba3d14bc54c952276afb2fb5d571353f57511addb44bdeee60f7c1af2ee0644,63,361,1203,0.07455621301775148,2,80,842,0.004319654427645789,False,False,842,0,92,1266,-1203,0,361,0,1203,1.0,-0.9254437869822485,843,-841,1,79,1,841,0.9988151658767772,-0.9944955114491314
c0_step500,C0,flow_generation,500,d2c08bd377bfea373cb139a7fa43bd42cf64a2de93bf65db83c605f75adb367f,0,50,nexus_2k_000053,488,True,evaluated,5494b2a2b343ef2f19aa3be0576953ad3c5fb6780174b886a3b082da4ec1d3cc,64,1161,1394,0.04770778978755125,2,679,970,0.0024198427102238356,False,False,970,0,788,1458,-1394,2,1159,0,1394,0.9993145990404386,-0.9516068092528873,972,-970,3,676,0,970,0.9984591679506933,-0.9960393252404695
c0_step500,C0,flow_generation,500,d2c08bd377bfea373cb139a7fa43bd42cf64a2de93bf65db83c605f75adb367f,0,50,nexus_2k_000675,516,True,evaluated,a42549cfd85c6809c539af383bcc90d3b4d3ec39fd814d98d97b28b9ab302f7b,51,756,1491,0.04342273307790549,0,365,1028,0.0,False,False,1028,0,406,1542,-1491,0,756,0,1491,1.0,-0.9565772669220945,1028,-1028,0,365,0,1028,1.0,-1.0
c0_step500,C0,flow_generation,500,d2c08bd377bfea373cb139a7fa43bd42cf64a2de93bf65db83c605f75adb367f,0,50,nexus_2k_001716,534,True,evaluated,8ac08f65791668400177dc0cdfa82b00619c5e6b6274463ece3902247afba8ab,85,1012,1459,0.06436955698599016,1,535,1023,0.001282051282051282,False,False,1023,0,627,1544,-1459,0,1012,0,1459,1.0,-0.9356304430140099,1024,-1023,10,525,0,1023,0.9951409135082604,-0.9938588622262091
c0_step500,C0,flow_generation,500,d2c08bd377bfea373cb139a7fa43bd42cf64a2de93bf65db83c605f75adb367f,0,50,nexus_2k_000242,652,True,evaluated,5580bf3d029677542973408b8c225bbf66620be26163442b6aeaee2b8cc0edaf,69,1467,1893,0.03945111492281304,2,848,1306,0.0018535681186283596,False,False,1306,0,940,1962,-1893,2,1465,0,1893,0.999490575649516,-0.960039460726703,1308,-1306,51,797,0,1306,0.9808773903262092,-0.9790238222075809
c0_step500,C0,flow_generation,500,d2c08bd377bfea373cb139a7fa43bd42cf64a2de93bf65db83c605f75adb367f,0,50,nexus_2k_000823,666,True,evaluated,6d02bc9bcdbb5bf3080d2ef8550215ce1a1831a37d32a20a4af20521cd3fc726,99,1884,1897,0.04976124654435788,4,2009,1326,0.0023930601256356566,False,False,1326,0,2257,1996,-1897,0,1884,0,1897,1.0,-0.9502387534556421,1330,-1326,1,2008,0,1326,0.9996242014280345,-0.9972311413023989
c0_step500,C0,flow_generation,500,d2c08bd377bfea373cb139a7fa43bd42cf64a2de93bf65db83c605f75adb367f,0,50,nexus_2k_001536,728,True,evaluated,f4b4d458a033504e31d29c617e88fcc8fa916c0cdad88f467e44dcba0dc35693,74,1559,2104,0.038834951456310676,2,765,1450,0.0018026137899954935,False,False,1450,0,835,2178,-2104,0,1559,0,2104,1.0,-0.9611650485436893,1452,-1450,0,765,0,1450,1.0,-0.9981973862100045
c0_step500,C0,flow_generation,500,d2c08bd377bfea373cb139a7fa43bd42cf64a2de93bf65db83c605f75adb367f,0,50,nexus_2k_000840,798,True,evaluated,53d9fe2f7dd4413bc29a6b290b50a0366f8a6ce80528bf04e54b7a98f33fb701,96,1688,2241,0.04659063334142199,1,867,1541,0.0008298755186721991,False,False,1541,0,953,2337,-2241,2,1686,0,2241,0.9995722840034217,-0.9529816506619997,1542,-1541,3,864,0,1541,0.9990281827016521,-0.9981983071829799
c0_step500,C0,flow_generation,500,d2c08bd377bfea373cb139a7fa43bd42cf64a2de93bf65db83c605f75adb367f,0,50,nexus_2k_001577,836,True,evaluated,0877a60bebbea1629bb5cd2da1fc80a52de31e064f858792de759d8721db0a78,100,2007,2378,0.04362050163576881,1,1367,1651,0.0006622516556291391,False,False,1650,1,1541,2478,-2378,2,2005,0,2378,0.99959661153691,-0.9559761099011412,1652,-1651,3,1364,0,1651,0.9990928333837314,-0.9984305817281023
c0_step500,C0,flow_generation,500,d2c08bd377bfea373cb139a7fa43bd42cf64a2de93bf65db83c605f75adb367f,0,50,nexus_2k_001216,938,True,evaluated,312607f86823b4776f4fc340639198c95a24818da72779af2e7bb9fa4021f75f,139,2020,2626,0.05645816409423233,3,958,1827,0.002149767108563239,False,False,1827,0,1078,2765,-2626,0,2020,0,2626,1.0,-0.9435418359057677,1830,-1827,0,958,0,1827,1.0,-0.9978502328914367
c0_step500,C0,flow_generation,500,d2c08bd377bfea373cb139a7fa43bd42cf64a2de93bf65db83c605f75adb367f,0,50,nexus_2k_001331,969,True,evaluated,5d5d9f3af62ae4e19bfecdac11d561bf7724a4603e455b63334a735caaac11fe,118,2502,2618,0.044062733383121735,0,1275,1824,0.0,False,False,1824,0,1435,2736,-2618,4,2498,0,2618,0.9992695398100804,-0.9552068064269587,1824,-1824,18,1257,0,1824,0.9950900163666121,-0.9950900163666121
c0_step500,C0,flow_generation,500,d2c08bd377bfea373cb139a7fa43bd42cf64a2de93bf65db83c605f75adb367f,0,50,nexus_2k_000142,1029,True,evaluated,8a724088ff2f3fc19a1e5f313e25ef805d8449fffd6aa35a7356de0e270c7184,111,4535,2910,0.02895526281466023,0,4294,2002,0.0,False,False,2002,0,5066,3021,-2910,0,4535,0,2910,1.0,-0.9710447371853398,2002,-2002,0,4294,0,2002,1.0,-1.0
c0_step500,C0,flow_generation,500,d2c08bd377bfea373cb139a7fa43bd42cf64a2de93bf65db83c605f75adb367f,0,50,nexus_2k_001550,1137,True,evaluated,c3bf902278153614411e9ba3418cfd922c4bead5d9173eb3219555c18e524b0f,127,4488,3302,0.03157633018398807,1,4317,2311,0.00030165912518853697,False,False,2311,0,5274,3429,-3302,5,4483,0,3302,0.999271455631648,-0.9676951254476599,2312,-2311,18,4299,0,2311,0.996122361051271,-0.9958207019260825
c0_step500,C0,flow_generation,500,d2c08bd377bfea373cb139a7fa43bd42cf64a2de93bf65db83c605f75adb367f,0,50,nexus_2k_000872,1215,True,evaluated,23d155fa5c27e01556c7f2f1e26c6aece7bebf61aa49d085d43b84930d1441f0,151,4230,3287,0.03862386494436629,2,3472,2238,0.0007000350017500875,False,False,2238,0,3816,3438,-3287,2,4228,0,3287,0.9997092177958709,-0.9610853528515045,2240,-2238,92,3380,0,2238,0.9798775153105862,-0.9791774803088361
c0_step500,C0,flow_generation,500,d2c08bd377bfea373cb139a7fa43bd42cf64a2de93bf65db83c605f75adb367f,0,50,nexus_2k_000952,1251,True,evaluated,3cbad3373329511e97b612afe9d766bdd68e22d06d1168f75a4d03e216cc4840,199,2680,3542,0.06012084592145015,2,1543,2492,0.0009903441445902451,False,False,2491,1,1729,3741,-3542,2,2678,0,3542,0.9997327632282202,-0.9396119173067701,2494,-2492,2,1541,0,2492,0.9995991983967936,-0.9986088542522034
c0_step500,C0,flow_generation,500,d2c08bd377bfea373cb139a7fa43bd42cf64a2de93bf65db83c605f75adb367f,0,50,nexus_2k_001825,1277,True,evaluated,acb421be981ecc34e14a92bcba8541226496fb68f377c226c9e887acc9977183,112,6785,3340,0.021644603343318195,1,8698,2273,0.00018226556092226375,False,False,2273,0,10311,3452,-3340,4,6781,0,3340,0.9994209612044007,-0.9777763578610825,2274,-2273,7,8691,0,2273,0.9984632272228321,-0.9982809616619098
c0_step500,C0,flow_generation,500,d2c08bd377bfea373cb139a7fa43bd42cf64a2de93bf65db83c605f75adb367f,0,50,nexus_2k_001483,1418,True,evaluated,385b95d4fd13b5bad924778b07284adba70bb25193409b1345662d4164e7af6d,163,6071,4043,0.03122605363984674,1,6700,2803,0.00021041557075223566,False,False,2801,2,7487,4206,-4043,0,6071,0,4043,1.0,-0.9687739463601532,2804,-2803,0,6700,0,2803,1.0,-0.9997895844292478
c0_step500,C0,flow_generation,500,d2c08bd377bfea373cb139a7fa43bd42cf64a2de93bf65db83c605f75adb367f,0,50,nexus_2k_001439,1446,True,evaluated,3332682cf2aeb66ecc6335be97ba879e5e687bcc40cf8f9a27e01884e1f627e4,199,6425,4152,0.03626423690205011,1,6752,2899,0.00020718947477468144,False,False,2898,1,7581,4351,-4152,2,6423,0,4152,0.9997702205882353,-0.9635059836861851,2900,-2899,4,6748,0,2899,0.9993108201240524,-0.9991036306492777
c0_step500,C0,flow_generation,500,d2c08bd377bfea373cb139a7fa43bd42cf64a2de93bf65db83c605f75adb367f,0,50,nexus_2k_001178,1458,True,evaluated,580f66fbcbde492f98acd9a722b9c0ab6cc45a75610f7a4e4344047c84587500,156,6186,4170,0.02924634420697413,1,5498,2874,0.0002388344877000239,False,False,2874,0,6183,4325,-4169,1,6185,1,4169,0.9997688395746648,-0.9705224953676906,2872,-2871,2,5496,3,2871,0.99913028352757,-0.99889144903987
c0_step500,C0,flow_generation,500,d2c08bd377bfea373cb139a7fa43bd42cf64a2de93bf65db83c605f75adb367f,0,50,nexus_2k_001317,1536,True,evaluated,f7241fd69534fa206f8e564e1f2ad457a8579a40785e73e6a87acf288c7079df,173,12523,4189,0.02028373783561965,2,23663,2902,0.00015055139448229139,False,False,2902,0,27909,4362,-4189,5,12518,0,4189,0.9994271967006529,-0.9791434588650333,2904,-2902,94,23569,0,2902,0.9840731955269401,-0.9839226441324578
c0_step500,C0,flow_generation,500,d2c08bd377bfea373cb139a7fa43bd42cf64a2de93bf65db83c605f75adb367f,0,50,nexus_2k_000869,1590,True,evaluated,049651eaec3c042f9920577286e72ce9867872cf9e8c20a8c838bbb459a430d1,226,5508,4184,0.044558359621451105,6,4069,2934,0.0017106200997861725,False,False,2933,1,4780,4410,-4184,2,5506,0,4184,0.9997732940376332,-0.955214934416182,2940,-2934,2,4067,0,2934,0.999659979598776,-0.9979493594989898
c0_step500,C0,flow_generation,500,d2c08bd377bfea373cb139a7fa43bd42cf64a2de93bf65db83c605f75adb367f,0,50,nexus_2k_001415,1609,True,evaluated,9c9cad617af12ae6aa22de03c922bbbd0af544a7a1167ee70cac38a8bf6fe118,194,8893,4561,0.028030631411645714,0,9448,3170,0.0,False,False,3170,0,11038,4755,-4561,3,8890,0,4561,0.9996846420687481,-0.9716540106571023,3170,-3170,157,9291,0,3170,0.975835000769586,-0.975835000769586
c0_step500,C0,flow_generation,500,d2c08bd377bfea373cb139a7fa43bd42cf64a2de93bf65db83c605f75adb367f,0,50,nexus_2k_000283,1644,True,evaluated,8a8078b78940c318183495428000519272e9e70fdbbfedc23e741d7c57ebba3a,225,9792,4694,0.030128548473486876,2,15064,3267,0.000218161985274066,False,False,3266,1,17196,4919,-4694,4,9788,0,4694,0.999593578540947,-0.9694650300674601,3269,-3267,6,15058,0,3267,0.9990831295843521,-0.9988649675990781
c0_step500,C0,flow_generation,500,d2c08bd377bfea373cb139a7fa43bd42cf64a2de93bf65db83c605f75adb367f,0,50,nexus_2k_000935,1713,True,evaluated,f969b814d7828fa531ac1f676a17120aec7f88401f5920c69698f956b98c61ce,181,8163,4756,0.02725698366086891,1,7399,3260,0.00018759966232060783,False,False,3260,0,8629,4937,-4756,2,8161,0,4756,0.9997974888618874,-0.9725405052010184,3261,-3260,48,7351,0,3260,0.9926940639269406,-0.99250646426462
c0_step500,C0,flow_generation,500,d2c08bd377bfea373cb139a7fa43bd42cf64a2de93bf65db83c605f75adb367f,0,50,nexus_2k_000815,1735,True,evaluated,7df11e7b868bf022de9ef952185bf2d48f392fed9cba7d884b15f3bd7a2a9445,226,8775,4806,0.032209791206441955,4,9968,3332,0.0006011421701232341,False,False,3330,2,11485,5032,-4806,2,8773,0,4806,0.9998013113451222,-0.9675915201386802,3336,-3332,11,9957,0,3332,0.9983540326200808,-0.9977528904499576
c0_step500,C0,flow_generation,500,d2c08bd377bfea373cb139a7fa43bd42cf64a2de93bf65db83c605f75adb367f,0,50,nexus_2k_000800,1829,True,evaluated,d27b3fc94b6ba4d263663c39d0de3cb880c97a2b9b27ff72049a81f7c13b4f52,214,8721,5271,0.029680998613037447,2,8853,3656,0.0003196675457524175,False,False,3656,0,10081,5483,-5269,6,8715,2,5269,0.9992710041917259,-0.9695900055786885,3654,-3652,121,8732,4,3652,0.9831831023812727,-0.9828634348355203
c0_step500,C0,flow_generation,500,d2c08bd377bfea373cb139a7fa43bd42cf64a2de93bf65db83c605f75adb367f,0,50,nexus_2k_001211,1830,True,evaluated,44e745f05170268ea6d4dab0397f9f86d804df76ef9a718b26912c3afc157ce6,277,10206,5130,0.03486469477658905,3,13988,3594,0.0003411416875142142,False,False,3593,1,15536,5407,-5130,4,10202,0,5130,0.9996302458864855,-0.9647655511098965,3597,-3594,12,13976,0,3594,0.9983347210657785,-0.9979935793782643
c0_step500,C0,flow_generation,500,d2c08bd377bfea373cb139a7fa43bd42cf64a2de93bf65db83c605f75adb367f,0,50,nexus_2k_001093,1964,True,evaluated,18740037a701aa7d2a7e7f2de0c11e32f2cc2293e78906ea2502e77a0b7eb95e,265,12081,5468,0.02931578074008518,3,18349,3797,0.00027085590465872155,False,False,3796,1,20212,5733,-5468,7,12074,0,5468,0.9993898718730934,-0.9700740911330081,3800,-3797,23,18326,0,3797,0.9969828151646334,-0.9967119592599747
c0_step500,C0,flow_generation,500,d2c08bd377bfea373cb139a7fa43bd42cf64a2de93bf65db83c605f75adb367f,0,50,nexus_2k_000783,2172,True,evaluated,68c2aa51980a9fd0d299d802daaf6f4352fd00421cde87e8c528ccc62f996e5e,325,13250,6094,0.032509752925877766,7,18121,4263,0.0006250558085543353,False,False,4263,0,20770,6419,-6094,10,13240,0,6094,0.9992216687422167,-0.966711915816339,4270,-4263,9,18112,0,4263,0.998947245291847,-0.9983221894832927
c0_step500,C0,flow_generation,500,d2c08bd377bfea373cb139a7fa43bd42cf64a2de93bf65db83c605f75adb367f,0,50,nexus_2k_000083,2238,True,evaluated,81fdfe3150fb853605e3234c3337b1432fe023aea98ca2c0cecd622d4e6e837c,255,13868,5886,0.025167785234899327,2,19178,3957,0.00017286831755909936,False,False,3957,0,21636,6140,-5885,6,13862,1,5885,0.9994302921787255,-0.9742625069438261,3957,-3955,45,19133,2,3955,0.9940962190679563,-0.9939233507503972
c0_step500,C0,flow_generation,500,d2c08bd377bfea373cb139a7fa43bd42cf64a2de93bf65db83c605f75adb367f,0,50,nexus_2k_001792,2244,True,evaluated,8ed0c00a9ba03adc57c1456b43d7f53a7bbfa320e26f21ee3a5df3800c1bb243,272,14895,6375,0.02493811313835152,3,25287,4390,0.00020213590270525217,False,False,4390,0,28262,6647,-6375,5,14890,0,6375,0.9996240318820964,-0.9746859187437449,4393,-4390,5,25282,0,4390,0.9994312364918667,-0.9992291005891615
c0_step500,C0,flow_generation,500,d2c08bd377bfea373cb139a7fa43bd42cf64a2de93bf65db83c605f75adb367f,0,50,nexus_2k_000280,2279,True,evaluated,7042869325165cec7cc77e6672603cec755ea8ba833fd60f5b33634755296e98,280,13166,6549,0.027620221948212082,5,15657,4539,0.0004949025042066713,False,False,4539,0,17895,6829,-6549,9,13157,0,6549,0.9993414794761103,-0.9717212575278982,4544,-4539,28,15629,0,4539,0.9969284774023695,-0.9964335748981628
c0_step500,C0,flow_generation,500,d2c08bd377bfea373cb139a7fa43bd42cf64a2de93bf65db83c605f75adb367f,0,50,nexus_2k_000167,2273,True,evaluated,766e756c9aeca8d303026500da24ba40da343946d153d33de94c9a8612652fab,306,10285,6376,0.03543101951021826,3,9063,4409,0.00044516990651431964,False,False,4408,1,10327,6682,-6376,8,10277,0,6376,0.9994017349685911,-0.9639707154583729,4412,-4409,12,9051,0,4409,0.9986419194205522,-0.9981967495140379
c0_step500,C0,flow_generation,500,d2c08bd377bfea373cb139a7fa43bd42cf64a2de93bf65db83c605f75adb367f,0,50,nexus_2k_001232,2398,True,evaluated,574f6ccf47d977a33376d0cd71b4cf91311eeb9d9053d21788e8de47c4a0ba02,390,9769,7200,0.043946137810580876,7,8679,5187,0.0010086455331412103,False,False,5187,0,9700,7589,-7199,14,9755,1,7199,0.9990127032185875,-0.9550665654080066,5192,-5185,17,8662,2,5185,0.9981736037681438,-0.9971649582350026
c0_step500,C0,flow_generation,500,d2c08bd377bfea373cb139a7fa43bd42cf64a2de93bf65db83c605f75adb367f,0,50,nexus_2k_000898,2547,True,evaluated,f97f176d251e9ea6c70a03a2ab2b9000aeda3a7a0073a606f82099379a736259,341,12100,7003,0.03447055850391711,6,11785,4794,0.0007232837080344766,False,False,4794,0,12980,7344,-7003,8,12092,0,7003,0.9994556341861731,-0.964985075682256,4800,-4794,9,11776,0,4794,0.9990633780830471,-0.9983400943750127
c0_step1000,C0,flow_generation,1000,20b297ed40643b6bc82a4ce535252e578397c2eb1e76e09a90c2624980678d52,0,50,nexus_2k_001150,18,True,evaluated,fce6954c39a0763324c206a23c1d5dbad22b0799947d7045c81d13a75cbfe714,3,0,39,0.13333333333333333,0,0,28,0.0,False,False,28,0,0,42,-39,0,0,0,39,1.0,-0.8666666666666667,28,-28,0,0,0,28,1.0,-1.0
c0_step1000,C0,flow_generation,1000,20b297ed40643b6bc82a4ce535252e578397c2eb1e76e09a90c2624980678d52,0,50,nexus_2k_001045,54,True,evaluated,e25f428508eb241480955714953f2cacc1100a52bb735e76394aef091271e704,17,9,139,0.18681318681318682,2,3,102,0.03669724770642202,False,False,102,0,5,156,-139,0,9,0,139,1.0,-0.8131868131868132,104,-102,0,3,0,102,1.0,-0.963302752293578
c0_step1000,C0,flow_generation,1000,20b297ed40643b6bc82a4ce535252e578397c2eb1e76e09a90c2624980678d52,0,50,nexus_2k_000084,128,True,evaluated,f1b7d12e972b99b1dcd0527c5cbb5268c89e7422a7e21c23b501ebb291390682,29,15,349,0.13744075829383887,0,0,252,0.0,False,False,252,0,1,378,-349,0,15,0,349,1.0,-0.8625592417061612,252,-252,0,0,0,252,1.0,-1.0
c0_step1000,C0,flow_generation,1000,20b297ed40643b6bc82a4ce535252e578397c2eb1e76e09a90c2624980678d52,0,50,nexus_2k_001692,150,True,evaluated,9c942d1d40cb04592618e5839a10adb85b69489f965be532506539c8701b456c,89,106,324,0.29276315789473684,6,33,268,0.038338658146964855,False,False,268,0,43,413,-324,0,106,0,324,1.0,-0.7072368421052632,274,-268,0,33,0,268,1.0,-0.9616613418530351
c0_step1000,C0,flow_generation,1000,20b297ed40643b6bc82a4ce535252e578397c2eb1e76e09a90c2624980678d52,0,50,nexus_2k_001843,188,True,evaluated,0efe92fa5b2625c1663e20098b2fdd731c99b0216870afb9daa607adbe7ca0b3,85,175,491,0.20334928229665072,5,57,387,0.022026431718061675,False,False,387,0,76,576,-491,0,175,0,491,1.0,-0.7966507177033493,392,-387,11,46,0,387,0.9861635220125786,-0.964137090294517
c0_step1000,C0,flow_generation,1000,20b297ed40643b6bc82a4ce535252e578397c2eb1e76e09a90c2624980678d52,0,50,nexus_2k_000346,192,True,evaluated,85a10fec4ea2de6776d35ae363e7d6a7c441864028c6df12c04887a49839915e,66,298,504,0.14132762312633834,3,127,377,0.011764705882352941,False,False,377,0,154,570,-504,0,298,0,504,1.0,-0.8586723768736617,380,-377,0,127,0,377,1.0,-0.9882352941176471
c0_step1000,C0,flow_generation,1000,20b297ed40643b6bc82a4ce535252e578397c2eb1e76e09a90c2624980678d52,0,50,nexus_2k_001780,196,True,evaluated,7a29ab0856be14bf2f21cd42c865e68d8e61bc1f8cc35e1a8af9eeef56f70373,64,68,512,0.1807909604519774,2,17,382,0.009925558312655087,False,False,382,0,20,576,-512,0,68,0,512,1.0,-0.8192090395480226,384,-382,0,17,0,382,1.0,-0.9900744416873449
c0_step1000,C0,flow_generation,1000,20b297ed40643b6bc82a4ce535252e578397c2eb1e76e09a90c2624980678d52,0,50,nexus_2k_000796,200,True,evaluated,ca15e52dee82cb45b5ba7c5567f9884f1c7ad4d3bbe0dce85733d9417998ee09,74,235,560,0.1569459172852598,2,98,466,0.007042253521126761,False,False,466,0,115,634,-560,1,234,0,560,0.9992119779353822,-0.8422660606501224,468,-466,41,57,0,466,0.9580348004094166,-0.9509925468882898
c0_step1000,C0,flow_generation,1000,20b297ed40643b6bc82a4ce535252e578397c2eb1e76e09a90c2624980678d52,0,50,nexus_2k_001085,226,True,evaluated,25b239f06c131a3c51f9225fe3fb4ee8f9d1ecc8933427b6342517d081ef617f,112,185,545,0.2348008385744235,4,73,428,0.015717092337917484,False,False,428,0,83,657,-545,0,185,0,545,1.0,-0.7651991614255765,432,-428,1,72,0,428,0.9988439306358381,-0.9831268382979206
c0_step1000,C0,flow_generation,1000,20b297ed40643b6bc82a4ce535252e578397c2eb1e76e09a90c2624980678d52,0,50,nexus_2k_000020,288,True,evaluated,6760711055e02a8a5d8ce92262f1f59625fc1d357b0c1625447edfd83eaf3963,101,318,710,0.16422764227642275,0,87,534,0.0,False,False,533,1,102,811,-710,0,318,0,710,1.0,-0.8357723577235773,534,-534,1,86,0,534,0.9990645463049579,-0.9990645463049579
c0_step1000,C0,flow_generation,1000,20b297ed40643b6bc82a4ce535252e578397c2eb1e76e09a90c2624980678d52,0,50,nexus_2k_000447,332,True,evaluated,8a86def268d6cfb2918de395f6b77f4e8377b3dade9db412a33815e4cf2fefcb,171,349,969,0.20602409638554217,5,205,755,0.010309278350515464,False,False,754,1,231,1140,-969,1,348,0,969,0.9995615957913196,-0.7935374994057774,760,-755,2,203,0,755,0.9986859395532195,-0.9883766612027041
c0_step1000,C0,flow_generation,1000,20b297ed40643b6bc82a4ce535252e578397c2eb1e76e09a90c2624980678d52,0,50,nexus_2k_001179,325,True,evaluated,6aba37f46f8b53bfe017274a83d737f25019cf55d3cece85c653797dca7a24ef,175,344,800,0.23427041499330656,12,152,638,0.029484029484029485,False,False,638,0,178,975,-800,0,344,0,800,1.0,-0.7657295850066934,650,-638,0,152,0,638,1.0,-0.9705159705159705
c0_step1000,C0,flow_generation,1000,20b297ed40643b6bc82a4ce535252e578397c2eb1e76e09a90c2624980678d52,0,50,nexus_2k_000118,362,True,evaluated,8cca44bdf8ef21dbf7dc1e9a5f8a0a09ef110a7295df7627b975307a70d4ed5d,103,577,744,0.13490504256712507,3,265,499,0.007792207792207792,False,False,498,1,302,847,-744,0,577,0,744,1.0,-0.8650949574328749,502,-499,0,265,0,499,1.0,-0.9922077922077922
c0_step1000,C0,flow_generation,1000,20b297ed40643b6bc82a4ce535252e578397c2eb1e76e09a90c2624980678d52,0,50,nexus_2k_000074,386,True,evaluated,cd55b4f660850fe0f84d98ca2b7a88f5dc51451364ec6034b7614bc4f42b0761,199,246,953,0.24921728240450847,10,89,758,0.02306805074971165,False,False,758,0,104,1152,-953,0,246,0,953,1.0,-0.7507827175954915,768,-758,0,89,0,758,1.0,-0.9769319492502884
c0_step1000,C0,flow_generation,1000,20b297ed40643b6bc82a4ce535252e578397c2eb1e76e09a90c2624980678d52,0,50,nexus_2k_000519,392,True,evaluated,ffecdceacedb536ea5518d34f4067c098f204fbd73866152370c4c3fe1719220,131,488,1002,0.1495433789954338,2,201,746,0.004206098843322818,False,False,745,1,237,1133,-1002,0,488,0,1002,1.0,-0.8504566210045662,748,-746,0,201,0,746,1.0,-0.9957939011566772
c0_step1000,C0,flow_generation,1000,20b297ed40643b6bc82a4ce535252e578397c2eb1e76e09a90c2624980678d52,0,50,nexus_2k_001087,426,True,evaluated,315913eb904c40eac448c78b91d6bca267ff4a4332b500af0b506d3647e5b2e6,200,395,1066,0.21493820526598603,13,166,831,0.02541544477028348,False,False,831,0,194,1266,-1066,0,395,0,1066,1.0,-0.7850617947340139,843,-830,1,165,1,830,0.9988151658767772,-0.9733997211064938
c0_step1000,C0,flow_generation,1000,20b297ed40643b6bc82a4ce535252e578397c2eb1e76e09a90c2624980678d52,0,50,nexus_2k_000053,488,True,evaluated,08b23a8ae6578a48f95037e318d259f91f2bdadf13f80c14d1a639861fc7af0e,290,812,1168,0.2265625,24,470,948,0.03274215552523874,False,False,948,0,548,1458,-1168,2,810,0,1168,0.9993145990404386,-0.7727520990404386,972,-948,3,467,0,948,0.9984591679506933,-0.9657170124254546
c0_step1000,C0,flow_generation,1000,20b297ed40643b6bc82a4ce535252e578397c2eb1e76e09a90c2624980678d52,0,50,nexus_2k_000675,516,True,evaluated,d09eaf7f2d02f9af6d842ec76d7bce756d16d1083363b34c419bf4fa9f677ebc,233,918,1309,0.17304121797252134,12,573,1016,0.014879107253564786,False,False,1016,0,684,1542,-1309,0,918,0,1309,1.0,-0.8269587820274786,1028,-1016,0,573,0,1016,1.0,-0.9851208927464352
c0_step1000,C0,flow_generation,1000,20b297ed40643b6bc82a4ce535252e578397c2eb1e76e09a90c2624980678d52,0,50,nexus_2k_001716,534,True,evaluated,bf5f9508fa2e767535b181e27f594abb29b65099315c09a563c03ee58960a08f,239,1274,1305,0.15636244684331044,17,1204,1007,0.015144766146993319,False,False,1006,1,1312,1544,-1305,0,1274,0,1305,1.0,-0.8436375531566895,1024,-1007,10,1194,0,1007,0.9951409135082604,-0.9799961473612671
c0_step1000,C0,flow_generation,1000,20b297ed40643b6bc82a4ce535252e578397c2eb1e76e09a90c2624980678d52,0,50,nexus_2k_000242,652,True,evaluated,1a4f634ca1e85bd50b2c075288522e8f8d9bfce8753237253b3b1115c08f8575,352,2688,1610,0.1407437025189924,24,2938,1284,0.011241217798594848,False,False,1281,3,3416,1962,-1610,2,2686,0,1610,0.999490575649516,-0.8587468731305237,1308,-1284,51,2887,0,1284,0.9808773903262092,-0.9696361725276144
c0_step1000,C0,flow_generation,1000,20b297ed40643b6bc82a4ce535252e578397c2eb1e76e09a90c2624980678d52,0,50,nexus_2k_000823,666,True,evaluated,5859c401ac479daf1d13be025c72debeed7447e0b5f84e73426d17972e6d92bf,370,2886,1626,0.1408987052551409,31,5356,1299,0.009230311150811374,False,False,1296,3,6082,1996,-1626,0,2886,0,1626,1.0,-0.8591012947448591,1330,-1299,1,5355,0,1299,0.9996242014280345,-0.9903938902772231
c0_step1000,C0,flow_generation,1000,20b297ed40643b6bc82a4ce535252e578397c2eb1e76e09a90c2624980678d52,0,50,nexus_2k_001536,728,True,evaluated,823b2b19a0f24816d5a1f1910df5b427c6e7591d2578f1cce0e904dc8b14d413,250,1010,1928,0.14543339150668994,15,432,1437,0.01579778830963665,False,False,1437,0,498,2178,-1928,0,1010,0,1928,1.0,-0.8545666084933101,1452,-1437,0,432,0,1437,1.0,-0.9842022116903634
c0_step1000,C0,flow_generation,1000,20b297ed40643b6bc82a4ce535252e578397c2eb1e76e09a90c2624980678d52,0,50,nexus_2k_000840,798,True,evaluated,41163cf1a8ebdd04d22e38999e1949f7b8c1ca281aa9ed0449accf2addced1c4,300,1415,2037,0.14807502467917077,11,980,1531,0.008685353335965259,False,False,1531,0,1054,2337,-2037,2,1413,0,2037,0.9995722840034217,-0.8514972593242509,1542,-1531,3,977,0,1531,0.9990281827016521,-0.9903428293656868
c0_step1000,C0,flow_generation,1000,20b297ed40643b6bc82a4ce535252e578397c2eb1e76e09a90c2624980678d52,0,50,nexus_2k_001577,836,True,evaluated,b99129b426143190aa0c1203b889d32a5baa0a34aef7fd37c736559dfeabdc45,279,836,2199,0.15530197606457,6,311,1646,0.006094464195022855,False,False,1645,1,336,2478,-2199,2,834,0,2199,0.99959661153691,-0.8442946354723401,1652,-1646,3,308,0,1646,0.9990928333837314,-0.9929983691887085
c0_step1000,C0,flow_generation,1000,20b297ed40643b6bc82a4ce535252e578397c2eb1e76e09a90c2624980678d52,0,50,nexus_2k_001216,938,True,evaluated,e4480f702a8e331c154df5b85dc80035cdf3c8428e1b8730906aeb27d369f3d4,376,1803,2389,0.15210355987055016,10,1667,1820,0.00570287995437696,False,False,1819,1,1840,2765,-2389,0,1803,0,2389,1.0,-0.8478964401294499,1830,-1820,0,1667,0,1820,1.0,-0.994297120045623
c0_step1000,C0,flow_generation,1000,20b297ed40643b6bc82a4ce535252e578397c2eb1e76e09a90c2624980678d52,0,50,nexus_2k_001331,969,True,evaluated,62c97a477c15dd41fc9d7be4b2a5b8b4aa58602f7837a39273d8ea77a40e80bf,475,5893,2261,0.10434973637961335,44,8583,1780,0.008420246866328581,False,False,1777,3,9922,2736,-2261,4,5889,0,2261,0.9992695398100804,-0.8949198034304671,1824,-1780,18,8565,0,1780,0.9950900163666121,-0.9866697695002835
c0_step1000,C0,flow_generation,1000,20b297ed40643b6bc82a4ce535252e578397c2eb1e76e09a90c2624980678d52,0,50,nexus_2k_000142,1029,True,evaluated,e28c7ce5f5071dbef1ae17e19de6130a9601ceecbd9440029162e60c45c40714,392,4080,2629,0.1046309889229948,14,4318,1988,0.004420587306599305,False,False,1987,1,4934,3021,-2629,0,4080,0,2629,1.0,-0.8953690110770052,2002,-1988,0,4318,0,1988,1.0,-0.9955794126934007
c0_step1000,C0,flow_generation,1000,20b297ed40643b6bc82a4ce535252e578397c2eb1e76e09a90c2624980678d52,0,50,nexus_2k_001550,1137,True,evaluated,ec9cd7481e49e8e840c13ba6d74486d24c9a0499047df8dc40cc4af8dbc7335a,553,7360,2876,0.09751366602010228,31,12844,2281,0.0040824389280305524,False,False,2278,3,14771,3429,-2876,5,7355,0,2876,0.999271455631648,-0.9017577896115457,2312,-2281,18,12826,0,2281,0.996122361051271,-0.9920399221232405
c0_step1000,C0,flow_generation,1000,20b297ed40643b6bc82a4ce535252e578397c2eb1e76e09a90c2624980678d52,0,50,nexus_2k_000872,1215,True,evaluated,8c03da7311608acbb346e4a1ef8cbbf5efe5c261436c53264d4cb09b564a458d,658,7507,2780,0.11341894337671292,49,13743,2191,0.006112774451097805,False,False,2188,3,15525,3438,-2780,2,7505,0,2780,0.9997092177958709,-0.886290274419158,2240,-2191,92,13651,0,2191,0.9798775153105862,-0.9737647408594884
c0_step1000,C0,flow_generation,1000,20b297ed40643b6bc82a4ce535252e578397c2eb1e76e09a90c2624980678d52,0,50,nexus_2k_000952,1251,True,evaluated,3fa4b6ff114389c452b57d8eb30cc59ebd0b88d0f6d3743e4330c7b3d224bb4e,773,4634,2968,0.1689986882378662,58,6393,2436,0.012968138624930129,False,False,2427,9,7293,3741,-2968,2,4632,0,2968,0.9997327632282202,-0.830734074990354,2494,-2436,2,6391,0,2436,0.9995991983967936,-0.9866310597718634
c0_step1000,C0,flow_generation,1000,20b297ed40643b6bc82a4ce535252e578397c2eb1e76e09a90c2624980678d52,0,50,nexus_2k_001825,1277,True,evaluated,fa40e305f13679a7525444eb43b0bbac57de53c6b6cba41652e3a4c94e7b94b8,323,8802,3129,0.051363600222628605,10,13802,2264,0.0012433171702101206,False,False,2263,1,16368,3452,-3129,4,8798,0,3129,0.9994209612044007,-0.9480573609817721,2274,-2264,7,13795,0,2264,0.9984632272228321,-0.997219910052622
c0_step1000,C0,flow_generation,1000,20b297ed40643b6bc82a4ce535252e578397c2eb1e76e09a90c2624980678d52,0,50,nexus_2k_001483,1418,True,evaluated,75ac13b7f4ab5a1aac94c72c56fca93d93a0630c582e3d7f5db3632bbf2e0911,552,7542,3654,0.0897560975609756,26,13365,2778,0.003210867551713492,False,False,2774,4,14574,4206,-3654,0,7542,0,3654,1.0,-0.9102439024390244,2804,-2778,0,13365,0,2778,1.0,-0.9967891324482865
c0_step1000,C0,flow_generation,1000,20b297ed40643b6bc82a4ce535252e578397c2eb1e76e09a90c2624980678d52,0,50,nexus_2k_001439,1446,True,evaluated,7b75a5e168c357ca7370e2a9a4e9cf197e4d4399278722f4c9eab55a7bdf2b88,696,6929,3655,0.11623246492985972,39,7619,2861,0.007387762833870051,False,False,2857,4,8717,4351,-3655,2,6927,0,3655,0.9997702205882353,-0.8835377556583756,2900,-2861,4,7615,0,2861,0.9993108201240524,-0.9919230572901823
c0_step1000,C0,flow_generation,1000,20b297ed40643b6bc82a4ce535252e578397c2eb1e76e09a90c2624980678d52,0,50,nexus_2k_001178,1458,True,evaluated,e8fe2b9de06847d8a9195a00d4df1c47ff9ff85605610eb24ddaace3cddb7973,460,5690,3866,0.08781977854142803,12,4953,2863,0.003061224489795918,False,False,2863,0,5520,4325,-3865,1,5689,1,3865,0.9997688395746648,-0.9119490610332368,2872,-2860,2,4951,3,2860,0.99913028352757,-0.9960690590377741
c0_step1000,C0,flow_generation,1000,20b297ed40643b6bc82a4ce535252e578397c2eb1e76e09a90c2624980678d52,0,50,nexus_2k_001317,1536,True,evaluated,6e1116d5dda32a8cbfe82671994f0cf7ae58791750ed9fc6b95db12ce8541ca8,634,27311,3728,0.039248460086049465,37,121549,2867,0.0005944252550405655,False,False,2865,2,142465,4362,-3728,5,27306,0,3728,0.9994271967006529,-0.9601787366146035,2904,-2867,94,121455,0,2867,0.9840731955269401,-0.9834787702718994
c0_step1000,C0,flow_generation,1000,20b297ed40643b6bc82a4ce535252e578397c2eb1e76e09a90c2624980678d52,0,50,nexus_2k_000869,1590,True,evaluated,ada5049a896a966d85733d3f4b8fad06f527871a1b80aca233f5fe5a4ac7d800,776,5384,3634,0.1468306527909177,62,5244,2878,0.015037593984962405,False,False,2873,5,5954,4410,-3634,2,5382,0,3634,0.9997732940376332,-0.8529426412467155,2940,-2878,2,5242,0,2878,0.999659979598776,-0.9846223856138135
c0_step1000,C0,flow_generation,1000,20b297ed40643b6bc82a4ce535252e578397c2eb1e76e09a90c2624980678d52,0,50,nexus_2k_001415,1609,True,evaluated,d6a26091f88cfeeb15a256c7a7d11cab63f3967dfdeac4ac5b6aea4454bc376d,757,15468,3998,0.07216396568160152,30,33284,3140,0.001644556517925666,False,False,3135,5,37874,4755,-3998,3,15465,0,3998,0.9996846420687481,-0.9275206763871465,3170,-3140,157,33127,0,3140,0.975835000769586,-0.9741904442516602
c0_step1000,C0,flow_generation,1000,20b297ed40643b6bc82a4ce535252e578397c2eb1e76e09a90c2624980678d52,0,50,nexus_2k_000283,1644,True,evaluated,9e73e38e98dfe0bbd45ad9f46ec588f2d4e7f429ef21e74ea9ab49c5add9364f,656,11963,4263,0.07480898620139126,26,22445,3243,0.00202020202020202,False,False,3238,5,25318,4919,-4263,4,11959,0,4263,0.999593578540947,-0.9247845923395557,3269,-3243,6,22439,0,3243,0.9990831295843521,-0.99706292756415
c0_step1000,C0,flow_generation,1000,20b297ed40643b6bc82a4ce535252e578397c2eb1e76e09a90c2624980678d52,0,50,nexus_2k_000935,1713,True,evaluated,1c6e45084c057cfb1d9de035dc25e5ec8a8de9b2ed6a88cf4580aacb34e399c6,731,15616,4206,0.06869009584664537,45,32273,3216,0.002529582056831277,False,False,3213,3,37149,4937,-4206,2,15614,0,4206,0.9997974888618874,-0.931107393015242,3261,-3216,48,32225,0,3216,0.9926940639269406,-0.9901644818701093
c0_step1000,C0,flow_generation,1000,20b297ed40643b6bc82a4ce535252e578397c2eb1e76e09a90c2624980678d52,0,50,nexus_2k_000815,1735,True,evaluated,c7ee8b9340642a9855e1e85e971f7b99385f806afc76e54cc422cf63225aceaf,942,10320,4090,0.11562538357677672,63,17728,3273,0.005963932408766034,False,False,3268,5,19722,5032,-4090,2,10318,0,4090,0.9998013113451222,-0.8841759277683454,3336,-3273,11,17717,0,3273,0.9983540326200808,-0.9923901002113148
c0_step1000,C0,flow_generation,1000,20b297ed40643b6bc82a4ce535252e578397c2eb1e76e09a90c2624980678d52,0,50,nexus_2k_000800,1829,True,evaluated,19a0bcd3faa1efcbd5367146bfe6e31e5114bbe023a098646ad582c400eb610b,838,14269,4647,0.08139083139083139,33,24546,3625,0.002337358784573432,False,False,3618,7,27728,5483,-4645,6,14263,2,4645,0.9992710041917259,-0.9178801728008945,3654,-3621,121,24425,4,3621,0.9831831023812727,-0.9808457435966993
c0_step1000,C0,flow_generation,1000,20b297ed40643b6bc82a4ce535252e578397c2eb1e76e09a90c2624980678d52,0,50,nexus_2k_001211,1830,True,evaluated,8610c424d756ee3b7dc8e8d7d0a769eaa12299ddd52e38079e722cbb50591261,1048,15194,4359,0.09681740496096818,85,32688,3512,0.004674182018146824,False,False,3510,2,36382,5407,-4359,4,15190,0,4359,0.9996302458864855,-0.9028128409255174,3597,-3512,12,32676,0,3512,0.9983347210657785,-0.9936605390476316
c0_step1000,C0,flow_generation,1000,20b297ed40643b6bc82a4ce535252e578397c2eb1e76e09a90c2624980678d52,0,50,nexus_2k_001093,1964,True,evaluated,b8002552e44bbe9238fce4f30a81de72318155492c852a229f4a1afa772c5e1b,814,15295,4919,0.07453529896529622,50,35612,3750,0.0025340834220262533,False,False,3747,3,38833,5733,-4919,7,15288,0,4919,0.9993898718730934,-0.9248545729077972,3800,-3750,23,35589,0,3750,0.9969828151646334,-0.9944487317426072
c0_step1000,C0,flow_generation,1000,20b297ed40643b6bc82a4ce535252e578397c2eb1e76e09a90c2624980678d52,0,50,nexus_2k_000783,2172,True,evaluated,d5619da30fb253413abaeaefce8c6f7f190cf72696701adbfde4d1f7918c9a2f,903,11014,5516,0.09849476439790576,42,13906,4228,0.004610824459325941,False,False,4223,5,15418,6419,-5516,10,11004,0,5516,0.9992216687422167,-0.900726904344311,4270,-4228,9,13897,0,4228,0.998947245291847,-0.994336420832521
c0_step1000,C0,flow_generation,1000,20b297ed40643b6bc82a4ce535252e578397c2eb1e76e09a90c2624980678d52,0,50,nexus_2k_000083,2238,True,evaluated,df2ee9add3e6c9afdd921e97e3a73de979687bdd871ee78d558f388bb65adfce,932,22954,5209,0.06207746361607886,51,64420,3908,0.0014905743095133712,False,False,3903,5,70834,6140,-5208,6,22948,1,5208,0.9994302921787255,-0.9373528285626466,3957,-3906,45,64375,2,3906,0.9940962190679563,-0.9926056447584429
c0_step1000,C0,flow_generation,1000,20b297ed40643b6bc82a4ce535252e578397c2eb1e76e09a90c2624980678d52,0,50,nexus_2k_001792,2244,True,evaluated,d56e7efbf759050869f1b7377382ebaad9782b518bae603f6d1182cee9214b2d,934,18134,5713,0.07264242659926114,53,51258,4340,0.0019029154100244148,False,False,4336,4,56579,6647,-5713,5,18129,0,5713,0.9996240318820964,-0.9269816052828352,4393,-4340,5,51253,0,4340,0.9994312364918667,-0.9975283210818423
c0_step1000,C0,flow_generation,1000,20b297ed40643b6bc82a4ce535252e578397c2eb1e76e09a90c2624980678d52,0,50,nexus_2k_000280,2279,True,evaluated,b95a89abcc9287b7e0899281c4e8665a76626384461bf10d783d8856ed6022fc,1086,15387,5743,0.09321088318599262,58,21396,4486,0.0044618816832064,False,False,4482,4,24415,6829,-5743,9,15378,0,5743,0.9993414794761103,-0.9061305962901177,4544,-4486,28,21368,0,4486,0.9969284774023695,-0.9924665957191631
c0_step1000,C0,flow_generation,1000,20b297ed40643b6bc82a4ce535252e578397c2eb1e76e09a90c2624980678d52,0,50,nexus_2k_000167,2273,True,evaluated,022d6be23046cd4bcf87d91844cd088ee7e13f8383abf37ab41cdc5acc247e4c,992,13324,5690,0.0944851890656253,51,19263,4361,0.0042990811767681025,False,False,4360,1,21314,6682,-5690,8,13316,0,5690,0.9994017349685911,-0.9049165459029658,4412,-4361,12,19251,0,4361,0.9986419194205522,-0.9943428382437841
c0_step1000,C0,flow_generation,1000,20b297ed40643b6bc82a4ce535252e578397c2eb1e76e09a90c2624980678d52,0,50,nexus_2k_001232,2398,True,evaluated,2d172b2dcfec677a8c0da393b3ed503b03df6fcc5c70345d3836fadfb54b1fab,1687,15409,5903,0.13667665883496719,143,26122,5051,0.009091198067325725,False,False,5036,15,29222,7589,-5902,14,15395,1,5902,0.9990127032185875,-0.8623360443836203,5192,-5049,17,26105,2,5049,0.9981736037681438,-0.9890824057008181
c0_step1000,C0,flow_generation,1000,20b297ed40643b6bc82a4ce535252e578397c2eb1e76e09a90c2624980678d52,0,50,nexus_2k_000898,2547,True,evaluated,62243f437a2d3be369efbaa594c1d62df24c0ae6b6ee5e72845017c2798d4fef,1420,13443,5924,0.1278876030080605,91,17762,4709,0.008034255948439501,False,False,4707,2,19428,7344,-5924,8,13435,0,5924,0.9994556341861731,-0.8715680311781127,4800,-4709,9,17753,0,4709,0.9990633780830471,-0.9910291221346076
c1_step500,C1,flow_generation,500,5f4694033858d7cbc0f3bc77be485f41f396c42f67e88797a6e963f64a5bc4e9,0,50,nexus_2k_001150,18,True,evaluated,94731f18d208efa613514e64138903cfc6a2ecb4ebc3f84c11233730413f8175,3,0,39,0.13333333333333333,0,0,28,0.0,False,False,28,0,0,42,-39,0,0,0,39,1.0,-0.8666666666666667,28,-28,0,0,0,28,1.0,-1.0
c1_step500,C1,flow_generation,500,5f4694033858d7cbc0f3bc77be485f41f396c42f67e88797a6e963f64a5bc4e9,0,50,nexus_2k_001045,54,True,evaluated,94e7912af388032aec010e8c83717f32f4326c30926a6bb29c46d8e2653861f6,0,3,156,0.0,0,0,104,0.0,False,False,104,0,0,156,-156,0,3,0,156,1.0,-1.0,104,-104,0,0,0,104,1.0,-1.0
c1_step500,C1,flow_generation,500,5f4694033858d7cbc0f3bc77be485f41f396c42f67e88797a6e963f64a5bc4e9,0,50,nexus_2k_000084,128,True,evaluated,a2928ecdd5dc18f3c076562497d2c0745e001c2d2a551b97f43e8f088d16f09e,6,7,372,0.030690537084398978,0,0,252,0.0,False,False,252,0,0,378,-372,0,7,0,372,1.0,-0.969309462915601,252,-252,0,0,0,252,1.0,-1.0
c1_step500,C1,flow_generation,500,5f4694033858d7cbc0f3bc77be485f41f396c42f67e88797a6e963f64a5bc4e9,0,50,nexus_2k_001692,150,True,evaluated,8c54fe284bc5d81374af0971a9de6ccd3da04b106a9150d87da2d4ff9628d74b,17,65,396,0.06868686868686869,0,15,274,0.0,False,False,273,1,16,413,-396,0,65,0,396,1.0,-0.9313131313131313,274,-274,0,15,0,274,1.0,-1.0
c1_step500,C1,flow_generation,500,5f4694033858d7cbc0f3bc77be485f41f396c42f67e88797a6e963f64a5bc4e9,0,50,nexus_2k_001843,188,True,evaluated,9c15fef68c6113c3507b020f883963ad7fcdca560ef8df374365ce9edb4d66b0,22,45,554,0.06842923794712286,0,3,392,0.0,False,False,392,0,3,576,-554,0,45,0,554,1.0,-0.9315707620528771,392,-392,11,-8,0,392,0.9861635220125786,-0.9861635220125786
c1_step500,C1,flow_generation,500,5f4694033858d7cbc0f3bc77be485f41f396c42f67e88797a6e963f64a5bc4e9,0,50,nexus_2k_000346,192,True,evaluated,deaba18e9ba97820e8a45273781f7458b3f2ebaf3d171cd98773f9ee4a210c88,14,77,556,0.04236006051437216,0,5,380,0.0,False,False,380,0,6,570,-556,0,77,0,556,1.0,-0.9576399394856279,380,-380,0,5,0,380,1.0,-1.0
c1_step500,C1,flow_generation,500,5f4694033858d7cbc0f3bc77be485f41f396c42f67e88797a6e963f64a5bc4e9,0,50,nexus_2k_001780,196,True,evaluated,a10c6c7e39b09d808e4dfbe606ca65eec84ed670fc32cf49ffbedc8deaee8b50,11,25,565,0.03594771241830065,0,0,384,0.0,False,False,384,0,0,576,-565,0,25,0,565,1.0,-0.9640522875816994,384,-384,0,0,0,384,1.0,-1.0
c1_step500,C1,flow_generation,500,5f4694033858d7cbc0f3bc77be485f41f396c42f67e88797a6e963f64a5bc4e9,0,50,nexus_2k_000796,200,True,evaluated,3c7bf75412c0df6c03c664bd8287f2c1cb77b7925ca7d466ef30cc54ddbcd324,28,155,606,0.06854345165238677,0,20,468,0.0,False,False,468,0,23,634,-606,1,154,0,606,0.9992119779353822,-0.9306685262829955,468,-468,41,-21,0,468,0.9580348004094166,-0.9580348004094166
c1_step500,C1,flow_generation,500,5f4694033858d7cbc0f3bc77be485f41f396c42f67e88797a6e963f64a5bc4e9,0,50,nexus_2k_001085,226,True,evaluated,92b31d7db101a4ea4975533a7ca206caa5a0a16ba2d575049705d52cc889509e,40,105,617,0.09975062344139651,0,12,432,0.0,False,False,432,0,13,657,-617,0,105,0,617,1.0,-0.9002493765586035,432,-432,1,11,0,432,0.9988439306358381,-0.9988439306358381
c1_step500,C1,flow_generation,500,5f4694033858d7cbc0f3bc77be485f41f396c42f67e88797a6e963f64a5bc4e9,0,50,nexus_2k_000020,288,True,evaluated,44b677a1b0794b4ecbf1d2cf560d2891c153e06fea6ab5970119ced2e55586e9,29,209,782,0.055290753098188754,0,50,534,0.0,False,False,534,0,58,811,-782,0,209,0,782,1.0,-0.9447092469018112,534,-534,1,49,0,534,0.9990645463049579,-0.9990645463049579
c1_step500,C1,flow_generation,500,5f4694033858d7cbc0f3bc77be485f41f396c42f67e88797a6e963f64a5bc4e9,0,50,nexus_2k_000447,332,True,evaluated,9facb7a8ac8bc133a820da86b09a49a9d80b2801070863ba4f7f7e2799d9d958,67,256,1073,0.09159261790840738,1,91,759,0.002347417840375587,False,False,759,0,109,1140,-1073,1,255,0,1073,0.9995615957913196,-0.9079689778829123,760,-759,2,89,0,759,0.9986859395532195,-0.9963385217128439
c1_step500,C1,flow_generation,500,5f4694033858d7cbc0f3bc77be485f41f396c42f67e88797a6e963f64a5bc4e9,0,50,nexus_2k_001179,325,True,evaluated,fc55fdf310642b6bc4e37d7289a7578390656ce88beeb8ab3fb1fca0588489d3,59,201,916,0.09554655870445344,0,39,650,0.0,False,False,650,0,47,975,-916,0,201,0,916,1.0,-0.9044534412955465,650,-650,0,39,0,650,1.0,-1.0
c1_step500,C1,flow_generation,500,5f4694033858d7cbc0f3bc77be485f41f396c42f67e88797a6e963f64a5bc4e9,0,50,nexus_2k_000118,362,True,evaluated,e5d49a15af22cc1a9b76297b9dc7628552a9f4bf8c7df340047b903f9088b84b,46,368,801,0.07295796986518636,1,93,501,0.003355704697986577,False,False,501,0,104,847,-801,0,368,0,801,1.0,-0.9270420301348137,502,-501,0,93,0,501,1.0,-0.9966442953020134
c1_step500,C1,flow_generation,500,5f4694033858d7cbc0f3bc77be485f41f396c42f67e88797a6e963f64a5bc4e9,0,50,nexus_2k_000074,386,True,evaluated,7ac2dc79b3cda4c017617c425327fc9bfa237aa26ccf44f7e9b754b86e018e00,65,120,1087,0.09723261032161555,0,9,768,0.0,False,False,768,0,10,1152,-1087,0,120,0,1087,1.0,-0.9027673896783844,768,-768,0,9,0,768,1.0,-1.0
c1_step500,C1,flow_generation,500,5f4694033858d7cbc0f3bc77be485f41f396c42f67e88797a6e963f64a5bc4e9,0,50,nexus_2k_000519,392,True,evaluated,53c22cdc16185c6db074c8d130e8d981b132267c9999f05fbab0dc57309ac1e7,56,270,1077,0.07676490747087046,1,52,747,0.0024968789013732834,False,False,747,0,67,1133,-1077,0,270,0,1077,1.0,-0.9232350925291295,748,-747,0,52,0,747,1.0,-0.9975031210986267
c1_step500,C1,flow_generation,500,5f4694033858d7cbc0f3bc77be485f41f396c42f67e88797a6e963f64a5bc4e9,0,50,nexus_2k_001087,426,True,evaluated,63ac7c02aef0ad1cdd98c81c5e8c3a1483e2742ec3b47e31a3d79e0e5d73b35a,83,162,1183,0.10986101919258769,3,20,841,0.006920415224913495,False,False,841,0,25,1266,-1183,0,162,0,1183,1.0,-0.8901389808074123,843,-840,1,19,1,840,0.9988151658767772,-0.9918947506518637
c1_step500,C1,flow_generation,500,5f4694033858d7cbc0f3bc77be485f41f396c42f67e88797a6e963f64a5bc4e9,0,50,nexus_2k_000053,488,True,evaluated,0936f304aa46c8b475108c523ae839133caa8dcaedb04ae3b3ae2fe31294d83e,100,1117,1358,0.07476635514018691,3,697,969,0.0035885167464114833,False,False,969,0,798,1458,-1358,2,1115,0,1358,0.9993145990404386,-0.9245482439002517,972,-969,3,694,0,969,0.9984591679506933,-0.9948706512042819
c1_step500,C1,flow_generation,500,5f4694033858d7cbc0f3bc77be485f41f396c42f67e88797a6e963f64a5bc4e9,0,50,nexus_2k_000675,516,True,evaluated,bc8c77362cbc797b39dd3d23565fee608043dd7a5dc4f9a9e46d646bb6a5e9c5,69,411,1473,0.06824925816023739,1,110,1027,0.001755926251097454,False,False,1027,0,126,1542,-1473,0,411,0,1473,1.0,-0.9317507418397626,1028,-1027,0,110,0,1027,1.0,-0.9982440737489026
c1_step500,C1,flow_generation,500,5f4694033858d7cbc0f3bc77be485f41f396c42f67e88797a6e963f64a5bc4e9,0,50,nexus_2k_001716,534,True,evaluated,19bd03beebab0738c474f330efb31cf37f1e574915ee774da4b7630355bd07f5,89,746,1455,0.0748213535098781,1,341,1023,0.0014641288433382138,False,False,1023,0,375,1544,-1455,0,746,0,1455,1.0,-0.9251786464901219,1024,-1023,10,331,0,1023,0.9951409135082604,-0.9936767846649222
c1_step500,C1,flow_generation,500,5f4694033858d7cbc0f3bc77be485f41f396c42f67e88797a6e963f64a5bc4e9,0,50,nexus_2k_000242,652,True,evaluated,c2007780fd6d028ab7d2e21f6a8e9a3e06c911f2ce4bee6a6e328fc5c557f1e5,111,1362,1851,0.06462882096069869,4,687,1304,0.00400200100050025,False,False,1304,0,770,1962,-1851,2,1360,0,1851,0.999490575649516,-0.9348617546888174,1308,-1304,51,636,0,1304,0.9808773903262092,-0.9768753893257089
c1_step500,C1,flow_generation,500,5f4694033858d7cbc0f3bc77be485f41f396c42f67e88797a6e963f64a5bc4e9,0,50,nexus_2k_000823,666,True,evaluated,c860dec021e2e959394da3d1ce421b688188a2cfb8927095e00f8e25299b8177,123,1504,1873,0.06789953077560033,5,1226,1325,0.003904724716907458,False,False,1325,0,1379,1996,-1873,0,1504,0,1873,1.0,-0.9321004692243997,1330,-1325,1,1225,0,1325,0.9996242014280345,-0.995719476711127
c1_step500,C1,flow_generation,500,5f4694033858d7cbc0f3bc77be485f41f396c42f67e88797a6e963f64a5bc4e9,0,50,nexus_2k_001536,728,True,evaluated,b65dca9f14332c562ecb26bbce3c7787f16dda6affe48cab1f8d82de290f736f,111,1032,2067,0.06684733514001806,2,353,1450,0.002213613724405091,False,False,1450,0,400,2178,-2067,0,1032,0,2067,1.0,-0.9331526648599819,1452,-1450,0,353,0,1450,1.0,-0.9977863862755949
c1_step500,C1,flow_generation,500,5f4694033858d7cbc0f3bc77be485f41f396c42f67e88797a6e963f64a5bc4e9,0,50,nexus_2k_000840,798,True,evaluated,c9467cb0a9aaf5ce2ec47251fc865ea806c690235e77b6835af58a96817f6460,129,1204,2208,0.07029972752043596,2,523,1540,0.0019351717464925011,False,False,1539,1,569,2337,-2208,2,1202,0,2208,0.9995722840034217,-0.9292725564829857,1542,-1540,3,520,0,1540,0.9990281827016521,-0.9970930109551596
c1_step500,C1,flow_generation,500,5f4694033858d7cbc0f3bc77be485f41f396c42f67e88797a6e963f64a5bc4e9,0,50,nexus_2k_001577,836,True,evaluated,e2db7703929e7d94905581e20f5b12d26f07a7de8e77d8c84e8bbf31561f79b1,141,1713,2337,0.06509695290858726,2,1163,1650,0.0014199503017394391,False,False,1650,0,1263,2478,-2337,2,1711,0,2337,0.99959661153691,-0.9344996586283227,1652,-1650,3,1160,0,1650,0.9990928333837314,-0.997672883081992
c1_step500,C1,flow_generation,500,5f4694033858d7cbc0f3bc77be485f41f396c42f67e88797a6e963f64a5bc4e9,0,50,nexus_2k_001216,938,True,evaluated,75a1c86e3ad8ecb22ddab28ed8c879ccd447ebddb8ef0c9baab8d6ff2b4dc60f,165,1138,2600,0.08112094395280237,3,575,1827,0.0024916943521594683,False,False,1827,0,626,2765,-2600,0,1138,0,2600,1.0,-0.9188790560471977,1830,-1827,0,575,0,1827,1.0,-0.9975083056478405
c1_step500,C1,flow_generation,500,5f4694033858d7cbc0f3bc77be485f41f396c42f67e88797a6e963f64a5bc4e9,0,50,nexus_2k_001331,969,True,evaluated,2de216477b7490fdc2cd327cb91de62f565d44db76da51587e9f644ab90502bd,156,2512,2580,0.05773501110288675,3,1425,1821,0.0018450184501845018,False,False,1820,1,1614,2736,-2580,4,2508,0,2580,0.9992695398100804,-0.9415345287071937,1824,-1821,18,1407,0,1821,0.9950900163666121,-0.9932449979164276
c1_step500,C1,flow_generation,500,5f4694033858d7cbc0f3bc77be485f41f396c42f67e88797a6e963f64a5bc4e9,0,50,nexus_2k_000142,1029,True,evaluated,51586b1cceeb7ec6da568d3df3bec3f1f12daea08d02b482022a6efa71839f09,164,2575,2857,0.05694444444444444,1,1362,2001,0.0005943536404160475,False,False,2001,0,1573,3021,-2857,0,2575,0,2857,1.0,-0.9430555555555555,2002,-2001,0,1362,0,2001,1.0,-0.999405646359584
c1_step500,C1,flow_generation,500,5f4694033858d7cbc0f3bc77be485f41f396c42f67e88797a6e963f64a5bc4e9,0,50,nexus_2k_001550,1137,True,evaluated,d0c4c6d8db00ee8d4833be3e534335bff8a5a87741ff5cde7cc1b841ce54d2ef,214,3272,3215,0.0618944323933478,1,2558,2311,0.0004105933073290905,False,False,2311,0,3048,3429,-3215,5,3267,0,3215,0.999271455631648,-0.9373770232383002,2312,-2311,18,2540,0,2311,0.996122361051271,-0.995711767743942
c1_step500,C1,flow_generation,500,5f4694033858d7cbc0f3bc77be485f41f396c42f67e88797a6e963f64a5bc4e9,0,50,nexus_2k_000872,1215,True,evaluated,67eb487fbf54c6d73bac2abc70044e896cfffc80cbeb4d17bc3f8ef78fe38eb4,231,3561,3207,0.06390041493775933,5,2681,2235,0.0020300446609825416,False,False,2234,1,2981,3438,-3207,2,3559,0,3207,0.9997092177958709,-0.9358088028581115,2240,-2235,92,2589,0,2235,0.9798775153105862,-0.9778474706496036
c1_step500,C1,flow_generation,500,5f4694033858d7cbc0f3bc77be485f41f396c42f67e88797a6e963f64a5bc4e9,0,50,nexus_2k_000952,1251,True,evaluated,b8be1d15fe0ebc9ea2974f5dfdf9564c249b6208fe2d8e4aee004f1e0bf523dd,255,2295,3486,0.08106819265617549,10,1385,2484,0.005142710208279763,False,False,2484,0,1558,3741,-3486,2,2293,0,3486,0.9997327632282202,-0.9186645705720448,2494,-2484,2,1383,0,2484,0.9995991983967936,-0.9944564881885138
c1_step500,C1,flow_generation,500,5f4694033858d7cbc0f3bc77be485f41f396c42f67e88797a6e963f64a5bc4e9,0,50,nexus_2k_001825,1277,True,evaluated,b047a672c29975e213da8dd21bf28f8632506b6afd627e115ab819527871a9d5,145,3945,3307,0.03845133916732962,2,2511,2272,0.0008355964069354502,False,False,2272,0,2904,3452,-3307,4,3941,0,3307,0.9994209612044007,-0.9609696220370711,2274,-2272,7,2504,0,2272,0.9984632272228321,-0.9976276308158967
c1_step500,C1,flow_generation,500,5f4694033858d7cbc0f3bc77be485f41f396c42f67e88797a6e963f64a5bc4e9,0,50,nexus_2k_001483,1418,True,evaluated,a29874c28c2387a06b17382db2a16a0262328f77da7d1f86a854ef1ce0b9a635,291,3984,3915,0.06862398302087018,6,2857,2798,0.0021175224986765486,False,False,2797,1,3157,4206,-3915,0,3984,0,3915,1.0,-0.9313760169791299,2804,-2798,0,2857,0,2798,1.0,-0.9978824775013234
c1_step500,C1,flow_generation,500,5f4694033858d7cbc0f3bc77be485f41f396c42f67e88797a6e963f64a5bc4e9,0,50,nexus_2k_001439,1446,True,evaluated,d5b241e329a3b1a974b9342f7e999bcd503805ef083a622fea808eb2b3e25a20,274,3597,4077,0.0666504500121625,2,2164,2898,0.0007895775759968417,False,False,2896,2,2390,4351,-4077,2,3595,0,4077,0.9997702205882353,-0.9331197705760728,2900,-2898,4,2160,0,2898,0.9993108201240524,-0.9985212425480555
c1_step500,C1,flow_generation,500,5f4694033858d7cbc0f3bc77be485f41f396c42f67e88797a6e963f64a5bc4e9,0,50,nexus_2k_001178,1458,True,evaluated,d226ac5354e83564aa6d04824ecdf019785e972a117edbc885af14926e019ba2,209,4868,4117,0.04445389769222589,0,2960,2875,0.0,False,False,2875,0,3405,4325,-4116,1,4867,1,4116,0.9997688395746648,-0.9553149418824389,2872,-2872,2,2958,3,2872,0.99913028352757,-0.99913028352757
c1_step500,C1,flow_generation,500,5f4694033858d7cbc0f3bc77be485f41f396c42f67e88797a6e963f64a5bc4e9,0,50,nexus_2k_001317,1536,True,evaluated,5d9853ff363decec5e75997f50a8ab420b68eb2a9de025801699c88116ed8939,277,10219,4085,0.03728631040516893,2,16825,2902,0.00020272667376210025,False,False,2902,0,19417,4362,-4085,5,10214,0,4085,0.9994271967006529,-0.962140886295484,2904,-2902,94,16731,0,2902,0.9840731955269401,-0.983870468853178
c1_step500,C1,flow_generation,500,5f4694033858d7cbc0f3bc77be485f41f396c42f67e88797a6e963f64a5bc4e9,0,50,nexus_2k_000869,1590,True,evaluated,4be78f396f43d455ed9620bd5671b1203afb425e12866ab074f1e058d52d38f2,322,4254,4088,0.07166703761406633,12,2596,2928,0.004325883201153569,False,False,2928,0,2984,4410,-4088,2,4252,0,4088,0.9997732940376332,-0.9281062564235668,2940,-2928,2,2594,0,2928,0.999659979598776,-0.9953340963976224
c1_step500,C1,flow_generation,500,5f4694033858d7cbc0f3bc77be485f41f396c42f67e88797a6e963f64a5bc4e9,0,50,nexus_2k_001415,1609,True,evaluated,ca06f3f672a245ce91d0fd69f1cab3b96de8ac95eed1735e1e2cb8184dbbae38,356,7954,4399,0.05449674703406047,5,8491,3165,0.0008571918395336877,False,False,3165,0,9705,4755,-4399,3,7951,0,4399,0.9996846420687481,-0.9451878950346876,3170,-3165,157,8334,0,3165,0.975835000769586,-0.9749778089300523
c1_step500,C1,flow_generation,500,5f4694033858d7cbc0f3bc77be485f41f396c42f67e88797a6e963f64a5bc4e9,0,50,nexus_2k_000283,1644,True,evaluated,3a893514e8507aa53988577131ae147027647be22bb67edf1f7cebe7ade45804,347,7759,4572,0.05328214971209213,8,9077,3261,0.0012951270843451514,False,False,3260,1,10165,4919,-4572,4,7755,0,4572,0.999593578540947,-0.9463114288288549,3269,-3261,6,9071,0,3261,0.9990831295843521,-0.9977880025000069
c1_step500,C1,flow_generation,500,5f4694033858d7cbc0f3bc77be485f41f396c42f67e88797a6e963f64a5bc4e9,0,50,nexus_2k_000935,1713,True,evaluated,7bf6ae91418ba52782221bae225e171b7e9f55145f40d14ca3a14c195378e9d2,284,7620,4653,0.04423331516237053,1,6711,3260,0.0002005414619472576,False,False,3260,0,7669,4937,-4653,2,7618,0,4653,0.9997974888618874,-0.9555641736995169,3261,-3260,48,6663,0,3260,0.9926940639269406,-0.9924935224649933
c1_step500,C1,flow_generation,500,5f4694033858d7cbc0f3bc77be485f41f396c42f67e88797a6e963f64a5bc4e9,0,50,nexus_2k_000815,1735,True,evaluated,3eae3d063892e7673c81f1ec14f4b144d9cc5da83211ce188b84c0b947b146b1,357,6304,4675,0.06106217395022663,7,5195,3329,0.0016397282736003748,False,False,3329,0,5926,5032,-4675,2,6302,0,4675,0.9998013113451222,-0.9387391373948956,3336,-3329,11,5184,0,3329,0.9983540326200808,-0.9967143043464805
c1_step500,C1,flow_generation,500,5f4694033858d7cbc0f3bc77be485f41f396c42f67e88797a6e963f64a5bc4e9,0,50,nexus_2k_000800,1829,True,evaluated,4ccaf2ef0516d444737af5214cac951c059f8a92aaec4f9a950e887fc7675b09,313,6926,5172,0.049198365293932726,1,5433,3657,0.0002199736031676199,False,False,3657,0,6240,5483,-5170,6,6920,2,5170,0.9992710041917259,-0.9500726388977931,3654,-3653,121,5312,4,3653,0.9831831023812727,-0.9829631287781051
c1_step500,C1,flow_generation,500,5f4694033858d7cbc0f3bc77be485f41f396c42f67e88797a6e963f64a5bc4e9,0,50,nexus_2k_001211,1830,True,evaluated,3a46ace4e6f80ff8cc5d2b78081fd177981be61b8ceea8d79759530f776ededa,408,7872,4999,0.05961861620515818,7,8657,3590,0.0011418318244841366,False,False,3586,4,9374,5407,-4999,4,7868,0,4999,0.9996302458864855,-0.9400116296813273,3597,-3590,12,8645,0,3590,0.9983347210657785,-0.9971928892412943
c1_step500,C1,flow_generation,500,5f4694033858d7cbc0f3bc77be485f41f396c42f67e88797a6e963f64a5bc4e9,0,50,nexus_2k_001093,1964,True,evaluated,ce13bb36cb2ad12fb0eb2c37e0ac96304d07e77aa62b0663afd4e614b2a988a1,350,9012,5383,0.04637297118251076,6,11100,3794,0.0008050449483429492,False,False,3794,0,12169,5733,-5383,7,9005,0,5383,0.9993898718730934,-0.9530169006905826,3800,-3794,23,11077,0,3794,0.9969828151646334,-0.9961777702162904
c1_step500,C1,flow_generation,500,5f4694033858d7cbc0f3bc77be485f41f396c42f67e88797a6e963f64a5bc4e9,0,50,nexus_2k_000783,2172,True,evaluated,e16e5294e834fd0086e2a506f54845c696f6d33307bc02d5d62cbef505f8c7c8,420,7210,5999,0.059790732436472344,8,5540,4262,0.0016296598085149725,False,False,4262,0,6208,6419,-5999,10,7200,0,5999,0.9992216687422167,-0.9394309363057444,4270,-4262,9,5531,0,4262,0.998947245291847,-0.997317585483332
c1_step500,C1,flow_generation,500,5f4694033858d7cbc0f3bc77be485f41f396c42f67e88797a6e963f64a5bc4e9,0,50,nexus_2k_000083,2238,True,evaluated,93653752bf3f6dddfd8025fbae6f973e175f8dea15394f4fe604d2aa15ed858e,373,12408,5768,0.03942500792728042,9,16861,3950,0.0008641797493878727,False,False,3949,1,18655,6140,-5767,6,12402,1,5767,0.9994302921787255,-0.960005284251445,3957,-3948,45,16816,2,3948,0.9940962190679563,-0.9932320393185684
c1_step500,C1,flow_generation,500,5f4694033858d7cbc0f3bc77be485f41f396c42f67e88797a6e963f64a5bc4e9,0,50,nexus_2k_001792,2244,True,evaluated,5140a60542c2ff4ea605e0b2d4d813a87012120717fcb91de18bcff27387b5d0,447,12741,6200,0.045071842702293925,8,21133,4385,0.0006266154930680662,False,False,4384,1,23521,6647,-6200,5,12736,0,6200,0.9996240318820964,-0.9545521891798024,4393,-4385,5,21128,0,4385,0.9994312364918667,-0.9988046209987986
c1_step500,C1,flow_generation,500,5f4694033858d7cbc0f3bc77be485f41f396c42f67e88797a6e963f64a5bc4e9,0,50,nexus_2k_000280,2279,True,evaluated,65e6708501e238dab21a53fecf63b29835caf764fc70f91feae4f805349e7934,388,9326,6441,0.04690805778879284,12,7149,4532,0.0020504058094831267,False,False,4532,0,8086,6829,-6441,9,9317,0,6441,0.9993414794761103,-0.9524334216873175,4544,-4532,28,7121,0,4532,0.9969284774023695,-0.9948780715928863
c1_step500,C1,flow_generation,500,5f4694033858d7cbc0f3bc77be485f41f396c42f67e88797a6e963f64a5bc4e9,0,50,nexus_2k_000167,2273,True,evaluated,288774e8b0c8066f608d00170c30fccced65f9f4610f73793bd1d18d5de7be6b,442,7664,6240,0.05977819853935624,7,5796,4405,0.0013705335291238376,False,False,4405,0,6377,6682,-6240,8,7656,0,6240,0.9994017349685911,-0.9396235364292348,4412,-4405,12,5784,0,4405,0.9986419194205522,-0.9972713858914284
c1_step500,C1,flow_generation,500,5f4694033858d7cbc0f3bc77be485f41f396c42f67e88797a6e963f64a5bc4e9,0,50,nexus_2k_001232,2398,True,evaluated,4348194567994d3ddb4a00737f03899cf5fe5e04a10e8a50cb73658233a3b7d6,516,6954,7074,0.06852589641434263,15,4012,5179,0.0032534432274156817,False,False,5179,0,4470,7589,-7073,14,6940,1,7073,0.9990127032185875,-0.9304868068042449,5192,-5177,17,3995,2,5177,0.9981736037681438,-0.9949201605407281
c1_step500,C1,flow_generation,500,5f4694033858d7cbc0f3bc77be485f41f396c42f67e88797a6e963f64a5bc4e9,0,50,nexus_2k_000898,2547,True,evaluated,755e731396ffe631e46fe9aaaabaaba8d0e5a389f14d7c2549dde38e1375993e,526,7932,6818,0.06657385141121377,8,5136,4792,0.0016090104585679806,False,False,4791,1,5651,7344,-6818,8,7924,0,6818,0.9994556341861731,-0.9328817827749594,4800,-4792,9,5127,0,4792,0.9990633780830471,-0.9974543676244791
c1_step904,C1,flow_generation,904,ecc06db9adfaeb56be24ea23ec84ba1b2eee231d250cb7433d59e8503416f197,0,50,nexus_2k_001150,18,False,evaluated,bf0e6a15b4babf9a6608a2cf72ad4820ad0f05c1feceb1d91c3e8fa00973ee75,10,1,32,0.37735849056603776,1,0,27,0.06896551724137931,False,False,27,0,1,42,-32,0,1,0,32,1.0,-0.6226415094339622,28,-27,0,0,0,27,1.0,-0.9310344827586207
c1_step904,C1,flow_generation,904,ecc06db9adfaeb56be24ea23ec84ba1b2eee231d250cb7433d59e8503416f197,0,50,nexus_2k_001045,54,False,evaluated,fb51b7fe43183a133e9e8580cd5003e3420ad44a8883da5fa1be59c9bad640d4,19,3,137,0.21348314606741572,0,1,104,0.0,False,False,104,0,1,156,-137,0,3,0,137,1.0,-0.7865168539325843,104,-104,0,1,0,104,1.0,-1.0
c1_step904,C1,flow_generation,904,ecc06db9adfaeb56be24ea23ec84ba1b2eee231d250cb7433d59e8503416f197,0,50,nexus_2k_000084,128,False,evaluated,311e1e95cfa7699d1575c67851bc672e66232e7e1ec660044d914ec6417879a1,46,23,332,0.2058165548098434,0,4,252,0.0,False,False,252,0,5,378,-332,0,23,0,332,1.0,-0.7941834451901566,252,-252,0,4,0,252,1.0,-1.0
c1_step904,C1,flow_generation,904,ecc06db9adfaeb56be24ea23ec84ba1b2eee231d250cb7433d59e8503416f197,0,50,nexus_2k_001692,150,False,evaluated,614d7a963f618d3109c9b68b09fc5d352da5922a583f5854ab1cd7e4bbf9ddb5,96,73,317,0.32989690721649484,6,31,268,0.03858520900321544,False,False,268,0,42,413,-317,0,73,0,317,1.0,-0.6701030927835052,274,-268,0,31,0,268,1.0,-0.9614147909967845
c1_step904,C1,flow_generation,904,ecc06db9adfaeb56be24ea23ec84ba1b2eee231d250cb7433d59e8503416f197,0,50,nexus_2k_001843,188,False,evaluated,bfb2f65134ef9a28a2c38c03b719a59a38e10fbbf7704ddab7bf2e1ab605438c,101,130,475,0.2503097893432466,3,41,389,0.013761467889908258,False,False,389,0,57,576,-475,0,130,0,475,1.0,-0.7496902106567533,392,-389,11,30,0,389,0.9861635220125786,-0.9724020541226703
c1_step904,C1,flow_generation,904,ecc06db9adfaeb56be24ea23ec84ba1b2eee231d250cb7433d59e8503416f197,0,50,nexus_2k_000346,192,False,evaluated,66671713747a5fcc0d22c1b1125b9a9d1511f2c0ea6a66a1257493b9a641a939,87,133,483,0.22025316455696203,3,46,377,0.013986013986013986,False,False,377,0,54,570,-483,0,133,0,483,1.0,-0.7797468354430379,380,-377,0,46,0,377,1.0,-0.986013986013986
c1_step904,C1,flow_generation,904,ecc06db9adfaeb56be24ea23ec84ba1b2eee231d250cb7433d59e8503416f197,0,50,nexus_2k_001780,196,False,evaluated,823faa89f5cd04941df8cbb7830597458a16be14a01d411bddd05c9b6442fe78,59,36,517,0.17585692995529062,2,4,382,0.010256410256410256,False,False,382,0,7,576,-517,0,36,0,517,1.0,-0.8241430700447094,384,-382,0,4,0,382,1.0,-0.9897435897435898
c1_step904,C1,flow_generation,904,ecc06db9adfaeb56be24ea23ec84ba1b2eee231d250cb7433d59e8503416f197,0,50,nexus_2k_000796,200,False,evaluated,266b3eceaeb386611ebd6935a6dcf2ca43727e685c1cfb1867959695fb63c4e5,89,197,545,0.1934782608695652,3,111,465,0.010309278350515464,False,False,465,0,121,634,-545,1,196,0,545,0.9992119779353822,-0.805733717065817,468,-465,41,70,0,465,0.9580348004094166,-0.9477255220589011
c1_step904,C1,flow_generation,904,ecc06db9adfaeb56be24ea23ec84ba1b2eee231d250cb7433d59e8503416f197,0,50,nexus_2k_001085,226,False,evaluated,e6c45f02f08383b6ba85b3e1f11a5c4a3183baaf774337fad87c0875692a5475,95,60,562,0.23399014778325122,6,16,426,0.02643171806167401,False,False,426,0,24,657,-562,0,60,0,562,1.0,-0.7660098522167488,432,-426,1,15,0,426,0.9988439306358381,-0.9724122125741641
c1_step904,C1,flow_generation,904,ecc06db9adfaeb56be24ea23ec84ba1b2eee231d250cb7433d59e8503416f197,0,50,nexus_2k_000020,288,False,evaluated,3ec58bf242f4555257b65d6e24fc6193e50e4266e3a3fb30fa92bff659351c49,111,250,700,0.189419795221843,1,87,533,0.003215434083601286,False,False,532,1,99,811,-700,0,250,0,700,1.0,-0.810580204778157,534,-533,1,86,0,533,0.9990645463049579,-0.9958491122213566
c1_step904,C1,flow_generation,904,ecc06db9adfaeb56be24ea23ec84ba1b2eee231d250cb7433d59e8503416f197,0,50,nexus_2k_000447,332,False,evaluated,42239fbbebe489f9b618ce40d30b1c8d7dc182422da60434363081405e74d2ba,221,292,919,0.2673926194797338,14,162,746,0.029914529914529916,False,False,746,0,192,1140,-919,1,291,0,919,0.9995615957913196,-0.7321689763115858,760,-746,2,160,0,746,0.9986859395532195,-0.9687714096386896
c1_step904,C1,flow_generation,904,ecc06db9adfaeb56be24ea23ec84ba1b2eee231d250cb7433d59e8503416f197,0,50,nexus_2k_001179,325,False,evaluated,38e23c30c4117c5edd7ec50ea57826199e8b64b3ec5802f81b7b20d91cf6ddc0,205,314,770,0.2744310575635877,25,176,625,0.05875440658049354,False,False,624,1,221,975,-770,0,314,0,770,1.0,-0.7255689424364122,650,-625,0,176,0,625,1.0,-0.9412455934195064
c1_step904,C1,flow_generation,904,ecc06db9adfaeb56be24ea23ec84ba1b2eee231d250cb7433d59e8503416f197,0,50,nexus_2k_000118,362,False,evaluated,0632cf8c8e4e4e127718c5cb4fc34538222c12499af750aaa1d5fe055f095afa,133,363,714,0.19806403574087864,5,118,497,0.016,False,False,496,1,143,847,-714,0,363,0,714,1.0,-0.8019359642591214,502,-497,0,118,0,497,1.0,-0.984
c1_step904,C1,flow_generation,904,ecc06db9adfaeb56be24ea23ec84ba1b2eee231d250cb7433d59e8503416f197,0,50,nexus_2k_000074,386,False,evaluated,af7e8240efdb79982b8faaa6e8c79bdbd92e110c1f5fa50f983794ff05219027,207,162,945,0.27218934911242604,9,58,759,0.02155688622754491,False,False,757,2,74,1152,-945,0,162,0,945,1.0,-0.7278106508875739,768,-759,0,58,0,759,1.0,-0.9784431137724551
c1_step904,C1,flow_generation,904,ecc06db9adfaeb56be24ea23ec84ba1b2eee231d250cb7433d59e8503416f197,0,50,nexus_2k_000519,392,False,evaluated,7022dd5ee4f92f6d4048d93ce42bbefebcbed2a79b7010c3497f6d660712298e,146,320,987,0.18261413383364603,5,111,743,0.011574074074074073,False,False,743,0,134,1133,-987,0,320,0,987,1.0,-0.817385866166354,748,-743,0,111,0,743,1.0,-0.9884259259259259
c1_step904,C1,flow_generation,904,ecc06db9adfaeb56be24ea23ec84ba1b2eee231d250cb7433d59e8503416f197,0,50,nexus_2k_001087,426,False,evaluated,7b44422e1f4bab4d5ba1eb0d5090ba4214c113ef2bef480e9d9ad522c26903dd,241,312,1025,0.26498075865860365,23,152,821,0.045142296368989206,False,False,820,1,187,1266,-1025,0,312,0,1025,1.0,-0.7350192413413963,843,-820,1,151,1,820,0.9988151658767772,-0.953672869507788
c1_step904,C1,flow_generation,904,ecc06db9adfaeb56be24ea23ec84ba1b2eee231d250cb7433d59e8503416f197,0,50,nexus_2k_000053,488,False,evaluated,7805cbbc77d26a0964ac379f7c9324a948e943a8d7bb648b92f87ef7cf6c850a,417,789,1041,0.3130630630630631,48,574,924,0.060225846925972396,False,False,921,3,677,1458,-1041,2,787,0,1041,0.9993145990404386,-0.6862515359773755,972,-924,3,571,0,924,0.9984591679506933,-0.9382333210247209
c1_step904,C1,flow_generation,904,ecc06db9adfaeb56be24ea23ec84ba1b2eee231d250cb7433d59e8503416f197,0,50,nexus_2k_000675,516,False,evaluated,1d32eb902d42f4610fe9f0c5f2bec30ed036b86202927fac5b0a258128f74706,197,526,1345,0.1739514348785872,12,246,1016,0.01866251944012442,False,False,1016,0,277,1542,-1345,0,526,0,1345,1.0,-0.8260485651214128,1028,-1016,0,246,0,1016,1.0,-0.9813374805598756
c1_step904,C1,flow_generation,904,ecc06db9adfaeb56be24ea23ec84ba1b2eee231d250cb7433d59e8503416f197,0,50,nexus_2k_001716,534,False,evaluated,280bb5892468bedc66e7460bc223758826278774bf79016051658cf913656fe2,261,811,1283,0.19954128440366972,23,618,1001,0.02762762762762763,False,False,1001,0,663,1544,-1283,0,811,0,1283,1.0,-0.8004587155963303,1024,-1001,10,608,0,1001,0.9951409135082604,-0.9675132858806328
c1_step904,C1,flow_generation,904,ecc06db9adfaeb56be24ea23ec84ba1b2eee231d250cb7433d59e8503416f197,0,50,nexus_2k_000242,652,False,evaluated,ceb67d25eed4eb982302f479c0f64d6471116f0bfb64d5563746149f0fbd0b1a,396,2064,1566,0.1791044776119403,30,2054,1278,0.01768867924528302,False,False,1276,2,2359,1962,-1566,2,2062,0,1566,0.999490575649516,-0.8203860980375758,1308,-1278,51,2003,0,1278,0.9808773903262092,-0.9631887110809262
c1_step904,C1,flow_generation,904,ecc06db9adfaeb56be24ea23ec84ba1b2eee231d250cb7433d59e8503416f197,0,50,nexus_2k_000823,666,False,evaluated,5586d93e053eb8870934c0adf04501bf08f70ef609f2c3f38a608c8ec4c9a28f,429,1891,1567,0.19879518072289157,46,2724,1284,0.0224390243902439,False,False,1283,1,3022,1996,-1567,0,1891,0,1567,1.0,-0.8012048192771084,1330,-1284,1,2723,0,1284,0.9996242014280345,-0.9771851770377906
c1_step904,C1,flow_generation,904,ecc06db9adfaeb56be24ea23ec84ba1b2eee231d250cb7433d59e8503416f197,0,50,nexus_2k_001536,728,False,evaluated,bc5e6abea893ed16bbafa23a17f9037e34fc22f01f80107d4654ac18ec2723d3,282,447,1896,0.19401444788441694,11,108,1441,0.014003819223424571,False,False,1441,0,136,2178,-1896,0,447,0,1896,1.0,-0.8059855521155831,1452,-1441,0,108,0,1441,1.0,-0.9859961807765755
c1_step904,C1,flow_generation,904,ecc06db9adfaeb56be24ea23ec84ba1b2eee231d250cb7433d59e8503416f197,0,50,nexus_2k_000840,798,False,evaluated,26009d3ac1152b73732575820f28501060a77fa35d8895e4a2349a8bf4e9915b,307,1118,2030,0.16321105794790006,17,775,1525,0.01456726649528706,False,False,1524,1,837,2337,-2030,2,1116,0,2030,0.9995722840034217,-0.8363612260555217,1542,-1525,3,772,0,1525,0.9990281827016521,-0.984460916206365
c1_step904,C1,flow_generation,904,ecc06db9adfaeb56be24ea23ec84ba1b2eee231d250cb7433d59e8503416f197,0,50,nexus_2k_001577,836,False,evaluated,357369a2dfafb39bba4927027237c48a7531723dd9d31dda9f7f104a01a36b80,337,921,2141,0.180406852248394,12,405,1640,0.011599806669888834,False,False,1640,0,438,2478,-2141,2,919,0,2141,0.99959661153691,-0.819189759288516,1652,-1640,3,402,0,1640,0.9990928333837314,-0.9874930267138426
c1_step904,C1,flow_generation,904,ecc06db9adfaeb56be24ea23ec84ba1b2eee231d250cb7433d59e8503416f197,0,50,nexus_2k_001216,938,False,evaluated,e585db5b7ff58e6fcb98326392bac74c372b0ddfbf54aabd6819bbd393c40ac3,437,1184,2328,0.19927040583675332,22,928,1808,0.015827338129496403,False,False,1807,1,1015,2765,-2328,0,1184,0,2328,1.0,-0.8007295941632466,1830,-1808,0,928,0,1808,1.0,-0.9841726618705036
c1_step904,C1,flow_generation,904,ecc06db9adfaeb56be24ea23ec84ba1b2eee231d250cb7433d59e8503416f197,0,50,nexus_2k_001331,969,False,evaluated,c932c739fcd70fe3efa6baab21f24514113d4ce3cdd1733a76c5f03e7dbc589b,478,4274,2258,0.12767094017094016,48,4936,1776,0.01410105757931845,False,False,1772,4,5620,2736,-2258,4,4270,0,2258,0.9992695398100804,-0.8715985996391402,1824,-1776,18,4918,0,1776,0.9950900163666121,-0.9809889587872936
c1_step904,C1,flow_generation,904,ecc06db9adfaeb56be24ea23ec84ba1b2eee231d250cb7433d59e8503416f197,0,50,nexus_2k_000142,1029,False,evaluated,861b0893091c845b19c50d81c7ac1afad340b76d95b7bd6fc22599e09fa4200e,371,1021,2650,0.16813958758214367,15,555,1987,0.01166407465007776,False,False,1986,1,616,3021,-2650,0,1021,0,2650,1.0,-0.8318604124178564,2002,-1987,0,555,0,1987,1.0,-0.9883359253499222
c1_step904,C1,flow_generation,904,ecc06db9adfaeb56be24ea23ec84ba1b2eee231d250cb7433d59e8503416f197,0,50,nexus_2k_001550,1137,False,evaluated,de3975c9a797991f24cb393a333dfa9ed05bc531fd4e25edeb647956d23a5c9d,496,2515,2933,0.15403726708074533,29,1900,2283,0.013676019806649375,False,False,2281,2,2120,3429,-2933,5,2510,0,2933,0.999271455631648,-0.8452341885509027,2312,-2283,18,1882,0,2283,0.996122361051271,-0.9824463412446217
c1_step904,C1,flow_generation,904,ecc06db9adfaeb56be24ea23ec84ba1b2eee231d250cb7433d59e8503416f197,0,50,nexus_2k_000872,1215,False,evaluated,d6d3cf85393890c051b7bd1843e06a8601dfdf9fe537459de6efa84d96a81ef5,650,5349,2788,0.13775564268305607,42,8302,2198,0.007936507936507936,False,False,2195,3,9137,3438,-2788,2,5347,0,2788,0.9997092177958709,-0.8619535751128148,2240,-2198,92,8210,0,2198,0.9798775153105862,-0.9719410073740783
c1_step904,C1,flow_generation,904,ecc06db9adfaeb56be24ea23ec84ba1b2eee231d250cb7433d59e8503416f197,0,50,nexus_2k_000952,1251,False,evaluated,8d66859124128b645aa448da229356ae11f446098cbf691bcef84607e15af0c3,810,3636,2931,0.1978746793697325,87,5231,2407,0.02227342549923195,False,False,2402,5,5914,3741,-2931,2,3634,0,2931,0.9997327632282202,-0.8018580838584878,2494,-2407,2,5229,0,2407,0.9995991983967936,-0.9773257728975616
c1_step904,C1,flow_generation,904,ecc06db9adfaeb56be24ea23ec84ba1b2eee231d250cb7433d59e8503416f197,0,50,nexus_2k_001825,1277,False,evaluated,c4428d0c3968a31a1cceb77a570406b176c6fca3143ec6916ca2bfb457bc9065,345,3164,3107,0.0991236891251257,18,2285,2256,0.007865414026655014,False,False,2252,4,2555,3452,-3107,4,3160,0,3107,0.9994209612044007,-0.900297272079275,2274,-2256,7,2278,0,2256,0.9984632272228321,-0.9905978131961771
c1_step904,C1,flow_generation,904,ecc06db9adfaeb56be24ea23ec84ba1b2eee231d250cb7433d59e8503416f197,0,50,nexus_2k_001483,1418,False,evaluated,55b91610ab70caa170a311bef809149b130b665c18c1167bc08523064a6c03a0,792,4748,3414,0.16252821670428894,66,6931,2738,0.013468013468013467,False,False,2736,2,7507,4206,-3414,0,4748,0,3414,1.0,-0.837471783295711,2804,-2738,0,6931,0,2738,1.0,-0.9865319865319865
c1_step904,C1,flow_generation,904,ecc06db9adfaeb56be24ea23ec84ba1b2eee231d250cb7433d59e8503416f197,0,50,nexus_2k_001439,1446,False,evaluated,97631e2a2e8eef182c03876ee0d9068884df83347ff0822cf215335d97c1f879,763,3797,3588,0.17124901806755696,52,2762,2848,0.018200910045502276,False,False,2844,4,3064,4351,-3588,2,3795,0,3588,0.9997702205882353,-0.8285212025206783,2900,-2848,4,2758,0,2848,0.9993108201240524,-0.9811099100785501
c1_step904,C1,flow_generation,904,ecc06db9adfaeb56be24ea23ec84ba1b2eee231d250cb7433d59e8503416f197,0,50,nexus_2k_001178,1458,False,evaluated,38d7e64fcb9877cc4d359620b9a5f48b11c3c8145f72e49520f5f3d96da3605a,450,3041,3876,0.1151336829985928,14,1843,2861,0.005917159763313609,False,False,2860,1,2098,4325,-3875,1,3040,1,3875,0.9997688395746648,-0.884635156576072,2872,-2858,2,1841,3,2858,0.99913028352757,-0.9932131237642564
c1_step904,C1,flow_generation,904,ecc06db9adfaeb56be24ea23ec84ba1b2eee231d250cb7433d59e8503416f197,0,50,nexus_2k_001317,1536,False,evaluated,92a01e0051fde560bd6cb5823c0c87634cb087b7ae5dd5403db7e66c2ec914f4,591,9666,3771,0.08085368356248718,35,16122,2869,0.003672420124862284,False,False,2869,0,18024,4362,-3771,5,9661,0,3771,0.9994271967006529,-0.9185735131381658,2904,-2869,94,16028,0,2869,0.9840731955269401,-0.9804007754020778
c1_step904,C1,flow_generation,904,ecc06db9adfaeb56be24ea23ec84ba1b2eee231d250cb7433d59e8503416f197,0,50,nexus_2k_000869,1590,False,evaluated,44ccdddcbea72b63958ecc32212d23f7dad6b4b43180ced2bd6a1dd3b622b7fb,847,3789,3563,0.18726508954233917,78,3593,2862,0.02359703524428982,False,False,2858,4,3994,4410,-3563,2,3787,0,3563,0.9997732940376332,-0.812508204495294,2940,-2862,2,3591,0,2862,0.999659979598776,-0.9760629443544862
c1_step904,C1,flow_generation,904,ecc06db9adfaeb56be24ea23ec84ba1b2eee231d250cb7433d59e8503416f197,0,50,nexus_2k_001415,1609,False,evaluated,9753eb0474b81bf91ce60199845f71317e14749a60b35f79635083bf648c0da6,1065,10991,3690,0.12670275414906906,78,20169,3092,0.0066618268779092115,False,False,3089,3,23009,4755,-3690,3,10988,0,3690,0.9996846420687481,-0.872981887919679,3170,-3092,157,20012,0,3092,0.975835000769586,-0.9691731738916768
c1_step904,C1,flow_generation,904,ecc06db9adfaeb56be24ea23ec84ba1b2eee231d250cb7433d59e8503416f197,0,50,nexus_2k_000283,1644,False,evaluated,a618079b7bd7ffa458dbede79bd344fec1238640a0f59cbadc7e365d0ed72681,668,3421,4251,0.1483126110124334,35,2349,3234,0.012382805589952238,False,False,3233,1,2585,4919,-4251,4,3417,0,4251,0.999593578540947,-0.8512809675285136,3269,-3234,6,2343,0,3234,0.9990831295843521,-0.9867003239943999
c1_step904,C1,flow_generation,904,ecc06db9adfaeb56be24ea23ec84ba1b2eee231d250cb7433d59e8503416f197,0,50,nexus_2k_000935,1713,False,evaluated,7e3d559b2434a2037f77acc487bf5b0acf6c6fb8887097f2a88d8f27f976240a,724,7727,4213,0.10815655811174185,35,8538,3226,0.005915159709312151,False,False,3223,3,9567,4937,-4213,2,7725,0,4213,0.9997974888618874,-0.8916409307501455,3261,-3226,48,8490,0,3226,0.9926940639269406,-0.9867789042176285
c1_step904,C1,flow_generation,904,ecc06db9adfaeb56be24ea23ec84ba1b2eee231d250cb7433d59e8503416f197,0,50,nexus_2k_000815,1735,False,evaluated,06a4e831ea04020c8bab134a14cdd2577031c9e6829f693eafe937621738a4a2,1006,6735,4026,0.15751976826117592,95,8568,3241,0.015834652887740646,False,False,3240,1,9492,5032,-4026,2,6733,0,4026,0.9998013113451222,-0.8422815430839463,3336,-3241,11,8557,0,3241,0.9983540326200808,-0.9825193797323402
c1_step904,C1,flow_generation,904,ecc06db9adfaeb56be24ea23ec84ba1b2eee231d250cb7433d59e8503416f197,0,50,nexus_2k_000800,1829,False,evaluated,708dad2a3f294d64fe2ae8cb3012ff9a2ee55af729fedf913aa131ab9b414c8e,873,7503,4612,0.12596493759469013,33,6395,3625,0.006543723973825104,False,False,3624,1,7365,5483,-4610,6,7497,2,4610,0.9992710041917259,-0.8733060665970358,3654,-3621,121,6274,4,3621,0.9831831023812727,-0.9766393784074476
c1_step904,C1,flow_generation,904,ecc06db9adfaeb56be24ea23ec84ba1b2eee231d250cb7433d59e8503416f197,0,50,nexus_2k_001211,1830,False,not_evaluated,,,,,,,,,,,,,,,5407,,4,,0,,0.9996302458864855,,3597,,12,,0,,0.9983347210657785,
c1_step904,C1,flow_generation,904,ecc06db9adfaeb56be24ea23ec84ba1b2eee231d250cb7433d59e8503416f197,0,50,nexus_2k_001093,1964,False,not_evaluated,,,,,,,,,,,,,,,5733,,7,,0,,0.9993898718730934,,3800,,23,,0,,0.9969828151646334,
c1_step904,C1,flow_generation,904,ecc06db9adfaeb56be24ea23ec84ba1b2eee231d250cb7433d59e8503416f197,0,50,nexus_2k_000783,2172,False,not_evaluated,,,,,,,,,,,,,,,6419,,10,,0,,0.9992216687422167,,4270,,9,,0,,0.998947245291847,
c1_step904,C1,flow_generation,904,ecc06db9adfaeb56be24ea23ec84ba1b2eee231d250cb7433d59e8503416f197,0,50,nexus_2k_000083,2238,False,not_evaluated,,,,,,,,,,,,,,,6140,,6,,1,,0.9994302921787255,,3957,,45,,2,,0.9940962190679563,
c1_step904,C1,flow_generation,904,ecc06db9adfaeb56be24ea23ec84ba1b2eee231d250cb7433d59e8503416f197,0,50,nexus_2k_001792,2244,False,not_evaluated,,,,,,,,,,,,,,,6647,,5,,0,,0.9996240318820964,,4393,,5,,0,,0.9994312364918667,
c1_step904,C1,flow_generation,904,ecc06db9adfaeb56be24ea23ec84ba1b2eee231d250cb7433d59e8503416f197,0,50,nexus_2k_000280,2279,False,not_evaluated,,,,,,,,,,,,,,,6829,,9,,0,,0.9993414794761103,,4544,,28,,0,,0.9969284774023695,
c1_step904,C1,flow_generation,904,ecc06db9adfaeb56be24ea23ec84ba1b2eee231d250cb7433d59e8503416f197,0,50,nexus_2k_000167,2273,False,not_evaluated,,,,,,,,,,,,,,,6682,,8,,0,,0.9994017349685911,,4412,,12,,0,,0.9986419194205522,
c1_step904,C1,flow_generation,904,ecc06db9adfaeb56be24ea23ec84ba1b2eee231d250cb7433d59e8503416f197,0,50,nexus_2k_001232,2398,False,not_evaluated,,,,,,,,,,,,,,,7589,,14,,1,,0.9990127032185875,,5192,,17,,2,,0.9981736037681438,
c1_step904,C1,flow_generation,904,ecc06db9adfaeb56be24ea23ec84ba1b2eee231d250cb7433d59e8503416f197,0,50,nexus_2k_000898,2547,False,not_evaluated,,,,,,,,,,,,,,,7344,,8,,0,,0.9994556341861731,,4800,,9,,0,,0.9990633780830471,
c2_step500,C2,flow_generation,500,d73446bd7bffce8f7bdf3ba69c2fc3ff7ff7f2c4f4f3f54a6b92a05c232bbc25,0,50,nexus_2k_001150,18,False,evaluated,d0e1e1f9402ecba6cbf7e3e021661168be38bff5676b3f1e12cead489dfadae8,6,2,36,0.24,0,0,28,0.0,False,False,28,0,0,42,-36,0,2,0,36,1.0,-0.76,28,-28,0,0,0,28,1.0,-1.0
c2_step500,C2,flow_generation,500,d73446bd7bffce8f7bdf3ba69c2fc3ff7ff7f2c4f4f3f54a6b92a05c232bbc25,0,50,nexus_2k_001045,54,False,evaluated,e7735beabb205c3fc3cf603c982fd4121b5c6f13b7860cb637193c56c50fc3cc,5,1,151,0.06172839506172839,0,0,104,0.0,False,False,104,0,0,156,-151,0,1,0,151,1.0,-0.9382716049382716,104,-104,0,0,0,104,1.0,-1.0
c2_step500,C2,flow_generation,500,d73446bd7bffce8f7bdf3ba69c2fc3ff7ff7f2c4f4f3f54a6b92a05c232bbc25,0,50,nexus_2k_000084,128,False,evaluated,91b2f2d81678dae0381eb79b51cdcea81fec9a56ead9edc5c44607dd7e61e11a,16,4,362,0.08040201005025126,0,0,252,0.0,False,False,252,0,0,378,-362,0,4,0,362,1.0,-0.9195979899497487,252,-252,0,0,0,252,1.0,-1.0
c2_step500,C2,flow_generation,500,d73446bd7bffce8f7bdf3ba69c2fc3ff7ff7f2c4f4f3f54a6b92a05c232bbc25,0,50,nexus_2k_001692,150,False,evaluated,2098a238deab29a3679c927bca49844135bbee086e1d0e3bd73fff4f9068ce25,35,30,378,0.14644351464435146,0,5,274,0.0,False,False,274,0,5,413,-378,0,30,0,378,1.0,-0.8535564853556485,274,-274,0,5,0,274,1.0,-1.0
c2_step500,C2,flow_generation,500,d73446bd7bffce8f7bdf3ba69c2fc3ff7ff7f2c4f4f3f54a6b92a05c232bbc25,0,50,nexus_2k_001843,188,False,evaluated,f2d5e84df17d78205b22c77908c9b5d6e7556c1d88d3dd8aa3fb53739701184a,32,43,544,0.09831029185867896,0,3,392,0.0,False,False,392,0,4,576,-544,0,43,0,544,1.0,-0.9016897081413211,392,-392,11,-8,0,392,0.9861635220125786,-0.9861635220125786
c2_step500,C2,flow_generation,500,d73446bd7bffce8f7bdf3ba69c2fc3ff7ff7f2c4f4f3f54a6b92a05c232bbc25,0,50,nexus_2k_000346,192,False,evaluated,24c81d715351025c06e87f41f71af8e839c066e16c3cc4591b46830e794360c5,23,40,547,0.07266982622432859,0,1,380,0.0,False,False,380,0,1,570,-547,0,40,0,547,1.0,-0.9273301737756714,380,-380,0,1,0,380,1.0,-1.0
c2_step500,C2,flow_generation,500,d73446bd7bffce8f7bdf3ba69c2fc3ff7ff7f2c4f4f3f54a6b92a05c232bbc25,0,50,nexus_2k_001780,196,False,evaluated,e5b12ef9a5299bc40721c21bd30465b8e01c81130ae0669c835e452a9abd775e,12,10,564,0.04013377926421405,0,0,384,0.0,False,False,384,0,1,576,-564,0,10,0,564,1.0,-0.959866220735786,384,-384,0,0,0,384,1.0,-1.0
c2_step500,C2,flow_generation,500,d73446bd7bffce8f7bdf3ba69c2fc3ff7ff7f2c4f4f3f54a6b92a05c232bbc25,0,50,nexus_2k_000796,200,False,evaluated,9b214e04aa3b9f1ca38c9c909ee61b3677c24ee9a5eaedcbe3043ae66ac6b354,53,127,581,0.13022113022113022,3,33,465,0.011904761904761904,False,False,464,1,39,634,-581,1,126,0,581,0.9992119779353822,-0.868990847714252,468,-465,41,-8,0,465,0.9580348004094166,-0.9461300385046547
c2_step500,C2,flow_generation,500,d73446bd7bffce8f7bdf3ba69c2fc3ff7ff7f2c4f4f3f54a6b92a05c232bbc25,0,50,nexus_2k_001085,226,False,evaluated,0c096f84c21d06f36e6fa0f4d2d96c45fa98a00829ba61faf2ee70cca45ed8ce,45,43,612,0.12080536912751678,1,4,431,0.004576659038901602,False,False,431,0,5,657,-612,0,43,0,612,1.0,-0.8791946308724832,432,-431,1,3,0,431,0.9988439306358381,-0.9942672715969365
c2_step500,C2,flow_generation,500,d73446bd7bffce8f7bdf3ba69c2fc3ff7ff7f2c4f4f3f54a6b92a05c232bbc25,0,50,nexus_2k_000020,288,False,evaluated,f0bd0a3d4f5dffe4e9f9ad9dd300a9c212b1d71c80117352f5c100ec81f42634,39,111,772,0.08116545265348596,1,11,533,0.003663003663003663,False,False,533,0,13,811,-772,0,111,0,772,1.0,-0.918834547346514,534,-533,1,10,0,533,0.9990645463049579,-0.9954015426419542
c2_step500,C2,flow_generation,500,d73446bd7bffce8f7bdf3ba69c2fc3ff7ff7f2c4f4f3f54a6b92a05c232bbc25,0,50,nexus_2k_000447,332,False,evaluated,34d694ca40cd34c532dde1168079a128a2eda232c42ee5ed20699da761b8aa9e,99,177,1041,0.13983050847457626,3,58,757,0.007308160779537149,False,False,757,0,69,1140,-1041,1,176,0,1041,0.9995615957913196,-0.8597310873167434,760,-757,2,56,0,757,0.9986859395532195,-0.9913777787736824
c2_step500,C2,flow_generation,500,d73446bd7bffce8f7bdf3ba69c2fc3ff7ff7f2c4f4f3f54a6b92a05c232bbc25,0,50,nexus_2k_001179,325,False,evaluated,0455a626cd9a35a1a7588bd5de3cc6d214e358552b28d956db089b18b8dc7537,96,174,879,0.15421686746987953,8,41,642,0.022889842632331903,False,False,642,0,51,975,-879,0,174,0,879,1.0,-0.8457831325301205,650,-642,0,41,0,642,1.0,-0.9771101573676682
c2_step500,C2,flow_generation,500,d73446bd7bffce8f7bdf3ba69c2fc3ff7ff7f2c4f4f3f54a6b92a05c232bbc25,0,50,nexus_2k_000118,362,False,evaluated,60efc746ba92331c5a04361fa0831968e8b860a9209ea52f8088482e2822c4a0,65,210,782,0.11586452762923351,2,44,500,0.0072992700729927005,False,False,500,0,51,847,-782,0,210,0,782,1.0,-0.8841354723707665,502,-500,0,44,0,500,1.0,-0.9927007299270073
c2_step500,C2,flow_generation,500,d73446bd7bffce8f7bdf3ba69c2fc3ff7ff7f2c4f4f3f54a6b92a05c232bbc25,0,50,nexus_2k_000074,386,False,evaluated,e4633e45746df8dcb9a53bc9956c783f47d8ee408cbc6f38184ae176ea15b6db,63,68,1089,0.09820732657833203,0,6,768,0.0,False,False,768,0,6,1152,-1089,0,68,0,1089,1.0,-0.9017926734216679,768,-768,0,6,0,768,1.0,-1.0
c2_step500,C2,flow_generation,500,d73446bd7bffce8f7bdf3ba69c2fc3ff7ff7f2c4f4f3f54a6b92a05c232bbc25,0,50,nexus_2k_000519,392,False,evaluated,42a9551d330c791cf183a6ecb24f034b141f5f77c6ccb528519cb5ee419401bf,76,163,1057,0.11078717201166181,2,24,746,0.00516795865633075,False,False,746,0,29,1133,-1057,0,163,0,1057,1.0,-0.8892128279883382,748,-746,0,24,0,746,1.0,-0.9948320413436692
c2_step500,C2,flow_generation,500,d73446bd7bffce8f7bdf3ba69c2fc3ff7ff7f2c4f4f3f54a6b92a05c232bbc25,0,50,nexus_2k_001087,426,False,evaluated,196566f5c8b42cce656fac9a80df3f8c4a8b341fbe7a62c5054d0d73f6e5f91d,121,143,1145,0.15816993464052287,5,34,839,0.011325028312570781,False,False,838,1,46,1266,-1145,0,143,0,1145,1.0,-0.8418300653594771,843,-838,1,33,1,838,0.9988151658767772,-0.9874901375642064
c2_step500,C2,flow_generation,500,d73446bd7bffce8f7bdf3ba69c2fc3ff7ff7f2c4f4f3f54a6b92a05c232bbc25,0,50,nexus_2k_000053,488,False,evaluated,65805e7abaddaf0c411ada9b63e82ea1edc6f810dda7970c215508f17ee8b019,158,505,1300,0.14898632720414898,8,176,964,0.01384083044982699,False,False,964,0,197,1458,-1300,2,503,0,1300,0.9993145990404386,-0.8503282718362897,972,-964,3,173,0,964,0.9984591679506933,-0.9846183375008664
c2_step500,C2,flow_generation,500,d73446bd7bffce8f7bdf3ba69c2fc3ff7ff7f2c4f4f3f54a6b92a05c232bbc25,0,50,nexus_2k_000675,516,False,evaluated,52583242be555c4ffbd3a00b596735bd53b5497d22db51cd5d8553106b1809f6,82,259,1460,0.08709506107275625,0,48,1028,0.0,False,False,1028,0,58,1542,-1460,0,259,0,1460,1.0,-0.9129049389272438,1028,-1028,0,48,0,1028,1.0,-1.0
c2_step500,C2,flow_generation,500,d73446bd7bffce8f7bdf3ba69c2fc3ff7ff7f2c4f4f3f54a6b92a05c232bbc25,0,50,nexus_2k_001716,534,False,evaluated,7f2348df1c7e6ee441adaae65a429b9f0a51331a8232d4f551e20680320ca3aa,117,359,1427,0.11584158415841585,4,104,1020,0.007067137809187279,False,False,1020,0,112,1544,-1427,0,359,0,1427,1.0,-0.8841584158415842,1024,-1020,10,94,0,1020,0.9951409135082604,-0.9880737756990731
c2_step500,C2,flow_generation,500,d73446bd7bffce8f7bdf3ba69c2fc3ff7ff7f2c4f4f3f54a6b92a05c232bbc25,0,50,nexus_2k_000242,652,False,evaluated,cb3b960a618ea5c6f7a10ace42cd4ec1a470381039ddc4aba993891fe8a843e2,147,787,1815,0.10151933701657459,4,251,1304,0.005118362124120281,False,False,1304,0,275,1962,-1815,2,785,0,1815,0.999490575649516,-0.8979712386329415,1308,-1304,51,200,0,1304,0.9808773903262092,-0.9757590282020889
c2_step500,C2,flow_generation,500,d73446bd7bffce8f7bdf3ba69c2fc3ff7ff7f2c4f4f3f54a6b92a05c232bbc25,0,50,nexus_2k_000823,666,False,evaluated,7d8eca8249331f52d0a7c809f26082f183391a8a737d53456f781c27458043db,146,732,1850,0.10160055671537926,5,369,1325,0.005868544600938967,False,False,1325,0,414,1996,-1850,0,732,0,1850,1.0,-0.8983994432846207,1330,-1325,1,368,0,1325,0.9996242014280345,-0.9937556568270955
c2_step500,C2,flow_generation,500,d73446bd7bffce8f7bdf3ba69c2fc3ff7ff7f2c4f4f3f54a6b92a05c232bbc25,0,50,nexus_2k_001536,728,False,evaluated,20af9f930b4f084cd0c528b1241f09a132c47392492392aa1d8bc8f34999483c,150,390,2028,0.11037527593818984,1,69,1451,0.001314060446780552,False,False,1451,0,85,2178,-2028,0,390,0,2028,1.0,-0.8896247240618101,1452,-1451,0,69,0,1451,1.0,-0.9986859395532195
c2_step500,C2,flow_generation,500,d73446bd7bffce8f7bdf3ba69c2fc3ff7ff7f2c4f4f3f54a6b92a05c232bbc25,0,50,nexus_2k_000840,798,False,evaluated,8b8f13afbea6916baeca48c4eb70680ae3c00a0d10fce02071810163411dec8c,155,619,2182,0.09964641594342655,7,173,1535,0.008130081300813009,False,False,1534,1,197,2337,-2182,2,617,0,2182,0.9995722840034217,-0.8999258680599951,1542,-1535,3,170,0,1535,0.9990281827016521,-0.990898101400839
c2_step500,C2,flow_generation,500,d73446bd7bffce8f7bdf3ba69c2fc3ff7ff7f2c4f4f3f54a6b92a05c232bbc25,0,50,nexus_2k_001577,836,False,evaluated,e42d39bce45074fa957c0e3818aa8d610a84d19798518e0e657cb117ab6894eb,199,703,2279,0.11775147928994083,6,279,1646,0.00619514713474445,False,False,1646,0,299,2478,-2279,2,701,0,2279,0.99959661153691,-0.8818451322469693,1652,-1646,3,276,0,1646,0.9990928333837314,-0.992897686248987
c2_step500,C2,flow_generation,500,d73446bd7bffce8f7bdf3ba69c2fc3ff7ff7f2c4f4f3f54a6b92a05c232bbc25,0,50,nexus_2k_001216,938,False,evaluated,2ff0dae55b84486320ada4146148bd0941fb3a8b9c9d9e6dd806fd6b8c6eea55,189,601,2576,0.10632911392405063,4,199,1826,0.003935071323167732,False,False,1826,0,216,2765,-2576,0,601,0,2576,1.0,-0.8936708860759494,1830,-1826,0,199,0,1826,1.0,-0.9960649286768323
c2_step500,C2,flow_generation,500,d73446bd7bffce8f7bdf3ba69c2fc3ff7ff7f2c4f4f3f54a6b92a05c232bbc25,0,50,nexus_2k_001331,969,False,evaluated,092ff7e38b2d1adabf18fe5ac661c5903ec2da867fab373647eedf54c77c76dc,190,1309,2546,0.089728453364817,6,499,1818,0.005152425933877201,False,False,1818,0,577,2736,-2546,4,1305,0,2546,0.9992695398100804,-0.9095410864452633,1824,-1818,18,481,0,1818,0.9950900163666121,-0.9899375904327349
c2_step500,C2,flow_generation,500,d73446bd7bffce8f7bdf3ba69c2fc3ff7ff7f2c4f4f3f54a6b92a05c232bbc25,0,50,nexus_2k_000142,1029,False,evaluated,330a5c150cd2e880c908ecb1e676ed2cda149cdcdb97f8144579c1acd777c1ec,232,1037,2789,0.10815850815850817,11,310,1991,0.009470512268618166,False,False,1990,1,365,3021,-2789,0,1037,0,2789,1.0,-0.8918414918414919,2002,-1991,0,310,0,1991,1.0,-0.9905294877313818
c2_step500,C2,flow_generation,500,d73446bd7bffce8f7bdf3ba69c2fc3ff7ff7f2c4f4f3f54a6b92a05c232bbc25,0,50,nexus_2k_001550,1137,False,evaluated,4841c5668888bf627e54c85e9b7f67dff3344e7ab86e2e518516bbb02f0818d6,282,1599,3147,0.10621468926553672,5,704,2307,0.0033101621979476996,False,False,2306,1,780,3429,-3147,5,1594,0,3147,0.999271455631648,-0.8930567663661113,2312,-2307,18,686,0,2307,0.996122361051271,-0.9928121988533234
c2_step500,C2,flow_generation,500,d73446bd7bffce8f7bdf3ba69c2fc3ff7ff7f2c4f4f3f54a6b92a05c232bbc25,0,50,nexus_2k_000872,1215,False,evaluated,9f3b50e31e71be36ff293f34a5a11055b61203f084f1c335f275cf85fb7ef86f,284,2145,3154,0.0968126810976649,12,1096,2228,0.007168458781362007,False,False,2225,3,1248,3438,-3154,2,2143,0,3154,0.9997092177958709,-0.9028965366982059,2240,-2228,92,1004,0,2228,0.9798775153105862,-0.9727090565292242
c2_step500,C2,flow_generation,500,d73446bd7bffce8f7bdf3ba69c2fc3ff7ff7f2c4f4f3f54a6b92a05c232bbc25,0,50,nexus_2k_000952,1251,False,evaluated,5728a9ee3ef447b7e369629d966d8996439ac28aef1fd2ada3764b629328fd30,290,1061,3451,0.11390416339355852,8,381,2486,0.005549774540409296,False,False,2485,1,439,3741,-3451,2,1059,0,3451,0.9997327632282202,-0.8858285998346618,2494,-2486,2,379,0,2486,0.9995991983967936,-0.9940494238563843
c2_step500,C2,flow_generation,500,d73446bd7bffce8f7bdf3ba69c2fc3ff7ff7f2c4f4f3f54a6b92a05c232bbc25,0,50,nexus_2k_001825,1277,False,evaluated,f5e378c5b4f57403d31d9ecc9ad220dc17c42a5a2980d1fe11d2beb1bf8af69a,214,2653,3238,0.06773223611330907,5,1571,2269,0.0025974025974025974,False,False,2268,1,1779,3452,-3238,4,2649,0,3238,0.9994209612044007,-0.9316887250910917,2274,-2269,7,1564,0,2269,0.9984632272228321,-0.9958658246254295
c2_step500,C2,flow_generation,500,d73446bd7bffce8f7bdf3ba69c2fc3ff7ff7f2c4f4f3f54a6b92a05c232bbc25,0,50,nexus_2k_001483,1418,False,evaluated,6755fc7517368dfff8e83686050b7d7bf4cb0f5911f7b2915e312ed8a22ed939,413,2506,3793,0.11592982456140351,17,1674,2787,0.007563959955506118,False,False,2787,0,1835,4206,-3793,0,2506,0,3793,1.0,-0.8840701754385965,2804,-2787,0,1674,0,2787,1.0,-0.9924360400444939
c2_step500,C2,flow_generation,500,d73446bd7bffce8f7bdf3ba69c2fc3ff7ff7f2c4f4f3f54a6b92a05c232bbc25,0,50,nexus_2k_001439,1446,False,evaluated,567a2d1c1932f39827c33dfde65cf3197be44f3b8d79dd7568de92f4ca70ea65,429,2275,3922,0.12161587526576896,13,981,2887,0.00667693888032871,False,False,2886,1,1064,4351,-3922,2,2273,0,3922,0.9997702205882353,-0.8781543453224663,2900,-2887,4,977,0,2887,0.9993108201240524,-0.9926338812437236
c2_step500,C2,flow_generation,500,d73446bd7bffce8f7bdf3ba69c2fc3ff7ff7f2c4f4f3f54a6b92a05c232bbc25,0,50,nexus_2k_001178,1458,False,evaluated,bbaf5f1380634d4cc42e7700d4d526e2a8e7e7a4fb0cdea6a9e5bc13bf56e09d,343,2879,3983,0.09088500264970853,4,1728,2871,0.0017364879531148252,False,False,2871,0,1950,4325,-3982,1,2878,1,3982,0.9997688395746648,-0.9088838369249562,2872,-2868,2,1726,3,2868,0.99913028352757,-0.9973937955744552
c2_step500,C2,flow_generation,500,d73446bd7bffce8f7bdf3ba69c2fc3ff7ff7f2c4f4f3f54a6b92a05c232bbc25,0,50,nexus_2k_001317,1536,False,evaluated,08c14be98280dc1b308e8aabe2ae30e8b5817024d299919edbd2f60ea235c314,430,7027,3932,0.07276419324815975,13,8689,2891,0.0022402205755643633,False,False,2887,4,9871,4362,-3932,5,7022,0,3932,0.9994271967006529,-0.9266630034524932,2904,-2891,94,8595,0,2891,0.9840731955269401,-0.9818329749513757
c2_step500,C2,flow_generation,500,d73446bd7bffce8f7bdf3ba69c2fc3ff7ff7f2c4f4f3f54a6b92a05c232bbc25,0,50,nexus_2k_000869,1590,False,evaluated,44df018981f3c1c0fd3b9d1420fd80a6de3f2229dcad99b7ee8d29e02a65c360,434,2055,3976,0.12581533555587765,15,823,2925,0.007940709370037057,False,False,2924,1,919,4410,-3976,2,2053,0,3976,0.9997732940376332,-0.8739579584817555,2940,-2925,2,821,0,2925,0.999659979598776,-0.9917192702287388
c2_step500,C2,flow_generation,500,d73446bd7bffce8f7bdf3ba69c2fc3ff7ff7f2c4f4f3f54a6b92a05c232bbc25,0,50,nexus_2k_001415,1609,False,evaluated,787d8325c5a257d94312f5141f5a478921cc62dd053d07def9b193f7a3a8c76d,512,4618,4243,0.1035912999494183,9,3449,3161,0.002715751357875679,False,False,3159,2,3971,4755,-4243,3,4615,0,4243,0.9996846420687481,-0.8960933421193298,3170,-3161,157,3292,0,3161,0.975835000769586,-0.9731192494117102
c2_step500,C2,flow_generation,500,d73446bd7bffce8f7bdf3ba69c2fc3ff7ff7f2c4f4f3f54a6b92a05c232bbc25,0,50,nexus_2k_000283,1644,False,evaluated,0d9ab750129fa65482c374a8d69af8866fcf811cee0e267bd57898b1d3608506,464,4168,4455,0.09716260077478799,18,2820,3251,0.005894874733911904,False,False,3251,0,3184,4919,-4455,4,4164,0,4455,0.999593578540947,-0.902430977766159,3269,-3251,6,2814,0,3251,0.9990831295843521,-0.9931882548504402
c2_step500,C2,flow_generation,500,d73446bd7bffce8f7bdf3ba69c2fc3ff7ff7f2c4f4f3f54a6b92a05c232bbc25,0,50,nexus_2k_000935,1713,False,evaluated,f452d8bed6f51bf3025d6275e78c9231c18edcb1d367f18367bf6b8d2f1209a9,350,4247,4587,0.07342143906020558,2,2803,3259,0.0006594131223211342,False,False,3259,0,3126,4937,-4587,2,4245,0,4587,0.9997974888618874,-0.9263760498016818,3261,-3259,48,2755,0,3259,0.9926940639269406,-0.9920346508046195
c2_step500,C2,flow_generation,500,d73446bd7bffce8f7bdf3ba69c2fc3ff7ff7f2c4f4f3f54a6b92a05c232bbc25,0,50,nexus_2k_000815,1735,False,not_evaluated,,,,,,,,,,,,,,,5032,,2,,0,,0.9998013113451222,,3336,,11,,0,,0.9983540326200808,
c2_step500,C2,flow_generation,500,d73446bd7bffce8f7bdf3ba69c2fc3ff7ff7f2c4f4f3f54a6b92a05c232bbc25,0,50,nexus_2k_000800,1829,False,not_evaluated,,,,,,,,,,,,,,,5483,,6,,2,,0.9992710041917259,,3654,,121,,4,,0.9831831023812727,
c2_step500,C2,flow_generation,500,d73446bd7bffce8f7bdf3ba69c2fc3ff7ff7f2c4f4f3f54a6b92a05c232bbc25,0,50,nexus_2k_001211,1830,False,not_evaluated,,,,,,,,,,,,,,,5407,,4,,0,,0.9996302458864855,,3597,,12,,0,,0.9983347210657785,
c2_step500,C2,flow_generation,500,d73446bd7bffce8f7bdf3ba69c2fc3ff7ff7f2c4f4f3f54a6b92a05c232bbc25,0,50,nexus_2k_001093,1964,False,not_evaluated,,,,,,,,,,,,,,,5733,,7,,0,,0.9993898718730934,,3800,,23,,0,,0.9969828151646334,
c2_step500,C2,flow_generation,500,d73446bd7bffce8f7bdf3ba69c2fc3ff7ff7f2c4f4f3f54a6b92a05c232bbc25,0,50,nexus_2k_000783,2172,False,not_evaluated,,,,,,,,,,,,,,,6419,,10,,0,,0.9992216687422167,,4270,,9,,0,,0.998947245291847,
c2_step500,C2,flow_generation,500,d73446bd7bffce8f7bdf3ba69c2fc3ff7ff7f2c4f4f3f54a6b92a05c232bbc25,0,50,nexus_2k_000083,2238,False,not_evaluated,,,,,,,,,,,,,,,6140,,6,,1,,0.9994302921787255,,3957,,45,,2,,0.9940962190679563,
c2_step500,C2,flow_generation,500,d73446bd7bffce8f7bdf3ba69c2fc3ff7ff7f2c4f4f3f54a6b92a05c232bbc25,0,50,nexus_2k_001792,2244,False,not_evaluated,,,,,,,,,,,,,,,6647,,5,,0,,0.9996240318820964,,4393,,5,,0,,0.9994312364918667,
c2_step500,C2,flow_generation,500,d73446bd7bffce8f7bdf3ba69c2fc3ff7ff7f2c4f4f3f54a6b92a05c232bbc25,0,50,nexus_2k_000280,2279,False,not_evaluated,,,,,,,,,,,,,,,6829,,9,,0,,0.9993414794761103,,4544,,28,,0,,0.9969284774023695,
c2_step500,C2,flow_generation,500,d73446bd7bffce8f7bdf3ba69c2fc3ff7ff7f2c4f4f3f54a6b92a05c232bbc25,0,50,nexus_2k_000167,2273,False,not_evaluated,,,,,,,,,,,,,,,6682,,8,,0,,0.9994017349685911,,4412,,12,,0,,0.9986419194205522,
c2_step500,C2,flow_generation,500,d73446bd7bffce8f7bdf3ba69c2fc3ff7ff7f2c4f4f3f54a6b92a05c232bbc25,0,50,nexus_2k_001232,2398,False,not_evaluated,,,,,,,,,,,,,,,7589,,14,,1,,0.9990127032185875,,5192,,17,,2,,0.9981736037681438,
c2_step500,C2,flow_generation,500,d73446bd7bffce8f7bdf3ba69c2fc3ff7ff7f2c4f4f3f54a6b92a05c232bbc25,0,50,nexus_2k_000898,2547,False,not_evaluated,,,,,,,,,,,,,,,7344,,8,,0,,0.9994556341861731,,4800,,9,,0,,0.9990633780830471,
c2_step1000,C2,flow_generation,1000,6d338af27ee36d2d4efb962f90a76ab0736803580a9db36bb804aaa26be652b2,,,nexus_2k_001150,18,False,not_evaluated,,,,,,,,,,,,,,,42,,0,,0,,1.0,,28,,0,,0,,1.0,
c2_step1000,C2,flow_generation,1000,6d338af27ee36d2d4efb962f90a76ab0736803580a9db36bb804aaa26be652b2,,,nexus_2k_001045,54,False,not_evaluated,,,,,,,,,,,,,,,156,,0,,0,,1.0,,104,,0,,0,,1.0,
c2_step1000,C2,flow_generation,1000,6d338af27ee36d2d4efb962f90a76ab0736803580a9db36bb804aaa26be652b2,,,nexus_2k_000084,128,False,not_evaluated,,,,,,,,,,,,,,,378,,0,,0,,1.0,,252,,0,,0,,1.0,
c2_step1000,C2,flow_generation,1000,6d338af27ee36d2d4efb962f90a76ab0736803580a9db36bb804aaa26be652b2,,,nexus_2k_001692,150,False,not_evaluated,,,,,,,,,,,,,,,413,,0,,0,,1.0,,274,,0,,0,,1.0,
c2_step1000,C2,flow_generation,1000,6d338af27ee36d2d4efb962f90a76ab0736803580a9db36bb804aaa26be652b2,,,nexus_2k_001843,188,False,not_evaluated,,,,,,,,,,,,,,,576,,0,,0,,1.0,,392,,11,,0,,0.9861635220125786,
c2_step1000,C2,flow_generation,1000,6d338af27ee36d2d4efb962f90a76ab0736803580a9db36bb804aaa26be652b2,,,nexus_2k_000346,192,False,not_evaluated,,,,,,,,,,,,,,,570,,0,,0,,1.0,,380,,0,,0,,1.0,
c2_step1000,C2,flow_generation,1000,6d338af27ee36d2d4efb962f90a76ab0736803580a9db36bb804aaa26be652b2,,,nexus_2k_001780,196,False,not_evaluated,,,,,,,,,,,,,,,576,,0,,0,,1.0,,384,,0,,0,,1.0,
c2_step1000,C2,flow_generation,1000,6d338af27ee36d2d4efb962f90a76ab0736803580a9db36bb804aaa26be652b2,,,nexus_2k_000796,200,False,not_evaluated,,,,,,,,,,,,,,,634,,1,,0,,0.9992119779353822,,468,,41,,0,,0.9580348004094166,
c2_step1000,C2,flow_generation,1000,6d338af27ee36d2d4efb962f90a76ab0736803580a9db36bb804aaa26be652b2,,,nexus_2k_001085,226,False,not_evaluated,,,,,,,,,,,,,,,657,,0,,0,,1.0,,432,,1,,0,,0.9988439306358381,
c2_step1000,C2,flow_generation,1000,6d338af27ee36d2d4efb962f90a76ab0736803580a9db36bb804aaa26be652b2,,,nexus_2k_000020,288,False,not_evaluated,,,,,,,,,,,,,,,811,,0,,0,,1.0,,534,,1,,0,,0.9990645463049579,
c2_step1000,C2,flow_generation,1000,6d338af27ee36d2d4efb962f90a76ab0736803580a9db36bb804aaa26be652b2,,,nexus_2k_000447,332,False,not_evaluated,,,,,,,,,,,,,,,1140,,1,,0,,0.9995615957913196,,760,,2,,0,,0.9986859395532195,
c2_step1000,C2,flow_generation,1000,6d338af27ee36d2d4efb962f90a76ab0736803580a9db36bb804aaa26be652b2,,,nexus_2k_001179,325,False,not_evaluated,,,,,,,,,,,,,,,975,,0,,0,,1.0,,650,,0,,0,,1.0,
c2_step1000,C2,flow_generation,1000,6d338af27ee36d2d4efb962f90a76ab0736803580a9db36bb804aaa26be652b2,,,nexus_2k_000118,362,False,not_evaluated,,,,,,,,,,,,,,,847,,0,,0,,1.0,,502,,0,,0,,1.0,
c2_step1000,C2,flow_generation,1000,6d338af27ee36d2d4efb962f90a76ab0736803580a9db36bb804aaa26be652b2,,,nexus_2k_000074,386,False,not_evaluated,,,,,,,,,,,,,,,1152,,0,,0,,1.0,,768,,0,,0,,1.0,
c2_step1000,C2,flow_generation,1000,6d338af27ee36d2d4efb962f90a76ab0736803580a9db36bb804aaa26be652b2,,,nexus_2k_000519,392,False,not_evaluated,,,,,,,,,,,,,,,1133,,0,,0,,1.0,,748,,0,,0,,1.0,
c2_step1000,C2,flow_generation,1000,6d338af27ee36d2d4efb962f90a76ab0736803580a9db36bb804aaa26be652b2,,,nexus_2k_001087,426,False,not_evaluated,,,,,,,,,,,,,,,1266,,0,,0,,1.0,,843,,1,,1,,0.9988151658767772,
c2_step1000,C2,flow_generation,1000,6d338af27ee36d2d4efb962f90a76ab0736803580a9db36bb804aaa26be652b2,,,nexus_2k_000053,488,False,not_evaluated,,,,,,,,,,,,,,,1458,,2,,0,,0.9993145990404386,,972,,3,,0,,0.9984591679506933,
c2_step1000,C2,flow_generation,1000,6d338af27ee36d2d4efb962f90a76ab0736803580a9db36bb804aaa26be652b2,,,nexus_2k_000675,516,False,not_evaluated,,,,,,,,,,,,,,,1542,,0,,0,,1.0,,1028,,0,,0,,1.0,
c2_step1000,C2,flow_generation,1000,6d338af27ee36d2d4efb962f90a76ab0736803580a9db36bb804aaa26be652b2,,,nexus_2k_001716,534,False,not_evaluated,,,,,,,,,,,,,,,1544,,0,,0,,1.0,,1024,,10,,0,,0.9951409135082604,
c2_step1000,C2,flow_generation,1000,6d338af27ee36d2d4efb962f90a76ab0736803580a9db36bb804aaa26be652b2,,,nexus_2k_000242,652,False,not_evaluated,,,,,,,,,,,,,,,1962,,2,,0,,0.999490575649516,,1308,,51,,0,,0.9808773903262092,
c2_step1000,C2,flow_generation,1000,6d338af27ee36d2d4efb962f90a76ab0736803580a9db36bb804aaa26be652b2,,,nexus_2k_000823,666,False,not_evaluated,,,,,,,,,,,,,,,1996,,0,,0,,1.0,,1330,,1,,0,,0.9996242014280345,
c2_step1000,C2,flow_generation,1000,6d338af27ee36d2d4efb962f90a76ab0736803580a9db36bb804aaa26be652b2,,,nexus_2k_001536,728,False,not_evaluated,,,,,,,,,,,,,,,2178,,0,,0,,1.0,,1452,,0,,0,,1.0,
c2_step1000,C2,flow_generation,1000,6d338af27ee36d2d4efb962f90a76ab0736803580a9db36bb804aaa26be652b2,,,nexus_2k_000840,798,False,not_evaluated,,,,,,,,,,,,,,,2337,,2,,0,,0.9995722840034217,,1542,,3,,0,,0.9990281827016521,
c2_step1000,C2,flow_generation,1000,6d338af27ee36d2d4efb962f90a76ab0736803580a9db36bb804aaa26be652b2,,,nexus_2k_001577,836,False,not_evaluated,,,,,,,,,,,,,,,2478,,2,,0,,0.99959661153691,,1652,,3,,0,,0.9990928333837314,
c2_step1000,C2,flow_generation,1000,6d338af27ee36d2d4efb962f90a76ab0736803580a9db36bb804aaa26be652b2,,,nexus_2k_001216,938,False,not_evaluated,,,,,,,,,,,,,,,2765,,0,,0,,1.0,,1830,,0,,0,,1.0,
c2_step1000,C2,flow_generation,1000,6d338af27ee36d2d4efb962f90a76ab0736803580a9db36bb804aaa26be652b2,,,nexus_2k_001331,969,False,not_evaluated,,,,,,,,,,,,,,,2736,,4,,0,,0.9992695398100804,,1824,,18,,0,,0.9950900163666121,
c2_step1000,C2,flow_generation,1000,6d338af27ee36d2d4efb962f90a76ab0736803580a9db36bb804aaa26be652b2,,,nexus_2k_000142,1029,False,not_evaluated,,,,,,,,,,,,,,,3021,,0,,0,,1.0,,2002,,0,,0,,1.0,
c2_step1000,C2,flow_generation,1000,6d338af27ee36d2d4efb962f90a76ab0736803580a9db36bb804aaa26be652b2,,,nexus_2k_001550,1137,False,not_evaluated,,,,,,,,,,,,,,,3429,,5,,0,,0.999271455631648,,2312,,18,,0,,0.996122361051271,
c2_step1000,C2,flow_generation,1000,6d338af27ee36d2d4efb962f90a76ab0736803580a9db36bb804aaa26be652b2,,,nexus_2k_000872,1215,False,not_evaluated,,,,,,,,,,,,,,,3438,,2,,0,,0.9997092177958709,,2240,,92,,0,,0.9798775153105862,
c2_step1000,C2,flow_generation,1000,6d338af27ee36d2d4efb962f90a76ab0736803580a9db36bb804aaa26be652b2,,,nexus_2k_000952,1251,False,not_evaluated,,,,,,,,,,,,,,,3741,,2,,0,,0.9997327632282202,,2494,,2,,0,,0.9995991983967936,
c2_step1000,C2,flow_generation,1000,6d338af27ee36d2d4efb962f90a76ab0736803580a9db36bb804aaa26be652b2,,,nexus_2k_001825,1277,False,not_evaluated,,,,,,,,,,,,,,,3452,,4,,0,,0.9994209612044007,,2274,,7,,0,,0.9984632272228321,
c2_step1000,C2,flow_generation,1000,6d338af27ee36d2d4efb962f90a76ab0736803580a9db36bb804aaa26be652b2,,,nexus_2k_001483,1418,False,not_evaluated,,,,,,,,,,,,,,,4206,,0,,0,,1.0,,2804,,0,,0,,1.0,
c2_step1000,C2,flow_generation,1000,6d338af27ee36d2d4efb962f90a76ab0736803580a9db36bb804aaa26be652b2,,,nexus_2k_001439,1446,False,not_evaluated,,,,,,,,,,,,,,,4351,,2,,0,,0.9997702205882353,,2900,,4,,0,,0.9993108201240524,
c2_step1000,C2,flow_generation,1000,6d338af27ee36d2d4efb962f90a76ab0736803580a9db36bb804aaa26be652b2,,,nexus_2k_001178,1458,False,not_evaluated,,,,,,,,,,,,,,,4325,,1,,1,,0.9997688395746648,,2872,,2,,3,,0.99913028352757,
c2_step1000,C2,flow_generation,1000,6d338af27ee36d2d4efb962f90a76ab0736803580a9db36bb804aaa26be652b2,,,nexus_2k_001317,1536,False,not_evaluated,,,,,,,,,,,,,,,4362,,5,,0,,0.9994271967006529,,2904,,94,,0,,0.9840731955269401,
c2_step1000,C2,flow_generation,1000,6d338af27ee36d2d4efb962f90a76ab0736803580a9db36bb804aaa26be652b2,,,nexus_2k_000869,1590,False,not_evaluated,,,,,,,,,,,,,,,4410,,2,,0,,0.9997732940376332,,2940,,2,,0,,0.999659979598776,
c2_step1000,C2,flow_generation,1000,6d338af27ee36d2d4efb962f90a76ab0736803580a9db36bb804aaa26be652b2,,,nexus_2k_001415,1609,False,not_evaluated,,,,,,,,,,,,,,,4755,,3,,0,,0.9996846420687481,,3170,,157,,0,,0.975835000769586,
c2_step1000,C2,flow_generation,1000,6d338af27ee36d2d4efb962f90a76ab0736803580a9db36bb804aaa26be652b2,,,nexus_2k_000283,1644,False,not_evaluated,,,,,,,,,,,,,,,4919,,4,,0,,0.999593578540947,,3269,,6,,0,,0.9990831295843521,
c2_step1000,C2,flow_generation,1000,6d338af27ee36d2d4efb962f90a76ab0736803580a9db36bb804aaa26be652b2,,,nexus_2k_000935,1713,False,not_evaluated,,,,,,,,,,,,,,,4937,,2,,0,,0.9997974888618874,,3261,,48,,0,,0.9926940639269406,
c2_step1000,C2,flow_generation,1000,6d338af27ee36d2d4efb962f90a76ab0736803580a9db36bb804aaa26be652b2,,,nexus_2k_000815,1735,False,not_evaluated,,,,,,,,,,,,,,,5032,,2,,0,,0.9998013113451222,,3336,,11,,0,,0.9983540326200808,
c2_step1000,C2,flow_generation,1000,6d338af27ee36d2d4efb962f90a76ab0736803580a9db36bb804aaa26be652b2,,,nexus_2k_000800,1829,False,not_evaluated,,,,,,,,,,,,,,,5483,,6,,2,,0.9992710041917259,,3654,,121,,4,,0.9831831023812727,
c2_step1000,C2,flow_generation,1000,6d338af27ee36d2d4efb962f90a76ab0736803580a9db36bb804aaa26be652b2,,,nexus_2k_001211,1830,False,not_evaluated,,,,,,,,,,,,,,,5407,,4,,0,,0.9996302458864855,,3597,,12,,0,,0.9983347210657785,
c2_step1000,C2,flow_generation,1000,6d338af27ee36d2d4efb962f90a76ab0736803580a9db36bb804aaa26be652b2,,,nexus_2k_001093,1964,False,not_evaluated,,,,,,,,,,,,,,,5733,,7,,0,,0.9993898718730934,,3800,,23,,0,,0.9969828151646334,
c2_step1000,C2,flow_generation,1000,6d338af27ee36d2d4efb962f90a76ab0736803580a9db36bb804aaa26be652b2,,,nexus_2k_000783,2172,False,not_evaluated,,,,,,,,,,,,,,,6419,,10,,0,,0.9992216687422167,,4270,,9,,0,,0.998947245291847,
c2_step1000,C2,flow_generation,1000,6d338af27ee36d2d4efb962f90a76ab0736803580a9db36bb804aaa26be652b2,,,nexus_2k_000083,2238,False,not_evaluated,,,,,,,,,,,,,,,6140,,6,,1,,0.9994302921787255,,3957,,45,,2,,0.9940962190679563,
c2_step1000,C2,flow_generation,1000,6d338af27ee36d2d4efb962f90a76ab0736803580a9db36bb804aaa26be652b2,,,nexus_2k_001792,2244,False,not_evaluated,,,,,,,,,,,,,,,6647,,5,,0,,0.9996240318820964,,4393,,5,,0,,0.9994312364918667,
c2_step1000,C2,flow_generation,1000,6d338af27ee36d2d4efb962f90a76ab0736803580a9db36bb804aaa26be652b2,,,nexus_2k_000280,2279,False,not_evaluated,,,,,,,,,,,,,,,6829,,9,,0,,0.9993414794761103,,4544,,28,,0,,0.9969284774023695,
c2_step1000,C2,flow_generation,1000,6d338af27ee36d2d4efb962f90a76ab0736803580a9db36bb804aaa26be652b2,,,nexus_2k_000167,2273,False,not_evaluated,,,,,,,,,,,,,,,6682,,8,,0,,0.9994017349685911,,4412,,12,,0,,0.9986419194205522,
c2_step1000,C2,flow_generation,1000,6d338af27ee36d2d4efb962f90a76ab0736803580a9db36bb804aaa26be652b2,,,nexus_2k_001232,2398,False,not_evaluated,,,,,,,,,,,,,,,7589,,14,,1,,0.9990127032185875,,5192,,17,,2,,0.9981736037681438,
c2_step1000,C2,flow_generation,1000,6d338af27ee36d2d4efb962f90a76ab0736803580a9db36bb804aaa26be652b2,,,nexus_2k_000898,2547,False,not_evaluated,,,,,,,,,,,,,,,7344,,8,,0,,0.9994556341861731,,4800,,9,,0,,0.9990633780830471,
c2_step1049,C2,flow_generation,1049,4aa9a4536d6cbabc10c539ac1cae5252e8de45597bcf71c22457e42a4dd6ced9,,,nexus_2k_001150,18,False,not_evaluated,,,,,,,,,,,,,,,42,,0,,0,,1.0,,28,,0,,0,,1.0,
c2_step1049,C2,flow_generation,1049,4aa9a4536d6cbabc10c539ac1cae5252e8de45597bcf71c22457e42a4dd6ced9,,,nexus_2k_001045,54,False,not_evaluated,,,,,,,,,,,,,,,156,,0,,0,,1.0,,104,,0,,0,,1.0,
c2_step1049,C2,flow_generation,1049,4aa9a4536d6cbabc10c539ac1cae5252e8de45597bcf71c22457e42a4dd6ced9,,,nexus_2k_000084,128,False,not_evaluated,,,,,,,,,,,,,,,378,,0,,0,,1.0,,252,,0,,0,,1.0,
c2_step1049,C2,flow_generation,1049,4aa9a4536d6cbabc10c539ac1cae5252e8de45597bcf71c22457e42a4dd6ced9,,,nexus_2k_001692,150,False,not_evaluated,,,,,,,,,,,,,,,413,,0,,0,,1.0,,274,,0,,0,,1.0,
c2_step1049,C2,flow_generation,1049,4aa9a4536d6cbabc10c539ac1cae5252e8de45597bcf71c22457e42a4dd6ced9,,,nexus_2k_001843,188,False,not_evaluated,,,,,,,,,,,,,,,576,,0,,0,,1.0,,392,,11,,0,,0.9861635220125786,
c2_step1049,C2,flow_generation,1049,4aa9a4536d6cbabc10c539ac1cae5252e8de45597bcf71c22457e42a4dd6ced9,,,nexus_2k_000346,192,False,not_evaluated,,,,,,,,,,,,,,,570,,0,,0,,1.0,,380,,0,,0,,1.0,
c2_step1049,C2,flow_generation,1049,4aa9a4536d6cbabc10c539ac1cae5252e8de45597bcf71c22457e42a4dd6ced9,,,nexus_2k_001780,196,False,not_evaluated,,,,,,,,,,,,,,,576,,0,,0,,1.0,,384,,0,,0,,1.0,
c2_step1049,C2,flow_generation,1049,4aa9a4536d6cbabc10c539ac1cae5252e8de45597bcf71c22457e42a4dd6ced9,,,nexus_2k_000796,200,False,not_evaluated,,,,,,,,,,,,,,,634,,1,,0,,0.9992119779353822,,468,,41,,0,,0.9580348004094166,
c2_step1049,C2,flow_generation,1049,4aa9a4536d6cbabc10c539ac1cae5252e8de45597bcf71c22457e42a4dd6ced9,,,nexus_2k_001085,226,False,not_evaluated,,,,,,,,,,,,,,,657,,0,,0,,1.0,,432,,1,,0,,0.9988439306358381,
c2_step1049,C2,flow_generation,1049,4aa9a4536d6cbabc10c539ac1cae5252e8de45597bcf71c22457e42a4dd6ced9,,,nexus_2k_000020,288,False,not_evaluated,,,,,,,,,,,,,,,811,,0,,0,,1.0,,534,,1,,0,,0.9990645463049579,
c2_step1049,C2,flow_generation,1049,4aa9a4536d6cbabc10c539ac1cae5252e8de45597bcf71c22457e42a4dd6ced9,,,nexus_2k_000447,332,False,not_evaluated,,,,,,,,,,,,,,,1140,,1,,0,,0.9995615957913196,,760,,2,,0,,0.9986859395532195,
c2_step1049,C2,flow_generation,1049,4aa9a4536d6cbabc10c539ac1cae5252e8de45597bcf71c22457e42a4dd6ced9,,,nexus_2k_001179,325,False,not_evaluated,,,,,,,,,,,,,,,975,,0,,0,,1.0,,650,,0,,0,,1.0,
c2_step1049,C2,flow_generation,1049,4aa9a4536d6cbabc10c539ac1cae5252e8de45597bcf71c22457e42a4dd6ced9,,,nexus_2k_000118,362,False,not_evaluated,,,,,,,,,,,,,,,847,,0,,0,,1.0,,502,,0,,0,,1.0,
c2_step1049,C2,flow_generation,1049,4aa9a4536d6cbabc10c539ac1cae5252e8de45597bcf71c22457e42a4dd6ced9,,,nexus_2k_000074,386,False,not_evaluated,,,,,,,,,,,,,,,1152,,0,,0,,1.0,,768,,0,,0,,1.0,
c2_step1049,C2,flow_generation,1049,4aa9a4536d6cbabc10c539ac1cae5252e8de45597bcf71c22457e42a4dd6ced9,,,nexus_2k_000519,392,False,not_evaluated,,,,,,,,,,,,,,,1133,,0,,0,,1.0,,748,,0,,0,,1.0,
c2_step1049,C2,flow_generation,1049,4aa9a4536d6cbabc10c539ac1cae5252e8de45597bcf71c22457e42a4dd6ced9,,,nexus_2k_001087,426,False,not_evaluated,,,,,,,,,,,,,,,1266,,0,,0,,1.0,,843,,1,,1,,0.9988151658767772,
c2_step1049,C2,flow_generation,1049,4aa9a4536d6cbabc10c539ac1cae5252e8de45597bcf71c22457e42a4dd6ced9,,,nexus_2k_000053,488,False,not_evaluated,,,,,,,,,,,,,,,1458,,2,,0,,0.9993145990404386,,972,,3,,0,,0.9984591679506933,
c2_step1049,C2,flow_generation,1049,4aa9a4536d6cbabc10c539ac1cae5252e8de45597bcf71c22457e42a4dd6ced9,,,nexus_2k_000675,516,False,not_evaluated,,,,,,,,,,,,,,,1542,,0,,0,,1.0,,1028,,0,,0,,1.0,
c2_step1049,C2,flow_generation,1049,4aa9a4536d6cbabc10c539ac1cae5252e8de45597bcf71c22457e42a4dd6ced9,,,nexus_2k_001716,534,False,not_evaluated,,,,,,,,,,,,,,,1544,,0,,0,,1.0,,1024,,10,,0,,0.9951409135082604,
c2_step1049,C2,flow_generation,1049,4aa9a4536d6cbabc10c539ac1cae5252e8de45597bcf71c22457e42a4dd6ced9,,,nexus_2k_000242,652,False,not_evaluated,,,,,,,,,,,,,,,1962,,2,,0,,0.999490575649516,,1308,,51,,0,,0.9808773903262092,
c2_step1049,C2,flow_generation,1049,4aa9a4536d6cbabc10c539ac1cae5252e8de45597bcf71c22457e42a4dd6ced9,,,nexus_2k_000823,666,False,not_evaluated,,,,,,,,,,,,,,,1996,,0,,0,,1.0,,1330,,1,,0,,0.9996242014280345,
c2_step1049,C2,flow_generation,1049,4aa9a4536d6cbabc10c539ac1cae5252e8de45597bcf71c22457e42a4dd6ced9,,,nexus_2k_001536,728,False,not_evaluated,,,,,,,,,,,,,,,2178,,0,,0,,1.0,,1452,,0,,0,,1.0,
c2_step1049,C2,flow_generation,1049,4aa9a4536d6cbabc10c539ac1cae5252e8de45597bcf71c22457e42a4dd6ced9,,,nexus_2k_000840,798,False,not_evaluated,,,,,,,,,,,,,,,2337,,2,,0,,0.9995722840034217,,1542,,3,,0,,0.9990281827016521,
c2_step1049,C2,flow_generation,1049,4aa9a4536d6cbabc10c539ac1cae5252e8de45597bcf71c22457e42a4dd6ced9,,,nexus_2k_001577,836,False,not_evaluated,,,,,,,,,,,,,,,2478,,2,,0,,0.99959661153691,,1652,,3,,0,,0.9990928333837314,
c2_step1049,C2,flow_generation,1049,4aa9a4536d6cbabc10c539ac1cae5252e8de45597bcf71c22457e42a4dd6ced9,,,nexus_2k_001216,938,False,not_evaluated,,,,,,,,,,,,,,,2765,,0,,0,,1.0,,1830,,0,,0,,1.0,
c2_step1049,C2,flow_generation,1049,4aa9a4536d6cbabc10c539ac1cae5252e8de45597bcf71c22457e42a4dd6ced9,,,nexus_2k_001331,969,False,not_evaluated,,,,,,,,,,,,,,,2736,,4,,0,,0.9992695398100804,,1824,,18,,0,,0.9950900163666121,
c2_step1049,C2,flow_generation,1049,4aa9a4536d6cbabc10c539ac1cae5252e8de45597bcf71c22457e42a4dd6ced9,,,nexus_2k_000142,1029,False,not_evaluated,,,,,,,,,,,,,,,3021,,0,,0,,1.0,,2002,,0,,0,,1.0,
c2_step1049,C2,flow_generation,1049,4aa9a4536d6cbabc10c539ac1cae5252e8de45597bcf71c22457e42a4dd6ced9,,,nexus_2k_001550,1137,False,not_evaluated,,,,,,,,,,,,,,,3429,,5,,0,,0.999271455631648,,2312,,18,,0,,0.996122361051271,
c2_step1049,C2,flow_generation,1049,4aa9a4536d6cbabc10c539ac1cae5252e8de45597bcf71c22457e42a4dd6ced9,,,nexus_2k_000872,1215,False,not_evaluated,,,,,,,,,,,,,,,3438,,2,,0,,0.9997092177958709,,2240,,92,,0,,0.9798775153105862,
c2_step1049,C2,flow_generation,1049,4aa9a4536d6cbabc10c539ac1cae5252e8de45597bcf71c22457e42a4dd6ced9,,,nexus_2k_000952,1251,False,not_evaluated,,,,,,,,,,,,,,,3741,,2,,0,,0.9997327632282202,,2494,,2,,0,,0.9995991983967936,
c2_step1049,C2,flow_generation,1049,4aa9a4536d6cbabc10c539ac1cae5252e8de45597bcf71c22457e42a4dd6ced9,,,nexus_2k_001825,1277,False,not_evaluated,,,,,,,,,,,,,,,3452,,4,,0,,0.9994209612044007,,2274,,7,,0,,0.9984632272228321,
c2_step1049,C2,flow_generation,1049,4aa9a4536d6cbabc10c539ac1cae5252e8de45597bcf71c22457e42a4dd6ced9,,,nexus_2k_001483,1418,False,not_evaluated,,,,,,,,,,,,,,,4206,,0,,0,,1.0,,2804,,0,,0,,1.0,
c2_step1049,C2,flow_generation,1049,4aa9a4536d6cbabc10c539ac1cae5252e8de45597bcf71c22457e42a4dd6ced9,,,nexus_2k_001439,1446,False,not_evaluated,,,,,,,,,,,,,,,4351,,2,,0,,0.9997702205882353,,2900,,4,,0,,0.9993108201240524,
c2_step1049,C2,flow_generation,1049,4aa9a4536d6cbabc10c539ac1cae5252e8de45597bcf71c22457e42a4dd6ced9,,,nexus_2k_001178,1458,False,not_evaluated,,,,,,,,,,,,,,,4325,,1,,1,,0.9997688395746648,,2872,,2,,3,,0.99913028352757,
c2_step1049,C2,flow_generation,1049,4aa9a4536d6cbabc10c539ac1cae5252e8de45597bcf71c22457e42a4dd6ced9,,,nexus_2k_001317,1536,False,not_evaluated,,,,,,,,,,,,,,,4362,,5,,0,,0.9994271967006529,,2904,,94,,0,,0.9840731955269401,
c2_step1049,C2,flow_generation,1049,4aa9a4536d6cbabc10c539ac1cae5252e8de45597bcf71c22457e42a4dd6ced9,,,nexus_2k_000869,1590,False,not_evaluated,,,,,,,,,,,,,,,4410,,2,,0,,0.9997732940376332,,2940,,2,,0,,0.999659979598776,
c2_step1049,C2,flow_generation,1049,4aa9a4536d6cbabc10c539ac1cae5252e8de45597bcf71c22457e42a4dd6ced9,,,nexus_2k_001415,1609,False,not_evaluated,,,,,,,,,,,,,,,4755,,3,,0,,0.9996846420687481,,3170,,157,,0,,0.975835000769586,
c2_step1049,C2,flow_generation,1049,4aa9a4536d6cbabc10c539ac1cae5252e8de45597bcf71c22457e42a4dd6ced9,,,nexus_2k_000283,1644,False,not_evaluated,,,,,,,,,,,,,,,4919,,4,,0,,0.999593578540947,,3269,,6,,0,,0.9990831295843521,
c2_step1049,C2,flow_generation,1049,4aa9a4536d6cbabc10c539ac1cae5252e8de45597bcf71c22457e42a4dd6ced9,,,nexus_2k_000935,1713,False,not_evaluated,,,,,,,,,,,,,,,4937,,2,,0,,0.9997974888618874,,3261,,48,,0,,0.9926940639269406,
c2_step1049,C2,flow_generation,1049,4aa9a4536d6cbabc10c539ac1cae5252e8de45597bcf71c22457e42a4dd6ced9,,,nexus_2k_000815,1735,False,not_evaluated,,,,,,,,,,,,,,,5032,,2,,0,,0.9998013113451222,,3336,,11,,0,,0.9983540326200808,
c2_step1049,C2,flow_generation,1049,4aa9a4536d6cbabc10c539ac1cae5252e8de45597bcf71c22457e42a4dd6ced9,,,nexus_2k_000800,1829,False,not_evaluated,,,,,,,,,,,,,,,5483,,6,,2,,0.9992710041917259,,3654,,121,,4,,0.9831831023812727,
c2_step1049,C2,flow_generation,1049,4aa9a4536d6cbabc10c539ac1cae5252e8de45597bcf71c22457e42a4dd6ced9,,,nexus_2k_001211,1830,False,not_evaluated,,,,,,,,,,,,,,,5407,,4,,0,,0.9996302458864855,,3597,,12,,0,,0.9983347210657785,
c2_step1049,C2,flow_generation,1049,4aa9a4536d6cbabc10c539ac1cae5252e8de45597bcf71c22457e42a4dd6ced9,,,nexus_2k_001093,1964,False,not_evaluated,,,,,,,,,,,,,,,5733,,7,,0,,0.9993898718730934,,3800,,23,,0,,0.9969828151646334,
c2_step1049,C2,flow_generation,1049,4aa9a4536d6cbabc10c539ac1cae5252e8de45597bcf71c22457e42a4dd6ced9,,,nexus_2k_000783,2172,False,not_evaluated,,,,,,,,,,,,,,,6419,,10,,0,,0.9992216687422167,,4270,,9,,0,,0.998947245291847,
c2_step1049,C2,flow_generation,1049,4aa9a4536d6cbabc10c539ac1cae5252e8de45597bcf71c22457e42a4dd6ced9,,,nexus_2k_000083,2238,False,not_evaluated,,,,,,,,,,,,,,,6140,,6,,1,,0.9994302921787255,,3957,,45,,2,,0.9940962190679563,
c2_step1049,C2,flow_generation,1049,4aa9a4536d6cbabc10c539ac1cae5252e8de45597bcf71c22457e42a4dd6ced9,,,nexus_2k_001792,2244,False,not_evaluated,,,,,,,,,,,,,,,6647,,5,,0,,0.9996240318820964,,4393,,5,,0,,0.9994312364918667,
c2_step1049,C2,flow_generation,1049,4aa9a4536d6cbabc10c539ac1cae5252e8de45597bcf71c22457e42a4dd6ced9,,,nexus_2k_000280,2279,False,not_evaluated,,,,,,,,,,,,,,,6829,,9,,0,,0.9993414794761103,,4544,,28,,0,,0.9969284774023695,
c2_step1049,C2,flow_generation,1049,4aa9a4536d6cbabc10c539ac1cae5252e8de45597bcf71c22457e42a4dd6ced9,,,nexus_2k_000167,2273,False,not_evaluated,,,,,,,,,,,,,,,6682,,8,,0,,0.9994017349685911,,4412,,12,,0,,0.9986419194205522,
c2_step1049,C2,flow_generation,1049,4aa9a4536d6cbabc10c539ac1cae5252e8de45597bcf71c22457e42a4dd6ced9,,,nexus_2k_001232,2398,False,not_evaluated,,,,,,,,,,,,,,,7589,,14,,1,,0.9990127032185875,,5192,,17,,2,,0.9981736037681438,
c2_step1049,C2,flow_generation,1049,4aa9a4536d6cbabc10c539ac1cae5252e8de45597bcf71c22457e42a4dd6ced9,,,nexus_2k_000898,2547,False,not_evaluated,,,,,,,,,,,,,,,7344,,8,,0,,0.9994556341861731,,4800,,9,,0,,0.9990633780830471,
