group,completed_updates,forward_at_completed_updates,velocity_mse,lr,seconds,elapsed_seconds,peak_allocated_bytes,peak_reserved_bytes,uid_group,source_log
C0,1,0,2.0297832012176515,1.0000000000000002e-06,7.3046270199120045,67.67186425905675,46902447104,48123346944,nexus_2k_001825;nexus_2k_000952;nexus_2k_001536;nexus_2k_001716;nexus_2k_001415,snapshot/c0/run/updates-from0000000-1790935268142429630.jsonl
C0,2,1,2.045500922203064,2.0000000000000003e-06,7.446165037341416,157.7462277384475,46946417664,49788485632,nexus_2k_000815;nexus_2k_001178;nexus_2k_000167;nexus_2k_001045;nexus_2k_000084,snapshot/c0/run/updates-from0000000-1790935268142429630.jsonl
C0,3,2,2.007124662399292,3e-06,6.4165441785007715,164.16312523558736,46902483968,49788485632,nexus_2k_000675;nexus_2k_001483;nexus_2k_001843;nexus_2k_000935;nexus_2k_000142,snapshot/c0/run/updates-from0000000-1790935268142429630.jsonl
C0,4,3,1.928463053703308,4.000000000000001e-06,8.341155183501542,253.34210808761418,46907241472,49788485632,nexus_2k_000118;nexus_2k_000872;nexus_2k_000283;nexus_2k_000800;nexus_2k_001093,snapshot/c0/run/updates-from0000000-1790935268142429630.jsonl
C0,5,4,1.9884669542312623,5e-06,5.824008365161717,259.1665249057114,46901027840,49788485632,nexus_2k_001692;nexus_2k_000020;nexus_2k_000083;nexus_2k_001577;nexus_2k_001087,snapshot/c0/run/updates-from0000000-1790935268142429630.jsonl
C0,6,5,1.9923806667327881,6e-06,7.566554656252265,266.73344123363495,46904323072,49788485632,nexus_2k_001150;nexus_2k_001232;nexus_2k_001179;nexus_2k_001085;nexus_2k_000898,snapshot/c0/run/updates-from0000000-1790935268142429630.jsonl
C0,7,6,1.9839824438095093,7.000000000000001e-06,8.869452108629048,275.60335359349847,46901541888,49788485632,nexus_2k_001331;nexus_2k_000783;nexus_2k_000280;nexus_2k_001211;nexus_2k_000823,snapshot/c0/run/updates-from0000000-1790935268142429630.jsonl
C0,8,7,2.159371089935303,8.000000000000001e-06,6.554644787684083,282.15844383183867,46897398784,49788485632,nexus_2k_001792;nexus_2k_000869;nexus_2k_001780;nexus_2k_000053;nexus_2k_000074,snapshot/c0/run/updates-from0000000-1790935268142429630.jsonl
C0,9,8,2.0397235631942747,9e-06,5.702285525389016,287.86109591741115,46900950016,49788485632,nexus_2k_001216;nexus_2k_000840;nexus_2k_000519;nexus_2k_001439;nexus_2k_000346,snapshot/c0/run/updates-from0000000-1790935268142429630.jsonl
C0,10,9,1.7736545562744142,1e-05,5.601363569498062,293.4628354655579,46900933632,49788485632,nexus_2k_001550;nexus_2k_001317;nexus_2k_000242;nexus_2k_000447;nexus_2k_000796,snapshot/c0/run/updates-from0000000-1790935268142429630.jsonl
C0,11,10,2.0516468286514282,1.1000000000000001e-05,8.225722552277148,301.6888806987554,46907511808,49788485632,nexus_2k_000823;nexus_2k_000869;nexus_2k_001087;nexus_2k_000280;nexus_2k_000167,snapshot/c0/run/updates-from0000000-1790935268142429630.jsonl
C0,12,11,2.0179874181747435,1.2e-05,4.31241983640939,306.0016555907205,46900552192,49788485632,nexus_2k_000074;nexus_2k_001179;nexus_2k_000840;nexus_2k_001692;nexus_2k_000084,snapshot/c0/run/updates-from0000000-1790935268142429630.jsonl
C0,13,12,2.0489857673645018,1.3000000000000001e-05,7.583607900887728,313.5855939676985,46899753984,49788485632,nexus_2k_001792;nexus_2k_001550;nexus_2k_000675;nexus_2k_000142;nexus_2k_001439,snapshot/c0/run/updates-from0000000-1790935268142429630.jsonl
C0,14,13,1.970474410057068,1.4000000000000001e-05,8.265912167727947,321.85194167494774,46901203968,49788485632,nexus_2k_000447;nexus_2k_001232;nexus_2k_000083;nexus_2k_001536;nexus_2k_000952,snapshot/c0/run/updates-from0000000-1790935268142429630.jsonl
C0,15,14,1.9199082374572753,1.5e-05,6.60922010615468,328.4615867258981,46908199936,49788485632,nexus_2k_000242;nexus_2k_000283;nexus_2k_001577;nexus_2k_000020;nexus_2k_001415,snapshot/c0/run/updates-from0000000-1790935268142429630.jsonl
C0,16,15,1.9661775827407837,1.6000000000000003e-05,6.646420704200864,335.1083594346419,46900958208,49788485632,nexus_2k_001216;nexus_2k_000935;nexus_2k_001825;nexus_2k_001331;nexus_2k_001780,snapshot/c0/run/updates-from0000000-1790935268142429630.jsonl
C0,17,16,1.9500492095947266,1.7000000000000003e-05,6.724353336729109,341.83313790895045,46903301120,49788485632,nexus_2k_000346;nexus_2k_001716;nexus_2k_000872;nexus_2k_001483;nexus_2k_000815,snapshot/c0/run/updates-from0000000-1790935268142429630.jsonl
C0,18,17,1.8896044731140136,1.8e-05,6.412518601864576,348.24600384011865,46915052544,49788485632,nexus_2k_001211;nexus_2k_001843;nexus_2k_000800;nexus_2k_000519;nexus_2k_000053,snapshot/c0/run/updates-from0000000-1790935268142429630.jsonl
C0,19,18,1.8732370853424072,1.9e-05,6.010671797208488,354.2570290695876,46907241472,49788485632,nexus_2k_000118;nexus_2k_001085;nexus_2k_001317;nexus_2k_001045;nexus_2k_001093,snapshot/c0/run/updates-from0000000-1790935268142429630.jsonl
C0,20,19,1.976607322692871,2e-05,8.082092836499214,362.3394724149257,46896116736,49788485632,nexus_2k_000783;nexus_2k_000898;nexus_2k_001178;nexus_2k_001150;nexus_2k_000796,snapshot/c0/run/updates-from0000000-1790935268142429630.jsonl
C0,21,20,1.857830548286438,2.1e-05,6.659870182164013,368.9996743276715,46904445952,49788485632,nexus_2k_000872;nexus_2k_000796;nexus_2k_000869;nexus_2k_001045;nexus_2k_000815,snapshot/c0/run/updates-from0000000-1790935268142429630.jsonl
C0,22,21,1.9881193876266479,2.2000000000000003e-05,5.627394603565335,374.6274080807343,46924100608,49788485632,nexus_2k_001577;nexus_2k_000840;nexus_2k_000447;nexus_2k_000952;nexus_2k_000823,snapshot/c0/run/updates-from0000000-1790935268142429630.jsonl
C0,23,22,1.8680019617080688,2.3000000000000003e-05,6.029935038648546,380.65771726612,46903309312,49788485632,nexus_2k_000118;nexus_2k_000083;nexus_2k_001179;nexus_2k_001331;nexus_2k_000084,snapshot/c0/run/updates-from0000000-1790935268142429630.jsonl
C0,24,23,1.924189567565918,2.4e-05,6.023291106335819,386.68135865870863,46902252544,49788485632,nexus_2k_000346;nexus_2k_000142;nexus_2k_001780;nexus_2k_000280;nexus_2k_000675,snapshot/c0/run/updates-from0000000-1790935268142429630.jsonl
C0,25,24,2.0207102298736572,2.5e-05,6.1107374439015985,392.79243317246437,46936855552,49788485632,nexus_2k_000283;nexus_2k_001415;nexus_2k_001536;nexus_2k_001085;nexus_2k_000020,snapshot/c0/run/updates-from0000000-1790935268142429630.jsonl
C0,26,25,1.7782261848449707,2.6000000000000002e-05,7.168237913399935,399.96102502569556,46903301120,49788485632,nexus_2k_001178;nexus_2k_001150;nexus_2k_000800;nexus_2k_001087;nexus_2k_000935,snapshot/c0/run/updates-from0000000-1790935268142429630.jsonl
C0,27,26,2.004052829742432,2.7000000000000002e-05,9.161696223542094,409.1230818275362,46909248512,49788485632,nexus_2k_000242;nexus_2k_001216;nexus_2k_001792;nexus_2k_000783;nexus_2k_000167,snapshot/c0/run/updates-from0000000-1790935268142429630.jsonl
C0,28,27,1.8045102834701539,2.8000000000000003e-05,6.280575473792851,415.4040084145963,46903669760,49788485632,nexus_2k_001550;nexus_2k_000074;nexus_2k_001843;nexus_2k_001317;nexus_2k_001825,snapshot/c0/run/updates-from0000000-1790935268142429630.jsonl
C0,29,28,1.9381486177444458,2.9e-05,8.054512116126716,423.45887285191566,46896079872,49788485632,nexus_2k_000898;nexus_2k_001483;nexus_2k_001211;nexus_2k_001716;nexus_2k_001692,snapshot/c0/run/updates-from0000000-1790935268142429630.jsonl
C0,30,29,1.8601909160614014,3e-05,8.107257099822164,431.56647790502757,46905191424,49788485632,nexus_2k_000053;nexus_2k_001232;nexus_2k_001439;nexus_2k_000519;nexus_2k_001093,snapshot/c0/run/updates-from0000000-1790935268142429630.jsonl
C0,31,30,1.8449324131011964,3.1e-05,5.396108743734658,436.9629888711497,46899569664,49788485632,nexus_2k_001843;nexus_2k_000519;nexus_2k_000815;nexus_2k_001536;nexus_2k_001085,snapshot/c0/run/updates-from0000000-1790935268142429630.jsonl
C0,32,31,1.799880862236023,3.2000000000000005e-05,6.824601955711842,443.7879080446437,46905381888,49788485632,nexus_2k_001439;nexus_2k_001331;nexus_2k_000447;nexus_2k_000053;nexus_2k_001093,snapshot/c0/run/updates-from0000000-1790935268142429630.jsonl
C0,33,32,1.8516942739486695,3.3e-05,5.061237320303917,448.8494788808748,46901042176,49788485632,nexus_2k_000675;nexus_2k_000142;nexus_2k_000020;nexus_2k_000242;nexus_2k_001179,snapshot/c0/run/updates-from0000000-1790935268142429630.jsonl
C0,34,33,1.7532632112503053,3.4000000000000007e-05,5.4060727478936315,454.2558941692114,46901031424,49788485632,nexus_2k_000074;nexus_2k_001045;nexus_2k_000083;nexus_2k_000796;nexus_2k_000118,snapshot/c0/run/updates-from0000000-1790935268142429630.jsonl
C0,35,34,1.9359444379806519,3.5e-05,7.824206014163792,462.08044022973627,46897804288,49788485632,nexus_2k_000783;nexus_2k_001577;nexus_2k_000283;nexus_2k_001550;nexus_2k_001216,snapshot/c0/run/updates-from0000000-1790935268142429630.jsonl
C0,36,35,1.826637864112854,3.6e-05,7.544666304253042,469.62545065395534,46899966976,49788485632,nexus_2k_000898;nexus_2k_001150;nexus_2k_001825;nexus_2k_001780;nexus_2k_000869,snapshot/c0/run/updates-from0000000-1790935268142429630.jsonl
C0,37,36,1.726662278175354,3.7e-05,7.716419427655637,477.3422132264823,46900376576,49788485632,nexus_2k_000952;nexus_2k_000167;nexus_2k_000823;nexus_2k_001211;nexus_2k_001716,snapshot/c0/run/updates-from0000000-1790935268142429630.jsonl
C0,38,37,1.7148190021514893,3.8e-05,9.775175483897328,487.1177133768797,46901851136,49788485632,nexus_2k_001792;nexus_2k_000280;nexus_2k_001415;nexus_2k_001178;nexus_2k_001317,snapshot/c0/run/updates-from0000000-1790935268142429630.jsonl
C0,39,38,1.7498131036758422,3.9000000000000006e-05,7.480047764256597,494.5980974137783,46919689216,49788485632,nexus_2k_000840;nexus_2k_001483;nexus_2k_000872;nexus_2k_000084;nexus_2k_001232,snapshot/c0/run/updates-from0000000-1790935268142429630.jsonl
C0,40,39,1.5887386322021484,4e-05,6.239832707680762,500.83828551042825,46900462592,49790582784,nexus_2k_000346;nexus_2k_000800;nexus_2k_000935;nexus_2k_001087;nexus_2k_001692,snapshot/c0/run/updates-from0000000-1790935268142429630.jsonl
C0,41,40,1.6541761398315429,4.1e-05,5.666809522546828,506.50541980192065,46904706048,49790582784,nexus_2k_000118;nexus_2k_000783;nexus_2k_001843;nexus_2k_001087;nexus_2k_001716,snapshot/c0/run/updates-from0000000-1790935268142429630.jsonl
C0,42,41,1.6725196838378906,4.2e-05,3.81549899186939,510.32127023953944,46900106240,49790582784,nexus_2k_001150;nexus_2k_000020;nexus_2k_001045;nexus_2k_001780;nexus_2k_000053,snapshot/c0/run/updates-from0000000-1790935268142429630.jsonl
C0,43,42,1.7818768739700317,4.3e-05,5.962741025723517,516.2843558751047,46904349696,49790582784,nexus_2k_001179;nexus_2k_000796;nexus_2k_001536;nexus_2k_001825;nexus_2k_000283,snapshot/c0/run/updates-from0000000-1790935268142429630.jsonl
C0,44,43,1.6561870574951172,4.4000000000000006e-05,8.272327630780637,524.5570219177753,46903000064,49790582784,nexus_2k_001483;nexus_2k_001415;nexus_2k_000083;nexus_2k_001331;nexus_2k_000142,snapshot/c0/run/updates-from0000000-1790935268142429630.jsonl
C0,45,44,1.69777410030365,4.5e-05,5.83561631757766,530.3929956257343,46926304256,49790582784,nexus_2k_001577;nexus_2k_001550;nexus_2k_000084;nexus_2k_000675;nexus_2k_001439,snapshot/c0/run/updates-from0000000-1790935268142429630.jsonl
C0,46,45,1.6565671682357788,4.600000000000001e-05,8.500255173072219,538.8935934221372,46899966976,49790582784,nexus_2k_000898;nexus_2k_000823;nexus_2k_001692;nexus_2k_000800;nexus_2k_001093,snapshot/c0/run/updates-from0000000-1790935268142429630.jsonl
C0,47,46,1.5344343423843383,4.7e-05,10.148379265330732,549.0423158844933,46923203584,49790582784,nexus_2k_000869;nexus_2k_000872;nexus_2k_001211;nexus_2k_000280;nexus_2k_001232,snapshot/c0/run/updates-from0000000-1790935268142429630.jsonl
C0,48,47,1.6937961101531982,4.8e-05,7.258848517201841,556.301500223577,46899663872,49790582784,nexus_2k_001792;nexus_2k_000074;nexus_2k_001317;nexus_2k_000346;nexus_2k_001178,snapshot/c0/run/updates-from0000000-1790935268142429630.jsonl
C0,49,48,1.6404695510864258,4.9e-05,5.582044164650142,561.8839625455439,46905041408,49790582784,nexus_2k_000519;nexus_2k_000840;nexus_2k_001085;nexus_2k_000242;nexus_2k_000815,snapshot/c0/run/updates-from0000000-1790935268142429630.jsonl
C0,50,49,1.5703422784805299,5e-05,7.789761206135154,569.6740599879995,46900089856,49790582784,nexus_2k_000167;nexus_2k_001216;nexus_2k_000447;nexus_2k_000952;nexus_2k_000935,snapshot/c0/run/updates-from0000000-1790935268142429630.jsonl
C0,51,50,1.6578245639801026,5.1000000000000006e-05,6.177186953835189,575.851589887403,46920913920,49790582784,nexus_2k_000869;nexus_2k_001045;nexus_2k_001577;nexus_2k_001087;nexus_2k_001178,snapshot/c0/run/updates-from0000000-1790935268142429630.jsonl
C0,52,51,1.6172114133834838,5.2000000000000004e-05,6.5764600755646825,582.428405418992,46907151360,49790582784,nexus_2k_000242;nexus_2k_000142;nexus_2k_001692;nexus_2k_000283;nexus_2k_001317,snapshot/c0/run/updates-from0000000-1790935268142429630.jsonl
C0,53,52,1.548178458213806,5.300000000000001e-05,6.151591040194035,588.5803348077461,46900761600,49790582784,nexus_2k_001825;nexus_2k_000447;nexus_2k_001216;nexus_2k_001415;nexus_2k_001843,snapshot/c0/run/updates-from0000000-1790935268142429630.jsonl
C0,54,53,1.6141292572021484,5.4000000000000005e-05,5.753477800637484,594.3341551190242,46898734080,49790582784,nexus_2k_000083;nexus_2k_001536;nexus_2k_000020;nexus_2k_000346;nexus_2k_001716,snapshot/c0/run/updates-from0000000-1790935268142429630.jsonl
C0,55,54,1.5508403062820435,5.500000000000001e-05,8.944206698797643,603.2787049580365,46899942400,49790582784,nexus_2k_000280;nexus_2k_000053;nexus_2k_001439;nexus_2k_001093;nexus_2k_000800,snapshot/c0/run/updates-from0000000-1790935268142429630.jsonl
C0,56,55,1.732397770881653,5.6000000000000006e-05,6.470126021653414,609.7491802517325,46915884032,49790582784,nexus_2k_001085;nexus_2k_000519;nexus_2k_000935;nexus_2k_000815;nexus_2k_000840,snapshot/c0/run/updates-from0000000-1790935268142429630.jsonl
C0,57,56,1.506018829345703,5.6999999999999996e-05,5.580233125016093,615.3297668891028,46914835456,49790582784,nexus_2k_000796;nexus_2k_000167;nexus_2k_000118;nexus_2k_001150;nexus_2k_000675,snapshot/c0/run/updates-from0000000-1790935268142429630.jsonl
C0,58,57,1.6219048023223877,5.8e-05,9.536099809221923,624.8662883331999,46905072640,49790582784,nexus_2k_001550;nexus_2k_000084;nexus_2k_001232;nexus_2k_000898;nexus_2k_000783,snapshot/c0/run/updates-from0000000-1790935268142429630.jsonl
C0,59,58,1.5497727632522582,5.9e-05,6.8429988427087665,631.7097305245697,46897398784,49790582784,nexus_2k_001792;nexus_2k_001483;nexus_2k_001331;nexus_2k_001179;nexus_2k_000074,snapshot/c0/run/updates-from0000000-1790935268142429630.jsonl
C0,60,59,1.5379027843475341,6e-05,6.781182739883661,638.4912499496713,46902670336,49790582784,nexus_2k_000823;nexus_2k_000872;nexus_2k_000952;nexus_2k_001211;nexus_2k_001780,snapshot/c0/run/updates-from0000000-1790935268142429630.jsonl
C0,61,60,1.5037861347198487,6.1e-05,5.196499580517411,643.6880933549255,46899143680,49790582784,nexus_2k_001045;nexus_2k_000346;nexus_2k_000118;nexus_2k_001792;nexus_2k_001150,snapshot/c0/run/updates-from0000000-1790935268142429630.jsonl
C0,62,61,1.6061436414718628,6.2e-05,7.124487965367734,650.812906164676,46903165952,49790582784,nexus_2k_000083;nexus_2k_001087;nexus_2k_001692;nexus_2k_000519;nexus_2k_000167,snapshot/c0/run/updates-from0000000-1790935268142429630.jsonl
C0,63,62,1.5434403657913207,6.3e-05,8.501487207598984,659.3152053477243,46904323072,49790582784,nexus_2k_000447;nexus_2k_000869;nexus_2k_001577;nexus_2k_001211;nexus_2k_000898,snapshot/c0/run/updates-from0000000-1790935268142429630.jsonl
C0,64,63,1.3991790294647217,6.400000000000001e-05,5.113110268488526,664.4287266600877,46953974784,49790582784,nexus_2k_000935;nexus_2k_001780;nexus_2k_000053;nexus_2k_000675;nexus_2k_001843,snapshot/c0/run/updates-from0000000-1790935268142429630.jsonl
C0,65,64,1.4927865505218505,6.500000000000001e-05,7.637802824378014,672.0668875826523,46908199936,49790582784,nexus_2k_000242;nexus_2k_001439;nexus_2k_000796;nexus_2k_000280;nexus_2k_001415,snapshot/c0/run/updates-from0000000-1790935268142429630.jsonl
C0,66,65,1.5406550407409667,6.6e-05,7.333939285948873,679.4011831190437,46906070016,49790582784,nexus_2k_001716;nexus_2k_000283;nexus_2k_001550;nexus_2k_001178;nexus_2k_000872,snapshot/c0/run/updates-from0000000-1790935268142429630.jsonl
C0,67,66,1.4590803384780884,6.7e-05,6.55529323220253,685.9568868307397,46915236864,49790582784,nexus_2k_000840;nexus_2k_001825;nexus_2k_000815;nexus_2k_000074;nexus_2k_000823,snapshot/c0/run/updates-from0000000-1790935268142429630.jsonl
C0,68,67,1.3896482467651368,6.800000000000001e-05,6.575188426300883,692.5324877956882,46906014208,49790582784,nexus_2k_000142;nexus_2k_001085;nexus_2k_000084;nexus_2k_001317;nexus_2k_001093,snapshot/c0/run/updates-from0000000-1790935268142429630.jsonl
C0,69,68,1.5571789264678955,6.9e-05,5.177696327678859,697.7105651395395,46902182912,49790582784,nexus_2k_001179;nexus_2k_000020;nexus_2k_001216;nexus_2k_001536;nexus_2k_001331,snapshot/c0/run/updates-from0000000-1790935268142429630.jsonl
C0,70,69,1.5369915246963501,7e-05,9.99728391226381,707.7081972034648,46901425152,49790582784,nexus_2k_000952;nexus_2k_000783;nexus_2k_000800;nexus_2k_001232;nexus_2k_001483,snapshot/c0/run/updates-from0000000-1790935268142429630.jsonl
C0,71,70,1.4604806423187255,7.1e-05,5.333192193880677,713.0417421134189,46903702528,49790582784,nexus_2k_000084;nexus_2k_001045;nexus_2k_000118;nexus_2k_001843;nexus_2k_001792,snapshot/c0/run/updates-from0000000-1790935268142429630.jsonl
C0,72,71,1.7301501512527466,7.2e-05,8.672696595080197,721.7149094892666,46899041280,49790582784,nexus_2k_000167;nexus_2k_000053;nexus_2k_000952;nexus_2k_000783;nexus_2k_001483,snapshot/c0/run/updates-from0000000-1790935268142429630.jsonl
C0,73,72,1.535020351409912,7.3e-05,6.0980155151337385,727.8133498718962,46907651072,49790582784,nexus_2k_001536;nexus_2k_001150;nexus_2k_000823;nexus_2k_000142;nexus_2k_000800,snapshot/c0/run/updates-from0000000-1790935268142429630.jsonl
C0,74,73,1.4319888353347778,7.4e-05,8.246111403219402,736.0599000612274,46906102784,49790582784,nexus_2k_000242;nexus_2k_001439;nexus_2k_001093;nexus_2k_000083;nexus_2k_001577,snapshot/c0/run/updates-from0000000-1790935268142429630.jsonl
C0,75,74,1.4444159030914308,7.500000000000001e-05,5.844361170195043,741.9046912454069,46900835328,49790582784,nexus_2k_001692;nexus_2k_000898;nexus_2k_000519;nexus_2k_000020;nexus_2k_000447,snapshot/c0/run/updates-from0000000-1790935268142429630.jsonl
C0,76,75,1.454236102104187,7.6e-05,5.561525228433311,747.4665601942688,46903774208,49790582784,nexus_2k_000346;nexus_2k_000074;nexus_2k_000675;nexus_2k_001085;nexus_2k_000280,snapshot/c0/run/updates-from0000000-1790935268142429630.jsonl
C0,77,76,1.7525860786437988,7.7e-05,5.5194132179021835,752.986425881274,46902645760,49790582784,nexus_2k_001216;nexus_2k_001825;nexus_2k_000796;nexus_2k_001716;nexus_2k_000840,snapshot/c0/run/updates-from0000000-1790935268142429630.jsonl
C0,78,77,1.5309096574783325,7.800000000000001e-05,6.971524751745164,759.9582944968715,46903141376,49790582784,nexus_2k_001179;nexus_2k_000815;nexus_2k_001087;nexus_2k_000872;nexus_2k_001178,snapshot/c0/run/updates-from0000000-1790935268142429630.jsonl
C0,79,78,1.2637726306915282,7.900000000000001e-05,8.59864953160286,768.55736003723,46928272384,49790582784,nexus_2k_001415;nexus_2k_001331;nexus_2k_001317;nexus_2k_001211;nexus_2k_000935,snapshot/c0/run/updates-from0000000-1790935268142429630.jsonl
C0,80,79,1.5053879499435425,8e-05,8.295055121183395,776.8527624430135,46909463552,49790582784,nexus_2k_001780;nexus_2k_000283;nexus_2k_000869;nexus_2k_001232;nexus_2k_001550,snapshot/c0/run/updates-from0000000-1790935268142429630.jsonl
C0,81,80,1.3713878870010376,8.1e-05,8.299931399524212,785.1530267912894,46903825408,49790582784,nexus_2k_000346;nexus_2k_000142;nexus_2k_000815;nexus_2k_000898;nexus_2k_001483,snapshot/c0/run/updates-from0000000-1790935268142429630.jsonl
C0,82,81,1.5942090272903442,8.2e-05,6.71517426520586,791.868620891124,46925726720,49790582784,nexus_2k_001415;nexus_2k_000242;nexus_2k_000675;nexus_2k_000283;nexus_2k_000840,snapshot/c0/run/updates-from0000000-1790935268142429630.jsonl
C0,83,82,1.3389895915985108,8.3e-05,7.076071439310908,798.9450935451314,46903450624,49790582784,nexus_2k_001093;nexus_2k_001179;nexus_2k_001087;nexus_2k_001716;nexus_2k_000167,snapshot/c0/run/updates-from0000000-1790935268142429630.jsonl
C0,84,83,1.5072998523712158,8.4e-05,9.078432622365654,808.0239415504038,46907651072,49790582784,nexus_2k_001536;nexus_2k_001792;nexus_2k_001577;nexus_2k_001232;nexus_2k_001211,snapshot/c0/run/updates-from0000000-1790935268142429630.jsonl
C0,85,84,1.3166795015335082,8.5e-05,7.279492297209799,815.30390212778,46898893824,49790582784,nexus_2k_000280;nexus_2k_001780;nexus_2k_000796;nexus_2k_000800;nexus_2k_001550,snapshot/c0/run/updates-from0000000-1790935268142429630.jsonl
C0,86,85,1.5274906158447266,8.6e-05,5.4809916988015175,820.7853162968531,46914249728,49790582784,nexus_2k_001085;nexus_2k_000823;nexus_2k_001216;nexus_2k_001439;nexus_2k_001150,snapshot/c0/run/updates-from0000000-1790935268142429630.jsonl
C0,87,86,1.4348845958709717,8.7e-05,6.82962461002171,827.6152839949355,46899069952,49790582784,nexus_2k_000952;nexus_2k_000869;nexus_2k_000447;nexus_2k_000935;nexus_2k_000074,snapshot/c0/run/updates-from0000000-1790935268142429630.jsonl
C0,88,87,1.451629400253296,8.800000000000001e-05,6.328090405091643,833.9437073338777,46905664000,49790582784,nexus_2k_000519;nexus_2k_001317;nexus_2k_001843;nexus_2k_000020;nexus_2k_000083,snapshot/c0/run/updates-from0000000-1790935268142429630.jsonl
C0,89,88,1.3572034120559693,8.900000000000001e-05,6.054009201005101,839.99812449608,46900683776,49790582784,nexus_2k_000872;nexus_2k_001825;nexus_2k_000118;nexus_2k_001331;nexus_2k_001692,snapshot/c0/run/updates-from0000000-1790935268142429630.jsonl
C0,90,89,1.6082329034805298,9e-05,6.403071852400899,846.4015240650624,46901259264,49790582784,nexus_2k_000053;nexus_2k_001045;nexus_2k_000783;nexus_2k_001178;nexus_2k_000084,snapshot/c0/run/updates-from0000000-1790935268142429630.jsonl
C0,91,90,1.4460610389709472,9.1e-05,8.58523627370596,854.9871068531647,46918061056,49790582784,nexus_2k_000800;nexus_2k_001483;nexus_2k_001536;nexus_2k_000783;nexus_2k_001439,snapshot/c0/run/updates-from0000000-1790935268142429630.jsonl
C0,92,91,1.4038610935211182,9.200000000000001e-05,6.2152799451723695,861.2027244567871,46926304256,49790582784,nexus_2k_001577;nexus_2k_001178;nexus_2k_001179;nexus_2k_001085;nexus_2k_001415,snapshot/c0/run/updates-from0000000-1790935268142429630.jsonl
C0,93,92,1.399601435661316,9.300000000000001e-05,5.266691473312676,866.4698730809614,46917702656,49790582784,nexus_2k_000840;nexus_2k_001780;nexus_2k_000020;nexus_2k_000447;nexus_2k_000935,snapshot/c0/run/updates-from0000000-1790935268142429630.jsonl
C0,94,93,1.3245946884155273,9.4e-05,7.818155004642904,874.2884451188147,46903055360,49790582784,nexus_2k_001792;nexus_2k_000869;nexus_2k_000084;nexus_2k_001692;nexus_2k_000083,snapshot/c0/run/updates-from0000000-1790935268142429630.jsonl
C0,95,94,1.520965337753296,9.5e-05,6.208933821879327,880.4977295352146,46903681536,49790582784,nexus_2k_000519;nexus_2k_001716;nexus_2k_000283;nexus_2k_001550;nexus_2k_000142,snapshot/c0/run/updates-from0000000-1790935268142429630.jsonl
C0,96,95,1.4320141315460204,9.6e-05,8.262784449383616,888.76086550951,46902064128,49790582784,nexus_2k_001087;nexus_2k_001232;nexus_2k_000898;nexus_2k_000872;nexus_2k_001045,snapshot/c0/run/updates-from0000000-1790935268142429630.jsonl
C0,97,96,1.3439941167831422,9.7e-05,8.09064947348088,896.851861525327,46895784960,49790582784,nexus_2k_000280;nexus_2k_000167;nexus_2k_001211;nexus_2k_000796;nexus_2k_001150,snapshot/c0/run/updates-from0000000-1790935268142429630.jsonl
C0,98,97,1.3874917030334473,9.8e-05,6.812321590259671,903.6645295312628,46901117952,49790582784,nexus_2k_001825;nexus_2k_001317;nexus_2k_001216;nexus_2k_000952;nexus_2k_000118,snapshot/c0/run/updates-from0000000-1790935268142429630.jsonl
C0,99,98,1.46110360622406,9.900000000000001e-05,6.03752123285085,909.7024013595656,46902901760,49790582784,nexus_2k_000053;nexus_2k_001093;nexus_2k_001331;nexus_2k_001843;nexus_2k_000823,snapshot/c0/run/updates-from0000000-1790935268142429630.jsonl
C0,100,99,1.3653014659881593,0.0001,5.4125720746815205,915.1153217628598,46902473728,49790582784,nexus_2k_000675;nexus_2k_000074;nexus_2k_000346;nexus_2k_000815;nexus_2k_000242,snapshot/c0/run/updates-from0000000-1790935268142429630.jsonl
C0,101,100,1.2983944892883301,0.0001,8.091299103572965,1004.7528510419652,46936527872,49790582784,nexus_2k_000283;nexus_2k_001178;nexus_2k_000783;nexus_2k_000872;nexus_2k_000084,snapshot/c0/run/updates-from0000000-1790935268142429630.jsonl
C0,102,101,1.4960665464401246,0.0001,6.00515722297132,1010.7592925904319,46914784256,49790582784,nexus_2k_000800;nexus_2k_001716;nexus_2k_001216;nexus_2k_000823;nexus_2k_000346,snapshot/c0/run/updates-from0000000-1790935268142429630.jsonl
C0,103,102,1.6085061073303222,0.0001,7.689887931570411,1018.4495843229815,46917645312,49790582784,nexus_2k_000869;nexus_2k_001415;nexus_2k_001792;nexus_2k_001577;nexus_2k_001780,snapshot/c0/run/updates-from0000000-1790935268142429630.jsonl
C0,104,103,1.3901684999465942,0.0001,6.458301056176424,1024.9083275320008,46896055296,49790582784,nexus_2k_000280;nexus_2k_001536;nexus_2k_000242;nexus_2k_000142;nexus_2k_001692,snapshot/c0/run/updates-from0000000-1790935268142429630.jsonl
C0,105,104,1.6563279151916503,0.0001,6.371731815859675,1031.2804270265624,46913516544,49790582784,nexus_2k_000796;nexus_2k_000167;nexus_2k_000053;nexus_2k_001439;nexus_2k_001843,snapshot/c0/run/updates-from0000000-1790935268142429630.jsonl
C0,106,105,1.3084086418151855,0.0001,8.04369983356446,1039.3244652627036,46895883264,49790582784,nexus_2k_000898;nexus_2k_001093;nexus_2k_001085;nexus_2k_001317;nexus_2k_001045,snapshot/c0/run/updates-from0000000-1790935268142429630.jsonl
C0,107,106,1.5406093358993531,0.0001,6.512889479286969,1045.8377375733107,46902731776,49790582784,nexus_2k_000447;nexus_2k_001331;nexus_2k_000935;nexus_2k_000675;nexus_2k_001483,snapshot/c0/run/updates-from0000000-1790935268142429630.jsonl
C0,108,107,1.2275333166122437,0.0001,6.27876396663487,1052.117842081003,46899979264,49790582784,nexus_2k_001150;nexus_2k_000815;nexus_2k_000118;nexus_2k_001825;nexus_2k_001087,snapshot/c0/run/updates-from0000000-1790935268142429630.jsonl
C0,109,108,1.2154916763305663,0.0001,6.811195023357868,1058.9293759493157,46905193472,49790582784,nexus_2k_001232;nexus_2k_000519;nexus_2k_000074;nexus_2k_001550;nexus_2k_000840,snapshot/c0/run/updates-from0000000-1790935268142429630.jsonl
C0,110,109,1.3152626514434815,0.0001,7.375139110721648,1066.304859817028,46902127616,49790582784,nexus_2k_000952;nexus_2k_001179;nexus_2k_000020;nexus_2k_000083;nexus_2k_001211,snapshot/c0/run/updates-from0000000-1790935268142429630.jsonl
C0,111,110,1.4873331308364868,0.0001,4.661277242936194,1070.9665704667568,46903995392,49790582784,nexus_2k_000053;nexus_2k_001843;nexus_2k_001780;nexus_2k_000118;nexus_2k_000872,snapshot/c0/run/updates-from0000000-1790935268142429630.jsonl
C0,112,111,1.4186094522476196,0.0001,7.210385818965733,1078.177316970192,46899909632,49790582784,nexus_2k_000020;nexus_2k_000898;nexus_2k_001085;nexus_2k_000800;nexus_2k_000519,snapshot/c0/run/updates-from0000000-1790935268142429630.jsonl
C0,113,112,1.2226709127426147,0.0001,6.4367626598104835,1084.6144520556554,46924188672,49790582784,nexus_2k_001415;nexus_2k_000823;nexus_2k_000074;nexus_2k_001211;nexus_2k_001045,snapshot/c0/run/updates-from0000000-1790935268142429630.jsonl
C0,114,113,1.2964842081069947,0.0001,8.699654353782535,1093.314984196797,46907003904,49790582784,nexus_2k_001536;nexus_2k_000083;nexus_2k_001331;nexus_2k_001439;nexus_2k_001792,snapshot/c0/run/updates-from0000000-1790935268142429630.jsonl
C0,115,114,1.4919174432754516,0.0001,8.848748202435672,1102.164150110446,46902457344,49790582784,nexus_2k_001093;nexus_2k_000167;nexus_2k_001692;nexus_2k_001317;nexus_2k_000815,snapshot/c0/run/updates-from0000000-1790935268142429630.jsonl
C0,116,115,1.3784543037414552,0.0001,8.833158205263317,1110.997655957006,46903202816,49790582784,nexus_2k_001483;nexus_2k_000280;nexus_2k_000084;nexus_2k_001550;nexus_2k_001232,snapshot/c0/run/updates-from0000000-1790935268142429630.jsonl
C0,117,116,1.3383944272994994,0.0001,6.3050278397277,1117.3030398348346,46901203968,49790582784,nexus_2k_001178;nexus_2k_000952;nexus_2k_001825;nexus_2k_000346;nexus_2k_001716,snapshot/c0/run/updates-from0000000-1790935268142429630.jsonl
C0,118,117,1.2071338653564454,0.0001,6.668816106393933,1123.9721847875044,46903301120,49790582784,nexus_2k_000447;nexus_2k_000840;nexus_2k_000283;nexus_2k_001577;nexus_2k_000935,snapshot/c0/run/updates-from0000000-1790935268142429630.jsonl
C0,119,118,1.3310993432998657,0.0001,5.772641422227025,1129.7451767632738,46905193472,49790582784,nexus_2k_000242;nexus_2k_000869;nexus_2k_001216;nexus_2k_001179;nexus_2k_000675,snapshot/c0/run/updates-from0000000-1790935268142429630.jsonl
C0,120,119,1.2640345335006713,0.0001,5.8923042537644506,1135.6378047764301,46895744000,49790582784,nexus_2k_000783;nexus_2k_001087;nexus_2k_000142;nexus_2k_000796;nexus_2k_001150,snapshot/c0/run/updates-from0000000-1790935268142429630.jsonl
C0,121,120,1.162219500541687,0.0001,5.443669598549604,1141.081806606613,46909789184,49790582784,nexus_2k_001780;nexus_2k_001085;nexus_2k_000053;nexus_2k_001331;nexus_2k_000869,snapshot/c0/run/updates-from0000000-1790935268142429630.jsonl
C0,122,121,1.176059365272522,0.0001,8.258934107609093,1149.3410599399358,46925126656,49790582784,nexus_2k_001415;nexus_2k_000083;nexus_2k_000167;nexus_2k_000447;nexus_2k_000242,snapshot/c0/run/updates-from0000000-1790935268142429630.jsonl
C0,123,122,1.3393636226654053,0.0001,5.221935568377376,1154.5633293595165,46902252544,49790582784,nexus_2k_001692;nexus_2k_000815;nexus_2k_000084;nexus_2k_001087;nexus_2k_001716,snapshot/c0/run/updates-from0000000-1790935268142429630.jsonl
C0,124,123,1.351133680343628,0.0001,9.469296041876078,1164.0331449992955,46904349696,49790582784,nexus_2k_001179;nexus_2k_001232;nexus_2k_001550;nexus_2k_000898;nexus_2k_001093,snapshot/c0/run/updates-from0000000-1790935268142429630.jsonl
C0,125,124,1.2276054620742798,0.0001,8.048612137325108,1172.0821766927838,46898803712,49790582784,nexus_2k_000280;nexus_2k_000935;nexus_2k_000840;nexus_2k_001536;nexus_2k_001178,snapshot/c0/run/updates-from0000000-1790935268142429630.jsonl
C0,126,125,1.2471227645874023,0.0001,6.880710577592254,1178.9633266609162,46917727232,49790582784,nexus_2k_000796;nexus_2k_000346;nexus_2k_000800;nexus_2k_001577;nexus_2k_001792,snapshot/c0/run/updates-from0000000-1790935268142429630.jsonl
C0,127,126,1.102708101272583,0.0001,6.685418539680541,1185.6491708578542,46901595136,49790582784,nexus_2k_001045;nexus_2k_001439;nexus_2k_000118;nexus_2k_001211;nexus_2k_000872,snapshot/c0/run/updates-from0000000-1790935268142429630.jsonl
C0,128,127,1.384030318260193,0.0001,5.716095697134733,1191.3656221264973,46903071744,49790582784,nexus_2k_000823;nexus_2k_001843;nexus_2k_000283;nexus_2k_000142;nexus_2k_000519,snapshot/c0/run/updates-from0000000-1790935268142429630.jsonl
C0,129,128,1.2083385705947876,0.0001,7.200622011907399,1198.5665855640545,46896497664,49790582784,nexus_2k_000783;nexus_2k_000020;nexus_2k_001825;nexus_2k_001483;nexus_2k_000074,snapshot/c0/run/updates-from0000000-1790935268142429630.jsonl
C0,130,129,1.2847784280776977,0.0001,6.136572693474591,1204.7035278892145,46902252544,49790582784,nexus_2k_001317;nexus_2k_001150;nexus_2k_000952;nexus_2k_001216;nexus_2k_000675,snapshot/c0/run/updates-from0000000-1790935268142429630.jsonl
C0,131,130,1.1335504055023193,0.0001,4.901533930562437,1209.6063648890704,46915884032,49790582784,nexus_2k_001085;nexus_2k_001550;nexus_2k_001087;nexus_2k_001843;nexus_2k_000242,snapshot/c0/run/updates-from0000000-1790935268142429630.jsonl
C0,132,131,1.3885220289230347,0.0001,8.573904349468648,1218.1806362411007,46902473728,49790582784,nexus_2k_000872;nexus_2k_001317;nexus_2k_000783;nexus_2k_000283;nexus_2k_001331,snapshot/c0/run/updates-from0000000-1790935268142429630.jsonl
C0,133,132,1.1992589473724364,0.0001,6.726791347377002,1224.9077703719959,46914446336,49790582784,nexus_2k_001211;nexus_2k_000167;nexus_2k_000084;nexus_2k_001716;nexus_2k_000346,snapshot/c0/run/updates-from0000000-1790935268142429630.jsonl
C0,134,133,1.2784271955490112,0.0001,7.880326261743903,1232.7885327348486,46917702656,49790582784,nexus_2k_000840;nexus_2k_000074;nexus_2k_001792;nexus_2k_001825;nexus_2k_001093,snapshot/c0/run/updates-from0000000-1790935268142429630.jsonl
C0,135,134,1.5435935974121093,0.0001,4.914391768164933,1237.7033410985023,46907642880,49790582784,nexus_2k_001780;nexus_2k_001692;nexus_2k_000869;nexus_2k_000796;nexus_2k_000053,snapshot/c0/run/updates-from0000000-1790935268142429630.jsonl
C0,136,135,1.136727261543274,0.0001,7.949264484457672,1245.653007440269,46903690240,49790582784,nexus_2k_001150;nexus_2k_001439;nexus_2k_000815;nexus_2k_001216;nexus_2k_000083,snapshot/c0/run/updates-from0000000-1790935268142429630.jsonl
C0,137,136,1.242487621307373,0.0001,6.495475928299129,1252.1489236084744,46903301120,49790582784,nexus_2k_001045;nexus_2k_001415;nexus_2k_000118;nexus_2k_001536;nexus_2k_000800,snapshot/c0/run/updates-from0000000-1790935268142429630.jsonl
C0,138,137,1.2215109586715698,0.0001,5.915450274012983,1258.0646882588044,46905287680,49790582784,nexus_2k_000020;nexus_2k_001179;nexus_2k_000823;nexus_2k_000447;nexus_2k_001232,snapshot/c0/run/updates-from0000000-1790935268142429630.jsonl
C0,139,138,1.2594176292419434,0.0001,8.233983527868986,1266.2990279514343,46927326208,49790582784,nexus_2k_001577;nexus_2k_000142;nexus_2k_001483;nexus_2k_000952;nexus_2k_000898,snapshot/c0/run/updates-from0000000-1790935268142429630.jsonl
C0,140,139,1.4179750442504884,0.0001,7.693546737544239,1273.9930048314855,46899942400,49790582784,nexus_2k_000280;nexus_2k_000519;nexus_2k_000675;nexus_2k_001178;nexus_2k_000935,snapshot/c0/run/updates-from0000000-1790935268142429630.jsonl
C0,141,140,1.4701733589172363,0.0001,8.506096412427723,1282.4994986578822,46897992704,49790582784,nexus_2k_000167;nexus_2k_000935;nexus_2k_000869;nexus_2k_000142;nexus_2k_001216,snapshot/c0/run/updates-from0000000-1790935268142429630.jsonl
C0,142,141,1.216509461402893,0.0001,6.623905025422573,1289.1237700991333,46915070976,49790582784,nexus_2k_000800;nexus_2k_001843;nexus_2k_001093;nexus_2k_000053;nexus_2k_000447,snapshot/c0/run/updates-from0000000-1790935268142429630.jsonl
C0,143,142,1.2446882724761963,0.0001,5.784561726264656,1294.908695639111,46902373376,49790582784,nexus_2k_001550;nexus_2k_001179;nexus_2k_001178;nexus_2k_001085;nexus_2k_001577,snapshot/c0/run/updates-from0000000-1790935268142429630.jsonl
C0,144,143,1.2752947568893434,0.0001,9.342961815185845,1304.2520303288475,46901425152,49790582784,nexus_2k_000952;nexus_2k_000872;nexus_2k_000898;nexus_2k_001211;nexus_2k_001439,snapshot/c0/run/updates-from0000000-1790935268142429630.jsonl
C0,145,144,1.1738516330718993,0.0001,6.300404574722052,1310.5527731878683,46899500032,49790582784,nexus_2k_000084;nexus_2k_001150;nexus_2k_000283;nexus_2k_000280;nexus_2k_000346,snapshot/c0/run/updates-from0000000-1790935268142429630.jsonl
C0,146,145,1.0937813520431519,0.0001,4.056342926807702,1314.6094662956893,46903157760,49790582784,nexus_2k_000118;nexus_2k_001716;nexus_2k_000675;nexus_2k_001780;nexus_2k_001045,snapshot/c0/run/updates-from0000000-1790935268142429630.jsonl
C0,147,146,1.2443798065185547,0.0001,6.016622321680188,1320.6265313746408,46917727232,49790582784,nexus_2k_000796;nexus_2k_000823;nexus_2k_001087;nexus_2k_001536;nexus_2k_001792,snapshot/c0/run/updates-from0000000-1790935268142429630.jsonl
C0,148,147,1.3378803730010986,0.0001,9.009707608260214,1329.6366818854585,46903202816,49790582784,nexus_2k_001483;nexus_2k_000519;nexus_2k_001317;nexus_2k_000783;nexus_2k_001232,snapshot/c0/run/updates-from0000000-1790935268142429630.jsonl
C0,149,148,1.223910117149353,0.0001,6.671324643306434,1336.308429574594,46904349696,49790582784,nexus_2k_001331;nexus_2k_000020;nexus_2k_000074;nexus_2k_000815;nexus_2k_001415,snapshot/c0/run/updates-from0000000-1790935268142429630.jsonl
C0,150,149,1.068425226211548,0.0001,6.740247968584299,1343.0490326806903,46898111488,49790582784,nexus_2k_000083;nexus_2k_001825;nexus_2k_001692;nexus_2k_000840;nexus_2k_000242,snapshot/c0/run/updates-from0000000-1790935268142429630.jsonl
C0,151,150,1.2444693326950074,0.0001,5.463605618104339,1348.5130278477445,46899569664,49790582784,nexus_2k_000084;nexus_2k_001093;nexus_2k_000242;nexus_2k_001045;nexus_2k_001085,snapshot/c0/run/updates-from0000000-1790935268142429630.jsonl
C0,152,151,1.1030288934707642,0.0001,8.066701697185636,1356.5800743391737,46919123968,49790582784,nexus_2k_001211;nexus_2k_001780;nexus_2k_001577;nexus_2k_001439;nexus_2k_001232,snapshot/c0/run/updates-from0000000-1790935268142429630.jsonl
C0,153,152,1.285361909866333,0.0001,5.983647390268743,1362.5640641087666,46904972288,49790582784,nexus_2k_000020;nexus_2k_000074;nexus_2k_000142;nexus_2k_000519;nexus_2k_001792,snapshot/c0/run/updates-from0000000-1790935268142429630.jsonl
C0,154,153,1.1864461183547974,0.0001,8.491717861033976,1371.0560987172648,46899901440,49790582784,nexus_2k_000083;nexus_2k_001415;nexus_2k_001087;nexus_2k_000783;nexus_2k_001550,snapshot/c0/run/updates-from0000000-1790935268142429630.jsonl
C0,155,154,1.1435692310333252,0.0001,8.932189132086933,1379.9886397356167,46904065024,49790582784,nexus_2k_001825;nexus_2k_000898;nexus_2k_000869;nexus_2k_001536;nexus_2k_000815,snapshot/c0/run/updates-from0000000-1790935268142429630.jsonl
C0,156,155,1.1291828751564026,0.0001,9.230106284841895,1389.2191030774266,46919046144,49790582784,nexus_2k_000800;nexus_2k_001179;nexus_2k_000280;nexus_2k_000935;nexus_2k_000167,snapshot/c0/run/updates-from0000000-1790935268142429630.jsonl
C0,157,156,1.3323043584823608,0.0001,6.053373716771603,1395.2729200897738,46903432192,49790582784,nexus_2k_001483;nexus_2k_000118;nexus_2k_000823;nexus_2k_000840;nexus_2k_000872,snapshot/c0/run/updates-from0000000-1790935268142429630.jsonl
C0,158,157,1.3413125276565552,0.0001,5.84981195628643,1401.1230719648302,46901406720,49790582784,nexus_2k_000053;nexus_2k_000346;nexus_2k_001317;nexus_2k_001178;nexus_2k_000796,snapshot/c0/run/updates-from0000000-1790935268142429630.jsonl
C0,159,158,1.080990743637085,0.0001,6.166589715518057,1407.2899823579937,46901134336,49790582784,nexus_2k_001843;nexus_2k_001716;nexus_2k_000283;nexus_2k_001692;nexus_2k_001331,snapshot/c0/run/updates-from0000000-1790935268142429630.jsonl
C0,160,159,1.1282381772994996,0.0001,5.268902094103396,1412.5592927252874,46898959360,49790582784,nexus_2k_000952;nexus_2k_000675;nexus_2k_001150;nexus_2k_001216;nexus_2k_000447,snapshot/c0/run/updates-from0000000-1790935268142429630.jsonl
C0,161,160,1.1219347357749938,0.0001,6.559053847566247,1419.1186813358217,46901668864,49790582784,nexus_2k_000020;nexus_2k_000447;nexus_2k_000898;nexus_2k_000084;nexus_2k_000952,snapshot/c0/run/updates-from0000000-1790935268142429630.jsonl
C0,162,161,1.051369595527649,0.0001,7.4149419497698545,1426.5339607484639,46916191232,49790582784,nexus_2k_000800;nexus_2k_001577;nexus_2k_001178;nexus_2k_001825;nexus_2k_001536,snapshot/c0/run/updates-from0000000-1790935268142429630.jsonl
C0,163,162,1.2787421107292176,0.0001,8.446302572265267,1434.9806259134784,46904554496,49790582784,nexus_2k_001317;nexus_2k_000142;nexus_2k_001232;nexus_2k_001692;nexus_2k_001093,snapshot/c0/run/updates-from0000000-1790935268142429630.jsonl
C0,164,163,1.1718704581260682,0.0001,6.152376530691981,1441.1334241591394,46903669760,49790582784,nexus_2k_001550;nexus_2k_001216;nexus_2k_000242;nexus_2k_000519;nexus_2k_001483,snapshot/c0/run/updates-from0000000-1790935268142429630.jsonl
C0,165,164,1.131273913383484,0.0001,6.744930384680629,1447.878776085563,46896116736,49790582784,nexus_2k_000783;nexus_2k_000840;nexus_2k_000074;nexus_2k_001439;nexus_2k_000796,snapshot/c0/run/updates-from0000000-1790935268142429630.jsonl
C0,166,165,1.2797728776931763,0.0001,5.3569769421592355,1453.2361089531332,46902653952,49790582784,nexus_2k_000823;nexus_2k_001780;nexus_2k_000815;nexus_2k_000053;nexus_2k_001843,snapshot/c0/run/updates-from0000000-1790935268142429630.jsonl
C0,167,166,1.035984992980957,0.0001,7.961545297876,1461.197979003191,46918116352,49790582784,nexus_2k_000869;nexus_2k_000167;nexus_2k_001716;nexus_2k_001211;nexus_2k_001087,snapshot/c0/run/updates-from0000000-1790935268142429630.jsonl
C0,168,167,1.2854028224945069,0.0001,5.177802414633334,1466.3761990312487,46903440384,49790582784,nexus_2k_000118;nexus_2k_001045;nexus_2k_001331;nexus_2k_000872;nexus_2k_000346,snapshot/c0/run/updates-from0000000-1790935268142429630.jsonl
C0,169,168,1.1182846307754517,0.0001,6.401045512408018,1472.7776003014296,46903774208,49790582784,nexus_2k_001179;nexus_2k_001150;nexus_2k_000935;nexus_2k_001085;nexus_2k_000280,snapshot/c0/run/updates-from0000000-1790935268142429630.jsonl
C0,170,169,1.1862969756126405,0.0001,9.122595054097474,1481.9005347872153,46937699328,49790582784,nexus_2k_000283;nexus_2k_001792;nexus_2k_001415;nexus_2k_000083;nexus_2k_000675,snapshot/c0/run/updates-from0000000-1790935268142429630.jsonl
C0,171,170,0.9803962707519531,0.0001,6.013060883618891,1487.913929414004,46904546304,49790582784,nexus_2k_000675;nexus_2k_001085;nexus_2k_000935;nexus_2k_001843;nexus_2k_001415,snapshot/c0/run/updates-from0000000-1790935268142429630.jsonl
C0,172,171,1.1947209358215332,0.0001,5.205216648988426,1493.1194542152807,46899143680,49790582784,nexus_2k_000084;nexus_2k_001780;nexus_2k_001331;nexus_2k_000283;nexus_2k_001150,snapshot/c0/run/updates-from0000000-1790935268142429630.jsonl
C0,173,172,1.1761003255844116,0.0001,9.334674663841724,1502.4544518468902,46902989824,49790582784,nexus_2k_001093;nexus_2k_000815;nexus_2k_000800;nexus_2k_000142;nexus_2k_001211,snapshot/c0/run/updates-from0000000-1790935268142429630.jsonl
C0,174,173,1.0673406720161438,0.0001,4.900136045180261,1507.3550124391913,46900392960,49790582784,nexus_2k_001045;nexus_2k_000118;nexus_2k_000346;nexus_2k_001317;nexus_2k_001716,snapshot/c0/run/updates-from0000000-1790935268142429630.jsonl
C0,175,174,1.1772856831550598,0.0001,8.005239583551884,1515.3605894297361,46898689024,49790582784,nexus_2k_000952;nexus_2k_000840;nexus_2k_000280;nexus_2k_000083;nexus_2k_000796,snapshot/c0/run/updates-from0000000-1790935268142429630.jsonl
C0,176,175,1.2719370245933532,0.0001,8.653982319869101,1524.01492464263,46908392448,49790582784,nexus_2k_001232;nexus_2k_001550;nexus_2k_001483;nexus_2k_001179;nexus_2k_001792,snapshot/c0/run/updates-from0000000-1790935268142429630.jsonl
C0,177,176,1.061714494228363,0.0001,4.729931444860995,1528.7451926330104,46901027840,49790582784,nexus_2k_000447;nexus_2k_000074;nexus_2k_001536;nexus_2k_001577;nexus_2k_001087,snapshot/c0/run/updates-from0000000-1790935268142429630.jsonl
C0,178,177,1.2537079930305481,0.0001,6.600735281594098,1535.3462475948036,46899696640,49790582784,nexus_2k_001439;nexus_2k_000783;nexus_2k_000242;nexus_2k_000519;nexus_2k_000020,snapshot/c0/run/updates-from0000000-1790935268142429630.jsonl
C0,179,178,1.0767220258712769,0.0001,8.623006012290716,1543.9695826815441,46898828288,49790582784,nexus_2k_000898;nexus_2k_000823;nexus_2k_000053;nexus_2k_000167;nexus_2k_001178,snapshot/c0/run/updates-from0000000-1790935268142429630.jsonl
C0,180,179,0.9909401059150695,0.0001,6.797116418369114,1550.767018484883,46917551104,49790582784,nexus_2k_000869;nexus_2k_001216;nexus_2k_000872;nexus_2k_001825;nexus_2k_001692,snapshot/c0/run/updates-from0000000-1790935268142429630.jsonl
C0,181,180,0.9685229420661926,0.0001,7.401722140610218,1558.1690891198814,46900896768,49790582784,nexus_2k_001317;nexus_2k_000280;nexus_2k_001415;nexus_2k_000020;nexus_2k_000118,snapshot/c0/run/updates-from0000000-1790935268142429630.jsonl
C0,182,181,0.9719499945640564,0.0001,6.937828936614096,1565.1072466801852,46924725248,49790582784,nexus_2k_001577;nexus_2k_000800;nexus_2k_000242;nexus_2k_000142;nexus_2k_001825,snapshot/c0/run/updates-from0000000-1790935268142429630.jsonl
C0,183,182,1.0438751101493835,0.0001,5.850345374085009,1570.9579357188195,46901203968,49790582784,nexus_2k_001843;nexus_2k_001439;nexus_2k_001716;nexus_2k_001331;nexus_2k_001216,snapshot/c0/run/updates-from0000000-1790935268142429630.jsonl
C0,184,183,1.048741614818573,0.0001,7.637034093029797,1578.5952972127125,46906463232,49790582784,nexus_2k_000823;nexus_2k_000952;nexus_2k_000675;nexus_2k_000167;nexus_2k_000935,snapshot/c0/run/updates-from0000000-1790935268142429630.jsonl
C0,185,184,1.1654900789260865,0.0001,8.503439377993345,1587.0991765670478,46903507968,49790582784,nexus_2k_001483;nexus_2k_001536;nexus_2k_000447;nexus_2k_001792;nexus_2k_000898,snapshot/c0/run/updates-from0000000-1790935268142429630.jsonl
C0,186,185,1.0881232023239136,0.0001,7.012957043014467,1594.112555523403,46907053056,49790582784,nexus_2k_001780;nexus_2k_000283;nexus_2k_000783;nexus_2k_000872;nexus_2k_000796,snapshot/c0/run/updates-from0000000-1790935268142429630.jsonl
C0,187,186,1.1807924509048462,0.0001,9.494144903495908,1603.6070279655978,46917506048,49790582784,nexus_2k_000869;nexus_2k_001093;nexus_2k_001232;nexus_2k_000083;nexus_2k_000084,snapshot/c0/run/updates-from0000000-1790935268142429630.jsonl
C0,188,187,1.073660182952881,0.0001,5.7175812954083085,1609.3249447057024,46899909632,49790582784,nexus_2k_001178;nexus_2k_000074;nexus_2k_001550;nexus_2k_000053;nexus_2k_000519,snapshot/c0/run/updates-from0000000-1790935268142429630.jsonl
C0,189,188,0.9995226383209228,0.0001,5.34731534589082,1614.6726095862687,46902252544,49790582784,nexus_2k_001692;nexus_2k_001087;nexus_2k_001211;nexus_2k_000346;nexus_2k_000840,snapshot/c0/run/updates-from0000000-1790935268142429630.jsonl
C0,190,189,1.0274130940437316,0.0001,5.028787269257009,1619.70174701605,46899772416,49790582784,nexus_2k_001045;nexus_2k_001085;nexus_2k_001150;nexus_2k_000815;nexus_2k_001179,snapshot/c0/run/updates-from0000000-1790935268142429630.jsonl
C0,191,190,1.1416502952575684,0.0001,7.076933057978749,1626.779027217999,46915746816,49790582784,nexus_2k_000796;nexus_2k_001792;nexus_2k_000118;nexus_2k_001178;nexus_2k_001825,snapshot/c0/run/updates-from0000000-1790935268142429630.jsonl
C0,192,191,1.055009937286377,0.0001,5.9945612689480186,1632.7740076268092,46914188288,49790582784,nexus_2k_000840;nexus_2k_001216;nexus_2k_000935;nexus_2k_000675;nexus_2k_000447,snapshot/c0/run/updates-from0000000-1790935268142429630.jsonl
C0,193,192,1.0806581497192382,0.0001,6.374749092385173,1639.1491663167253,46901042176,49790582784,nexus_2k_000872;nexus_2k_001536;nexus_2k_001483;nexus_2k_001550;nexus_2k_001179,snapshot/c0/run/updates-from0000000-1790935268142429630.jsonl
C0,194,193,1.091794228553772,0.0001,6.674372889101505,1645.8238524002954,46927748096,49790582784,nexus_2k_001415;nexus_2k_000823;nexus_2k_000952;nexus_2k_000346;nexus_2k_001439,snapshot/c0/run/updates-from0000000-1790935268142429630.jsonl
C0,195,194,1.0357707500457765,0.0001,8.614654324017465,1654.4393624616787,46896563200,49790582784,nexus_2k_000898;nexus_2k_001780;nexus_2k_000083;nexus_2k_000815;nexus_2k_000074,snapshot/c0/run/updates-from0000000-1790935268142429630.jsonl
C0,196,195,0.9962491035461426,0.0001,6.25290057901293,1660.692604254,46902340608,49790582784,nexus_2k_000053;nexus_2k_001150;nexus_2k_001331;nexus_2k_000280;nexus_2k_000242,snapshot/c0/run/updates-from0000000-1790935268142429630.jsonl
C0,197,196,1.271092915534973,0.0001,6.281986581161618,1666.9749461514875,46896169984,49790582784,nexus_2k_000783;nexus_2k_000020;nexus_2k_001317;nexus_2k_001045;nexus_2k_001085,snapshot/c0/run/updates-from0000000-1790935268142429630.jsonl
C0,198,197,1.1228110313415527,0.0001,8.095496351830661,1675.07078456413,46937314304,49790582784,nexus_2k_000283;nexus_2k_001716;nexus_2k_000800;nexus_2k_000167;nexus_2k_001577,snapshot/c0/run/updates-from0000000-1790935268142429630.jsonl
C0,199,198,1.109773826599121,0.0001,4.487405485473573,1679.5585410762578,46899909632,49794777088,nexus_2k_000084;nexus_2k_001692;nexus_2k_001843;nexus_2k_000142;nexus_2k_000519,snapshot/c0/run/updates-from0000000-1790935268142429630.jsonl
C0,200,199,0.9558695554733276,0.0001,9.334728985093534,1688.8936154162511,46907290624,49794777088,nexus_2k_001232;nexus_2k_001211;nexus_2k_001087;nexus_2k_000869;nexus_2k_001093,snapshot/c0/run/updates-from0000000-1790935268142429630.jsonl
C0,201,200,1.193463432788849,0.0001,6.295983232557774,1777.0181722324342,46913909760,49794777088,nexus_2k_000840;nexus_2k_001317;nexus_2k_001415;nexus_2k_001843;nexus_2k_001780,snapshot/c0/run/updates-from0000000-1790935268142429630.jsonl
C0,202,201,0.9383135199546814,0.0001,8.510157104581594,1785.5296049797907,46897869824,49794777088,nexus_2k_000898;nexus_2k_000283;nexus_2k_001716;nexus_2k_000935;nexus_2k_001577,snapshot/c0/run/updates-from0000000-1790935268142429630.jsonl
C0,203,202,1.1755995631217957,0.0001,6.218958113342524,1791.7489845715463,46906582016,49794777088,nexus_2k_000242;nexus_2k_000142;nexus_2k_001150;nexus_2k_000872;nexus_2k_001483,snapshot/c0/run/updates-from0000000-1790935268142429630.jsonl
C0,204,203,1.0419583082199098,0.0001,6.71774011105299,1798.4671072224155,46896489472,49794777088,nexus_2k_000280;nexus_2k_001179;nexus_2k_000823;nexus_2k_001439;nexus_2k_000118,snapshot/c0/run/updates-from0000000-1790935268142429630.jsonl
C0,205,204,0.9875826835632324,0.0001,7.634606982581317,1806.1020481996238,46904095744,49794777088,nexus_2k_001232;nexus_2k_001178;nexus_2k_000519;nexus_2k_000952;nexus_2k_000053,snapshot/c0/run/updates-from0000000-1790935268142429630.jsonl
C0,206,205,1.1529354453086853,0.0001,6.947200798429549,1813.049597083591,46900945920,49794777088,nexus_2k_001692;nexus_2k_001211;nexus_2k_001216;nexus_2k_000815;nexus_2k_000074,snapshot/c0/run/updates-from0000000-1790935268142429630.jsonl
C0,207,206,0.9329823970794677,0.0001,6.499147646129131,1819.550009502098,46903301120,49794777088,nexus_2k_001331;nexus_2k_000447;nexus_2k_000167;nexus_2k_000346;nexus_2k_001550,snapshot/c0/run/updates-from0000000-1790935268142429630.jsonl
C0,208,207,1.0885292291641235,0.0001,4.460029097273946,1824.0104377390817,46899569664,49794777088,nexus_2k_000084;nexus_2k_000020;nexus_2k_001825;nexus_2k_000796;nexus_2k_001085,snapshot/c0/run/updates-from0000000-1790935268142429630.jsonl
C0,209,208,1.0867606401443481,0.0001,8.416797515936196,1832.4275462320074,46916191232,49794777088,nexus_2k_000800;nexus_2k_001087;nexus_2k_001792;nexus_2k_000783;nexus_2k_000675,snapshot/c0/run/updates-from0000000-1790935268142429630.jsonl
C0,210,209,0.9703750729560852,0.0001,7.966005703434348,1840.3938897969201,46900950016,49794777088,nexus_2k_000083;nexus_2k_001536;nexus_2k_000869;nexus_2k_001045;nexus_2k_001093,snapshot/c0/run/updates-from0000000-1790935268142429630.jsonl
C0,211,210,1.0976274371147157,0.0001,6.820983310230076,1847.2152950195596,46908580864,49794777088,nexus_2k_001780;nexus_2k_001216;nexus_2k_001792;nexus_2k_000118;nexus_2k_001178,snapshot/c0/run/updates-from0000000-1790935268142429630.jsonl
C0,212,211,1.0328933715820312,0.0001,5.6302059115841985,1852.8458414394408,46899909632,49794777088,nexus_2k_000020;nexus_2k_000675;nexus_2k_001093;nexus_2k_000242;nexus_2k_000519,snapshot/c0/run/updates-from0000000-1790935268142429630.jsonl
C0,213,212,1.0481047868728637,0.0001,6.53091686964035,1859.3770966436714,46914380800,49794777088,nexus_2k_000840;nexus_2k_000872;nexus_2k_000796;nexus_2k_000083;nexus_2k_001087,snapshot/c0/run/updates-from0000000-1790935268142429630.jsonl
C0,214,213,0.9359394788742066,0.0001,7.844712325371802,1867.2221258440986,46903995392,49794777088,nexus_2k_000053;nexus_2k_000142;nexus_2k_000167;nexus_2k_000935;nexus_2k_000952,snapshot/c0/run/updates-from0000000-1790935268142429630.jsonl
C0,215,214,0.9405622601509094,0.0001,7.657873230986297,1874.8803241159767,46916080640,49794777088,nexus_2k_001211;nexus_2k_000800;nexus_2k_001439;nexus_2k_001843;nexus_2k_001331,snapshot/c0/run/updates-from0000000-1790935268142429630.jsonl
C0,216,215,1.0273566603660584,0.0001,9.620409895665944,1884.501092221588,46907290624,49794777088,nexus_2k_001232;nexus_2k_001483;nexus_2k_000898;nexus_2k_000074;nexus_2k_000283,snapshot/c0/run/updates-from0000000-1790935268142429630.jsonl
C0,217,216,0.964636754989624,0.0001,8.304550366476178,1892.8060818668455,46900618240,49794777088,nexus_2k_000447;nexus_2k_000783;nexus_2k_000280;nexus_2k_000815;nexus_2k_001085,snapshot/c0/run/updates-from0000000-1790935268142429630.jsonl
C0,218,217,1.0311277985572815,0.0001,6.460547567345202,1899.2669694712386,46925366272,49794777088,nexus_2k_001577;nexus_2k_001716;nexus_2k_001415;nexus_2k_001536;nexus_2k_001825,snapshot/c0/run/updates-from0000000-1790935268142429630.jsonl
C0,219,218,1.0423096299171448,0.0001,4.517665054649115,1903.7850200934336,46905089024,49794777088,nexus_2k_000823;nexus_2k_001045;nexus_2k_001150;nexus_2k_001692;nexus_2k_001550,snapshot/c0/run/updates-from0000000-1790935268142429630.jsonl
C0,220,219,1.0208786368370055,0.0001,5.99192569963634,1909.7773289578035,46917506048,49794777088,nexus_2k_000869;nexus_2k_001179;nexus_2k_000346;nexus_2k_001317;nexus_2k_000084,snapshot/c0/run/updates-from0000000-1790935268142429630.jsonl
C0,221,220,0.9218015551567078,0.0001,7.886533469893038,1917.6641920395195,46903522304,49794777088,nexus_2k_000872;nexus_2k_001216;nexus_2k_000083;nexus_2k_001536;nexus_2k_001483,snapshot/c0/run/updates-from0000000-1790935268142429630.jsonl
C0,222,221,0.974188482761383,0.0001,4.451125958934426,1922.1156456805766,46901990400,49794777088,nexus_2k_001087;nexus_2k_001550;nexus_2k_000796;nexus_2k_000346;nexus_2k_001150,snapshot/c0/run/updates-from0000000-1790935268142429630.jsonl
C0,223,222,0.9023267745971679,0.0001,9.1333330553025,1931.2493219571188,46902776832,49794777088,nexus_2k_000084;nexus_2k_000280;nexus_2k_000167;nexus_2k_001093;nexus_2k_001178,snapshot/c0/run/updates-from0000000-1790935268142429630.jsonl
C0,224,223,0.9027271628379822,0.0001,7.065187430009246,1938.3148376587778,46899696640,49794777088,nexus_2k_001439;nexus_2k_000783;nexus_2k_001716;nexus_2k_001331;nexus_2k_000020,snapshot/c0/run/updates-from0000000-1790935268142429630.jsonl
C0,225,224,0.9039267063140869,0.0001,9.11751371435821,1947.4326872685924,46903559168,49794777088,nexus_2k_001232;nexus_2k_001211;nexus_2k_000935;nexus_2k_000815;nexus_2k_001085,snapshot/c0/run/updates-from0000000-1790935268142429630.jsonl
C0,226,225,1.0883743286132812,0.0001,6.198146618902683,1953.6311612715945,46900802560,49794777088,nexus_2k_001843;nexus_2k_000675;nexus_2k_001317;nexus_2k_001415;nexus_2k_000242,snapshot/c0/run/updates-from0000000-1790935268142429630.jsonl
C0,227,226,1.1148962378501892,0.0001,5.586947509087622,1959.2184411622584,46901527040,49794777088,nexus_2k_000519;nexus_2k_001577;nexus_2k_000823;nexus_2k_000869;nexus_2k_000447,snapshot/c0/run/updates-from0000000-1790935268142429630.jsonl
C0,228,227,0.9967752814292907,0.0001,7.655047996900976,1966.8738289689645,46904570880,49794777088,nexus_2k_001825;nexus_2k_000840;nexus_2k_001045;nexus_2k_001792;nexus_2k_000800,snapshot/c0/run/updates-from0000000-1790935268142429630.jsonl
C0,229,228,0.9376395225524903,0.0001,7.528001561760902,1974.4021694716066,46899966976,49794777088,nexus_2k_000898;nexus_2k_000142;nexus_2k_001179;nexus_2k_000053;nexus_2k_000283,snapshot/c0/run/updates-from0000000-1790935268142429630.jsonl
C0,230,229,1.0850383758544921,0.0001,4.772738439030945,1979.1761319776997,46900691456,49794777088,nexus_2k_000074;nexus_2k_001692;nexus_2k_000952;nexus_2k_000118;nexus_2k_001780,snapshot/c0/run/updates-from0000000-1790935268142429630.jsonl
C0,231,230,0.9080773711204528,0.0001,8.637618469074368,1987.8140864511952,46901668864,49794777088,nexus_2k_001045;nexus_2k_001792;nexus_2k_000869;nexus_2k_000783;nexus_2k_000952,snapshot/c0/run/updates-from0000000-1790935268142429630.jsonl
C0,232,231,0.93534414768219,0.0001,6.235758171416819,1994.05025257729,46896686080,49794777088,nexus_2k_000167;nexus_2k_001825;nexus_2k_001179;nexus_2k_001780;nexus_2k_000074,snapshot/c0/run/updates-from0000000-1790935268142429630.jsonl
C0,233,232,0.8831653118133544,0.0001,6.4155156053602695,2000.4660882279277,46916125696,49794777088,nexus_2k_001085;nexus_2k_000796;nexus_2k_001232;nexus_2k_000084;nexus_2k_001439,snapshot/c0/run/updates-from0000000-1790935268142429630.jsonl
C0,234,233,1.1175331473350525,0.0001,6.327313647605479,2006.793742264621,46922851328,49794777088,nexus_2k_001577;nexus_2k_000053;nexus_2k_000898;nexus_2k_000447;nexus_2k_000118,snapshot/c0/run/updates-from0000000-1790935268142429630.jsonl
C0,235,234,1.0558923959732056,0.0001,5.732530293054879,2012.5266232620925,46900966400,49794777088,nexus_2k_000675;nexus_2k_000519;nexus_2k_000280;nexus_2k_001692;nexus_2k_000020,snapshot/c0/run/updates-from0000000-1790935268142429630.jsonl
C0,236,235,0.9887518286705017,0.0001,6.2754249824211,2018.8023918708786,46904366080,49794777088,nexus_2k_000823;nexus_2k_000142;nexus_2k_000800;nexus_2k_000346;nexus_2k_001216,snapshot/c0/run/updates-from0000000-1790935268142429630.jsonl
C0,237,236,0.9024556636810303,0.0001,7.305174243636429,2026.107916276902,46905553920,49794777088,nexus_2k_001536;nexus_2k_001211;nexus_2k_000283;nexus_2k_001150;nexus_2k_001317,snapshot/c0/run/updates-from0000000-1790935268142429630.jsonl
C0,238,237,0.9480367422103881,0.0001,6.446259340271354,2032.5546680158004,46915535872,49794777088,nexus_2k_000840;nexus_2k_001716;nexus_2k_001178;nexus_2k_001550;nexus_2k_001331,snapshot/c0/run/updates-from0000000-1790935268142429630.jsonl
C0,239,238,0.8361469149589539,0.0001,7.300082038156688,2039.8550835195929,46904001536,49794777088,nexus_2k_001843;nexus_2k_000083;nexus_2k_001087;nexus_2k_000935;nexus_2k_001483,snapshot/c0/run/updates-from0000000-1790935268142429630.jsonl
C0,240,239,0.8442286372184753,0.0001,8.3524707602337,2048.2080947002396,46907501568,49794777088,nexus_2k_000242;nexus_2k_001415;nexus_2k_000815;nexus_2k_001093;nexus_2k_000872,snapshot/c0/run/updates-from0000000-1790935268142429630.jsonl
C0,241,240,0.9505369782447814,0.0001,5.684530574828386,2053.8930333238095,46901588480,49794777088,nexus_2k_000519;nexus_2k_001483;nexus_2k_000840;nexus_2k_001550;nexus_2k_000118,snapshot/c0/run/updates-from0000000-1790935268142429630.jsonl
C0,242,241,0.9744413256645202,0.0001,7.636143163777888,2061.5295139448717,46918247424,49794777088,nexus_2k_001211;nexus_2k_001179;nexus_2k_001780;nexus_2k_000083;nexus_2k_000869,snapshot/c0/run/updates-from0000000-1790935268142429630.jsonl
C0,243,242,0.8682932615280151,0.0001,6.50167784281075,2068.032482774928,46903403520,49794777088,nexus_2k_001232;nexus_2k_000053;nexus_2k_001331;nexus_2k_001085;nexus_2k_001692,snapshot/c0/run/updates-from0000000-1790935268142429630.jsonl
C0,244,243,0.9156963944435119,0.0001,7.182786451652646,2075.2165403636172,46946835456,49794777088,nexus_2k_000815;nexus_2k_001093;nexus_2k_000872;nexus_2k_001087;nexus_2k_000447,snapshot/c0/run/updates-from0000000-1790935268142429630.jsonl
C0,245,244,0.9647527217864991,0.0001,8.017986494116485,2083.235762907192,46902473728,49794777088,nexus_2k_001825;nexus_2k_000935;nexus_2k_000898;nexus_2k_000242;nexus_2k_001716,snapshot/c0/run/updates-from0000000-1790935268142429630.jsonl
C0,246,245,0.8723635911941529,0.0001,6.643837176263332,2089.8799840230495,46902473728,49794777088,nexus_2k_001843;nexus_2k_000142;nexus_2k_000280;nexus_2k_000346;nexus_2k_000952,snapshot/c0/run/updates-from0000000-1790935268142429630.jsonl
C0,247,246,0.7779691338539123,0.0001,5.845496124587953,2095.72582461033,46902776832,49794777088,nexus_2k_000084;nexus_2k_000675;nexus_2k_000796;nexus_2k_001317;nexus_2k_001439,snapshot/c0/run/updates-from0000000-1790935268142429630.jsonl
C0,248,247,1.0225168108940124,0.0001,7.802294588647783,2103.528445932083,46900089856,49794777088,nexus_2k_000167;nexus_2k_000283;nexus_2k_001045;nexus_2k_000823;nexus_2k_000800,snapshot/c0/run/updates-from0000000-1790935268142429630.jsonl
C0,249,248,0.9220489144325257,0.0001,6.31323738861829,2109.8420981336385,46922900480,49794777088,nexus_2k_001577;nexus_2k_000020;nexus_2k_001415;nexus_2k_001178;nexus_2k_000074,snapshot/c0/run/updates-from0000000-1790935268142429630.jsonl
C0,250,249,0.9613527774810791,0.0001,7.736708430573344,2117.5791563559324,46901072896,49794777088,nexus_2k_001150;nexus_2k_001216;nexus_2k_000783;nexus_2k_001792;nexus_2k_001536,snapshot/c0/run/updates-from0000000-1790935268142429630.jsonl
C0,251,250,0.9624091029167176,0.0001,5.768021745607257,2123.348396011628,46909258752,49794777088,nexus_2k_001780;nexus_2k_001843;nexus_2k_001317;nexus_2k_000823;nexus_2k_001825,snapshot/c0/run/updates-from0000000-1790935268142429630.jsonl
C0,252,251,0.9076661586761474,0.0001,8.284255538135767,2131.6329637942836,46900950016,49794777088,nexus_2k_000083;nexus_2k_001439;nexus_2k_000952;nexus_2k_001087;nexus_2k_000815,snapshot/c0/run/updates-from0000000-1790935268142429630.jsonl
C0,253,252,1.0694015264511108,0.0001,9.621207947842777,2141.254559535533,46903133184,49794777088,nexus_2k_001232;nexus_2k_001550;nexus_2k_000898;nexus_2k_001792;nexus_2k_001150,snapshot/c0/run/updates-from0000000-1790935268142429630.jsonl
C0,254,253,0.9775879502296447,0.0001,6.145741442218423,2147.4006466763094,46900818944,49794777088,nexus_2k_001216;nexus_2k_001536;nexus_2k_000783;nexus_2k_000118;nexus_2k_000084,snapshot/c0/run/updates-from0000000-1790935268142429630.jsonl
C0,255,254,0.9333498239517212,0.0001,8.66789259109646,2156.0688702119514,46918585344,49794777088,nexus_2k_000800;nexus_2k_001483;nexus_2k_001178;nexus_2k_000872;nexus_2k_001415,snapshot/c0/run/updates-from0000000-1790935268142429630.jsonl
C0,256,255,0.8865352034568786,0.0001,5.455192618072033,2161.524529953487,46917909504,49794777088,nexus_2k_000869;nexus_2k_001331;nexus_2k_000675;nexus_2k_000796;nexus_2k_001179,snapshot/c0/run/updates-from0000000-1790935268142429630.jsonl
C0,257,256,0.9140781879425048,0.0001,4.638359794393182,2166.1632244959474,46916443136,49794777088,nexus_2k_001085;nexus_2k_000020;nexus_2k_000840;nexus_2k_000346;nexus_2k_000142,snapshot/c0/run/updates-from0000000-1790935268142429630.jsonl
C0,258,257,0.9438575863838196,0.0001,6.665172220207751,2172.8296393025666,46903774208,49794777088,nexus_2k_001045;nexus_2k_000935;nexus_2k_000053;nexus_2k_001692;nexus_2k_000280,snapshot/c0/run/updates-from0000000-1790935268142429630.jsonl
C0,259,258,0.873669159412384,0.0001,6.159759987145662,2178.989807688631,46907229184,49794777088,nexus_2k_001716;nexus_2k_000447;nexus_2k_000242;nexus_2k_001577;nexus_2k_000167,snapshot/c0/run/updates-from0000000-1790935268142429630.jsonl
C0,260,259,0.9918836712837219,0.0001,7.54136992059648,2186.5316150104627,46940460032,49794777088,nexus_2k_000283;nexus_2k_001211;nexus_2k_000074;nexus_2k_000519;nexus_2k_001093,snapshot/c0/run/updates-from0000000-1790935268142429630.jsonl
C0,261,260,0.8116308808326721,0.0001,7.700716724619269,2194.232684770599,46901351424,49794777088,nexus_2k_001483;nexus_2k_001843;nexus_2k_001211;nexus_2k_001232;nexus_2k_000118,snapshot/c0/run/updates-from0000000-1790935268142429630.jsonl
C0,262,261,0.806465494632721,0.0001,5.498193623498082,2199.7339716078714,46900769792,49794777088,nexus_2k_000675;nexus_2k_001087;nexus_2k_000840;nexus_2k_001439;nexus_2k_000346,snapshot/c0/run/updates-from0000000-1790935268142429630.jsonl
C0,263,262,0.8501069188117981,0.0001,7.664482153952122,2207.398781048134,46919009280,49794777088,nexus_2k_000869;nexus_2k_000796;nexus_2k_000280;nexus_2k_001317;nexus_2k_001536,snapshot/c0/run/updates-from0000000-1790935268142429630.jsonl
C0,264,263,1.0266110301017761,0.0001,6.579777120612562,2213.9788984311745,46903522304,49794777088,nexus_2k_001825;nexus_2k_001780;nexus_2k_001577;nexus_2k_001178;nexus_2k_000872,snapshot/c0/run/updates-from0000000-1790935268142429630.jsonl
C0,265,264,0.8354572176933288,0.0001,7.329781722277403,2221.309009378776,46957784064,49794777088,nexus_2k_000935;nexus_2k_000952;nexus_2k_000142;nexus_2k_000519;nexus_2k_001415,snapshot/c0/run/updates-from0000000-1790935268142429630.jsonl
C0,266,265,0.9683157920837402,0.0001,7.486214129254222,2228.795611110516,46902975488,49794777088,nexus_2k_001692;nexus_2k_001792;nexus_2k_001179;nexus_2k_000167;nexus_2k_001550,snapshot/c0/run/updates-from0000000-1790935268142429630.jsonl
C0,267,266,0.9011792302131653,0.0001,5.849303680472076,2234.645267965272,46895883264,49794777088,nexus_2k_000898;nexus_2k_000020;nexus_2k_001085;nexus_2k_000084;nexus_2k_001045,snapshot/c0/run/updates-from0000000-1790935268142429630.jsonl
C0,268,267,0.9282686829566955,0.0001,6.216703959740698,2240.8623131569475,46900945920,49794777088,nexus_2k_001331;nexus_2k_000783;nexus_2k_000242;nexus_2k_000447;nexus_2k_000074,snapshot/c0/run/updates-from0000000-1790935268142429630.jsonl
C0,269,268,0.835253894329071,0.0001,6.739852108061314,2247.6025010198355,46904751104,49794777088,nexus_2k_001216;nexus_2k_000283;nexus_2k_001150;nexus_2k_000823;nexus_2k_000815,snapshot/c0/run/updates-from0000000-1790935268142429630.jsonl
C0,270,269,0.9501922845840454,0.0001,8.191556166857481,2255.794443966821,46902340608,49794777088,nexus_2k_000053;nexus_2k_000800;nexus_2k_000083;nexus_2k_001093;nexus_2k_001716,snapshot/c0/run/updates-from0000000-1790935268142429630.jsonl
C0,271,270,0.7614178538322449,0.0001,7.754879037849605,2263.5496642487124,46918292480,49794777088,nexus_2k_000869;nexus_2k_000872;nexus_2k_001483;nexus_2k_001211;nexus_2k_001716,snapshot/c0/run/updates-from0000000-1790935268142429630.jsonl
C0,272,271,0.837975287437439,0.0001,5.749208612367511,2269.299196995795,46899979264,49794777088,nexus_2k_001045;nexus_2k_000280;nexus_2k_000519;nexus_2k_001536;nexus_2k_001087,snapshot/c0/run/updates-from0000000-1790935268142429630.jsonl
C0,273,272,0.7714830875396729,0.0001,6.084297396242619,2275.383828544058,46902934528,49794777088,nexus_2k_000823;nexus_2k_001331;nexus_2k_000167;nexus_2k_001780;nexus_2k_001179,snapshot/c0/run/updates-from0000000-1790935268142429630.jsonl
C0,274,273,0.7551606297492981,0.0001,6.746034418232739,2282.130195349455,46950349824,49794777088,nexus_2k_000815;nexus_2k_000118;nexus_2k_001550;nexus_2k_000796;nexus_2k_000800,snapshot/c0/run/updates-from0000000-1790935268142429630.jsonl
C0,275,274,0.9453357458114624,0.0001,7.341585965827107,2289.472116923891,46918075392,49794777088,nexus_2k_001085;nexus_2k_000675;nexus_2k_000142;nexus_2k_000283;nexus_2k_001232,snapshot/c0/run/updates-from0000000-1790935268142429630.jsonl
C0,276,275,0.8928072929382325,0.0001,5.7142517026513815,2295.186992764473,46899696640,49794777088,nexus_2k_001843;nexus_2k_000053;nexus_2k_001150;nexus_2k_001792;nexus_2k_000020,snapshot/c0/run/updates-from0000000-1790935268142429630.jsonl
C0,277,276,0.8149732828140259,0.0001,7.278868401423097,2302.4670856464654,46897804288,49794777088,nexus_2k_000783;nexus_2k_000083;nexus_2k_000074;nexus_2k_000084;nexus_2k_001577,snapshot/c0/run/updates-from0000000-1790935268142429630.jsonl
C0,278,277,0.7928825974464416,0.0001,6.296205350197852,2308.764576114714,46916654080,49794777088,nexus_2k_000840;nexus_2k_000242;nexus_2k_001692;nexus_2k_001439;nexus_2k_001825,snapshot/c0/run/updates-from0000000-1790935268142429630.jsonl
C0,279,278,0.8300065279006958,0.0001,9.707150597125292,2318.4730001892895,46901425152,49794777088,nexus_2k_000952;nexus_2k_001415;nexus_2k_000898;nexus_2k_000935;nexus_2k_001178,snapshot/c0/run/updates-from0000000-1790935268142429630.jsonl
C0,280,279,0.927263367176056,0.0001,6.653053589165211,2325.1274022199214,46903301120,49794777088,nexus_2k_000447;nexus_2k_001216;nexus_2k_001093;nexus_2k_000346;nexus_2k_001317,snapshot/c0/run/updates-from0000000-1790935268142429630.jsonl
C0,281,280,0.7577131986618042,0.0001,5.194125885143876,2330.3229045271873,46902252544,49794777088,nexus_2k_001692;nexus_2k_001577;nexus_2k_000242;nexus_2k_000675;nexus_2k_000142,snapshot/c0/run/updates-from0000000-1790935268142429630.jsonl
C0,282,281,0.7582051753997803,0.0001,7.421201375313103,2337.745404427871,46950738944,49794777088,nexus_2k_000815;nexus_2k_000952;nexus_2k_000053;nexus_2k_000020;nexus_2k_000083,snapshot/c0/run/updates-from0000000-1790935268142429630.jsonl
C0,283,282,0.8188087463378906,0.0001,6.617482387460768,2344.3641858231276,46903301120,49794777088,nexus_2k_001439;nexus_2k_001843;nexus_2k_000872;nexus_2k_001085;nexus_2k_000935,snapshot/c0/run/updates-from0000000-1790935268142429630.jsonl
C0,284,283,0.8132408499717713,0.0001,7.497270539402962,2351.862783775665,46896182272,49794777088,nexus_2k_000898;nexus_2k_001211;nexus_2k_001087;nexus_2k_001216;nexus_2k_000796,snapshot/c0/run/updates-from0000000-1790935268142429630.jsonl
C0,285,284,0.7701321482658386,0.0001,7.702698920853436,2359.566796206869,46917923840,49794777088,nexus_2k_000869;nexus_2k_000800;nexus_2k_001792;nexus_2k_001150;nexus_2k_000447,snapshot/c0/run/updates-from0000000-1790935268142429630.jsonl
C0,286,285,0.7965515375137329,0.0001,9.266694070771337,2368.8347973329946,46906242048,49794777088,nexus_2k_001232;nexus_2k_000084;nexus_2k_000280;nexus_2k_001093;nexus_2k_001550,snapshot/c0/run/updates-from0000000-1790935268142429630.jsonl
C0,287,286,0.9513357996940612,0.0001,6.872315527871251,2375.708387755789,46901134336,49794777088,nexus_2k_001178;nexus_2k_001780;nexus_2k_001045;nexus_2k_000167;nexus_2k_001331,snapshot/c0/run/updates-from0000000-1790935268142429630.jsonl
C0,288,287,0.7933905243873596,0.0001,6.090870302170515,2381.800574960187,46900896768,49794777088,nexus_2k_000346;nexus_2k_000823;nexus_2k_001825;nexus_2k_000283;nexus_2k_000118,snapshot/c0/run/updates-from0000000-1790935268142429630.jsonl
C0,289,288,0.7355583667755127,0.0001,5.6251004338264465,2387.426029033959,46903435776,49794777088,nexus_2k_000074;nexus_2k_000840;nexus_2k_001536;nexus_2k_001716;nexus_2k_001317,snapshot/c0/run/updates-from0000000-1790935268142429630.jsonl
C0,290,289,0.8059553146362305,0.0001,7.417274291627109,2394.8437049333006,46924880896,49794777088,nexus_2k_001415;nexus_2k_001483;nexus_2k_000783;nexus_2k_001179;nexus_2k_000519,snapshot/c0/run/updates-from0000000-1790935268142429630.jsonl
C0,291,290,0.9418460845947265,0.0001,8.17354478314519,2403.017607905902,46917956608,49794777088,nexus_2k_000840;nexus_2k_001178;nexus_2k_000447;nexus_2k_000167;nexus_2k_000783,snapshot/c0/run/updates-from0000000-1790935268142429630.jsonl
C0,292,291,0.8007774472236633,0.0001,7.060330333188176,2410.0783598171547,46901376000,49794777088,nexus_2k_001825;nexus_2k_000083;nexus_2k_000796;nexus_2k_000952;nexus_2k_000053,snapshot/c0/run/updates-from0000000-1790935268142429630.jsonl
C0,293,292,0.6496423244476318,0.0001,5.620381286367774,2415.699077961035,46909463552,49794777088,nexus_2k_001780;nexus_2k_000800;nexus_2k_001843;nexus_2k_000020;nexus_2k_001550,snapshot/c0/run/updates-from0000000-1790935268142429630.jsonl
C0,294,293,0.8369232892990113,0.0001,7.627138308249414,2423.32663718611,46905193472,49794777088,nexus_2k_001232;nexus_2k_001331;nexus_2k_001045;nexus_2k_001211;nexus_2k_000823,snapshot/c0/run/updates-from0000000-1790935268142429630.jsonl
C0,295,294,0.864756977558136,0.0001,5.44768822658807,2428.7746371887624,46904484352,49794777088,nexus_2k_000074;nexus_2k_001536;nexus_2k_000675;nexus_2k_000084;nexus_2k_000283,snapshot/c0/run/updates-from0000000-1790935268142429630.jsonl
C0,296,295,1.0226969838142395,0.0001,7.1976455030962825,2435.9726222958416,46903849984,49794777088,nexus_2k_000118;nexus_2k_001792;nexus_2k_001093;nexus_2k_000242;nexus_2k_000519,snapshot/c0/run/updates-from0000000-1790935268142429630.jsonl
C0,297,296,0.9000814199447632,0.0001,6.6149299861863256,2442.587993944995,46901203968,49794777088,nexus_2k_001439;nexus_2k_001317;nexus_2k_000142;nexus_2k_001085;nexus_2k_001577,snapshot/c0/run/updates-from0000000-1790935268142429630.jsonl
C0,298,297,0.7327400803565979,0.0001,7.91372568719089,2450.502141043544,46904804352,49794777088,nexus_2k_001483;nexus_2k_001415;nexus_2k_000869;nexus_2k_001179;nexus_2k_000935,snapshot/c0/run/updates-from0000000-1790935268142429630.jsonl
C0,299,298,0.9105064034461975,0.0001,6.336607288569212,2456.8391614360735,46902473728,49794777088,nexus_2k_000872;nexus_2k_000346;nexus_2k_000815;nexus_2k_001716;nexus_2k_001216,snapshot/c0/run/updates-from0000000-1790935268142429630.jsonl
C0,300,299,0.8551871061325074,0.0001,7.29274258762598,2464.1322191515937,46903774208,49794777088,nexus_2k_001150;nexus_2k_001692;nexus_2k_000898;nexus_2k_001087;nexus_2k_000280,snapshot/c0/run/updates-from0000000-1790935268142429630.jsonl
C0,301,300,0.8729360461235046,0.0001,7.814758527092636,2551.237991530448,46903141376,49794777088,nexus_2k_000823;nexus_2k_000142;nexus_2k_001178;nexus_2k_000898;nexus_2k_001087,snapshot/c0/run/updates-from0000000-1790935268142429630.jsonl
C0,302,301,0.802123761177063,0.0001,7.055076983757317,2558.2934092264622,46904017920,49794777088,nexus_2k_001045;nexus_2k_000084;nexus_2k_000783;nexus_2k_001179;nexus_2k_001232,snapshot/c0/run/updates-from0000000-1790935268142429630.jsonl
C0,303,302,0.8154502391815186,0.0001,6.161851925775409,2564.4555981988087,46905854976,49794777088,nexus_2k_001716;nexus_2k_000074;nexus_2k_000675;nexus_2k_001211;nexus_2k_000952,snapshot/c0/run/updates-from0000000-1790935268142429630.jsonl
C0,304,303,0.8542968273162842,0.0001,8.219770630821586,2572.675727615133,46898549760,49794777088,nexus_2k_001792;nexus_2k_001331;nexus_2k_000869;nexus_2k_000935;nexus_2k_001536,snapshot/c0/run/updates-from0000000-1790935268142429630.jsonl
C0,305,304,0.7807783603668212,0.0001,5.305121277458966,2577.9812022102997,46900192256,49794777088,nexus_2k_001692;nexus_2k_001780;nexus_2k_000083;nexus_2k_000796;nexus_2k_001150,snapshot/c0/run/updates-from0000000-1790935268142429630.jsonl
C0,306,305,0.9010403633117676,0.0001,5.6966714123263955,2583.678213512525,46904390656,49794777088,nexus_2k_000242;nexus_2k_001550;nexus_2k_000053;nexus_2k_000872;nexus_2k_001843,snapshot/c0/run/updates-from0000000-1790935268142429630.jsonl
C0,307,306,0.6983547687530518,0.0001,7.177486604079604,2590.856020161882,46917923840,49794777088,nexus_2k_000840;nexus_2k_000519;nexus_2k_001317;nexus_2k_001415;nexus_2k_001439,snapshot/c0/run/updates-from0000000-1790935268142429630.jsonl
C0,308,307,0.9493273138999939,0.0001,5.853174092248082,2596.7098141815513,46896485376,49794777088,nexus_2k_000167;nexus_2k_001577;nexus_2k_000118;nexus_2k_000346;nexus_2k_000020,snapshot/c0/run/updates-from0000000-1790935268142429630.jsonl
C0,309,308,0.7257541179656982,0.0001,8.934824854135513,2605.64584675245,46904349696,49794777088,nexus_2k_000447;nexus_2k_000815;nexus_2k_000283;nexus_2k_000280;nexus_2k_000800,snapshot/c0/run/updates-from0000000-1790935268142429630.jsonl
C0,310,309,0.8684482216835022,0.0001,7.227715778164566,2612.87400808651,46902459392,49794777088,nexus_2k_001825;nexus_2k_001093;nexus_2k_001085;nexus_2k_001483;nexus_2k_001216,snapshot/c0/run/updates-from0000000-1790935268142429630.jsonl
C0,311,310,0.8745987176895141,0.0001,8.154065612703562,2621.029517595656,46900089856,49794777088,nexus_2k_000167;nexus_2k_001536;nexus_2k_000840;nexus_2k_001415;nexus_2k_000935,snapshot/c0/run/updates-from0000000-1790935268142429630.jsonl
C0,312,311,0.8794787645339965,0.0001,6.4279137421399355,2627.457850347273,46896645120,49794777088,nexus_2k_001792;nexus_2k_001780;nexus_2k_000283;nexus_2k_000447;nexus_2k_001150,snapshot/c0/run/updates-from0000000-1790935268142429630.jsonl
C0,313,312,0.9667492985725403,0.0001,8.087131856009364,2635.545362270437,46898918400,49794777088,nexus_2k_000898;nexus_2k_000053;nexus_2k_000142;nexus_2k_001439;nexus_2k_000872,snapshot/c0/run/updates-from0000000-1790935268142429630.jsonl
C0,314,313,0.7346659779548645,0.0001,6.148715598508716,2641.694422229193,46906768384,49794777088,nexus_2k_001716;nexus_2k_000346;nexus_2k_000118;nexus_2k_001317;nexus_2k_000815,snapshot/c0/run/updates-from0000000-1790935268142429630.jsonl
C0,315,314,0.7568459153175354,0.0001,6.2388127306476235,2647.9336925176904,46903690240,49794777088,nexus_2k_001843;nexus_2k_001483;nexus_2k_001085;nexus_2k_000020;nexus_2k_000083,snapshot/c0/run/updates-from0000000-1790935268142429630.jsonl
C0,316,315,0.9239400029182434,0.0001,5.897076692432165,2653.831994690001,46897804288,49794777088,nexus_2k_000783;nexus_2k_001087;nexus_2k_000675;nexus_2k_001045;nexus_2k_000242,snapshot/c0/run/updates-from0000000-1790935268142429630.jsonl
C0,317,316,0.7427961826324463,0.0001,5.274822707287967,2659.1071486268193,46902317568,49794777088,nexus_2k_000074;nexus_2k_001216;nexus_2k_001577;nexus_2k_000796;nexus_2k_001331,snapshot/c0/run/updates-from0000000-1790935268142429630.jsonl
C0,318,317,0.7782637596130371,0.0001,6.632749691605568,2665.740223917179,46903190528,49794777088,nexus_2k_000952;nexus_2k_000084;nexus_2k_000519;nexus_2k_000823;nexus_2k_001232,snapshot/c0/run/updates-from0000000-1790935268142429630.jsonl
C0,319,318,0.6866966366767884,0.0001,7.987358474172652,2673.7279928084463,46904349696,49794777088,nexus_2k_001179;nexus_2k_001093;nexus_2k_001692;nexus_2k_000280;nexus_2k_001211,snapshot/c0/run/updates-from0000000-1790935268142429630.jsonl
C0,320,319,0.8012554407119751,0.0001,8.379131689667702,2682.1075255721807,46920389632,49794777088,nexus_2k_000869;nexus_2k_001178;nexus_2k_000800;nexus_2k_001550;nexus_2k_001825,snapshot/c0/run/updates-from0000000-1790935268142429630.jsonl
C0,321,320,0.7429851770401001,0.0001,7.672820320352912,2689.7807608367875,46920500224,49794777088,nexus_2k_000869;nexus_2k_000935;nexus_2k_000242;nexus_2k_000952;nexus_2k_001825,snapshot/c0/run/updates-from0000000-1790935268142429630.jsonl
C0,322,321,0.8170931816101075,0.0001,6.983295075595379,2696.7643910171464,46904239104,49794777088,nexus_2k_000675;nexus_2k_001439;nexus_2k_001716;nexus_2k_000053;nexus_2k_001232,snapshot/c0/run/updates-from0000000-1790935268142429630.jsonl
C0,323,322,0.7976344108581543,0.0001,8.126837939023972,2704.8916366975754,46914315264,49794777088,nexus_2k_001211;nexus_2k_000167;nexus_2k_000840;nexus_2k_000815;nexus_2k_000084,snapshot/c0/run/updates-from0000000-1790935268142429630.jsonl
C0,324,323,0.6407222270965576,0.0001,5.559616022743285,2710.4515941254795,46902707200,49794777088,nexus_2k_001483;nexus_2k_001331;nexus_2k_001179;nexus_2k_000519;nexus_2k_000823,snapshot/c0/run/updates-from0000000-1790935268142429630.jsonl
C0,325,324,0.845515775680542,0.0001,5.402157427743077,2715.854099376127,46898832384,49794777088,nexus_2k_001093;nexus_2k_000074;nexus_2k_000346;nexus_2k_001536;nexus_2k_001150,snapshot/c0/run/updates-from0000000-1790935268142429630.jsonl
C0,326,325,0.6588824391365051,0.0001,4.785644490271807,2720.640076666139,46899217408,49794777088,nexus_2k_000020;nexus_2k_000118;nexus_2k_001415;nexus_2k_001843;nexus_2k_001045,snapshot/c0/run/updates-from0000000-1790935268142429630.jsonl
C0,327,326,0.7290469646453858,0.0001,4.465531733818352,2725.1059166090563,46915085312,49794777088,nexus_2k_001085;nexus_2k_000447;nexus_2k_001550;nexus_2k_001780;nexus_2k_001087,snapshot/c0/run/updates-from0000000-1790935268142429630.jsonl
C0,328,327,0.749704372882843,0.0001,9.69620862789452,2734.8025303361937,46903522304,49794777088,nexus_2k_000872;nexus_2k_000898;nexus_2k_000083;nexus_2k_000283;nexus_2k_000142,snapshot/c0/run/updates-from0000000-1790935268142429630.jsonl
C0,329,328,0.7175881028175354,0.0001,5.684384962543845,2740.487267301418,46903301120,49794777088,nexus_2k_001692;nexus_2k_001577;nexus_2k_001216;nexus_2k_000796;nexus_2k_001317,snapshot/c0/run/updates-from0000000-1790935268142429630.jsonl
C0,330,329,0.8487346053123475,0.0001,10.621450380422175,2751.109148644842,46903055360,49794777088,nexus_2k_001792;nexus_2k_000800;nexus_2k_000280;nexus_2k_001178;nexus_2k_000783,snapshot/c0/run/updates-from0000000-1790935268142429630.jsonl
C0,331,330,0.6485325336456299,0.0001,6.820667923428118,2757.9301552725956,46899897344,49794777088,nexus_2k_000084;nexus_2k_000280;nexus_2k_001093;nexus_2k_001085;nexus_2k_000074,snapshot/c0/run/updates-from0000000-1790935268142429630.jsonl
C0,332,331,0.9082135200500489,0.0001,5.089395300485194,2763.0198891311884,46905854976,49794777088,nexus_2k_001716;nexus_2k_001536;nexus_2k_001692;nexus_2k_001087;nexus_2k_000952,snapshot/c0/run/updates-from0000000-1790935268142429630.jsonl
C0,333,332,0.8054655313491821,0.0001,7.020883956924081,2770.041181059554,46918061056,49794777088,nexus_2k_000800;nexus_2k_000840;nexus_2k_000675;nexus_2k_001331;nexus_2k_001317,snapshot/c0/run/updates-from0000000-1790935268142429630.jsonl
C0,334,333,0.6793351173400879,0.0001,7.292729272507131,2777.3342499248683,46900745216,49794777088,nexus_2k_001179;nexus_2k_001439;nexus_2k_001415;nexus_2k_000083;nexus_2k_000020,snapshot/c0/run/updates-from0000000-1790935268142429630.jsonl
C0,335,334,0.834649121761322,0.0001,4.412687734700739,2781.748097157106,46899909632,49794777088,nexus_2k_001843;nexus_2k_001150;nexus_2k_001216;nexus_2k_001045;nexus_2k_000519,snapshot/c0/run/updates-from0000000-1790935268142429630.jsonl
C0,336,335,0.7477582097053528,0.0001,7.364190859720111,2789.1126997210085,46902975488,49794777088,nexus_2k_000346;nexus_2k_001232;nexus_2k_001577;nexus_2k_000872;nexus_2k_001550,snapshot/c0/run/updates-from0000000-1790935268142429630.jsonl
C0,337,336,0.7362887024879455,0.0001,6.317442083731294,2795.4314025342464,46897288192,49794777088,nexus_2k_001792;nexus_2k_000053;nexus_2k_001825;nexus_2k_000796;nexus_2k_000447,snapshot/c0/run/updates-from0000000-1790935268142429630.jsonl
C0,338,337,0.694645619392395,0.0001,10.331439670175314,2805.7631831048056,46898918400,49794777088,nexus_2k_000898;nexus_2k_000283;nexus_2k_000783;nexus_2k_000815;nexus_2k_001483,snapshot/c0/run/updates-from0000000-1790935268142429630.jsonl
C0,339,338,0.8616543054580689,0.0001,6.389549289830029,2812.153208155185,46953991168,49794777088,nexus_2k_000935;nexus_2k_000118;nexus_2k_001211;nexus_2k_000823;nexus_2k_001780,snapshot/c0/run/updates-from0000000-1790935268142429630.jsonl
C0,340,339,0.8654341220855712,0.0001,8.079518756829202,2820.2330632526428,46907675648,49794777088,nexus_2k_000242;nexus_2k_000869;nexus_2k_000142;nexus_2k_000167;nexus_2k_001178,snapshot/c0/run/updates-from0000000-1790935268142429630.jsonl
C0,341,340,0.6640714764595032,0.0001,8.127073467709124,2828.360500660725,46904349696,49794777088,nexus_2k_001179;nexus_2k_001093;nexus_2k_000283;nexus_2k_001178;nexus_2k_000869,snapshot/c0/run/updates-from0000000-1790935268142429630.jsonl
C0,342,341,0.6601963877677918,0.0001,7.5386221669614315,2835.8995448350906,46906788864,49794777088,nexus_2k_001550;nexus_2k_000020;nexus_2k_000935;nexus_2k_000346;nexus_2k_000898,snapshot/c0/run/updates-from0000000-1790935268142429630.jsonl
C0,343,342,0.6455521702766418,0.0001,4.7164354752749205,2840.6163328988478,46914520064,49794777088,nexus_2k_001085;nexus_2k_001415;nexus_2k_000084;nexus_2k_001843;nexus_2k_001692,snapshot/c0/run/updates-from0000000-1790935268142429630.jsonl
C0,344,343,0.5752191424369812,0.0001,5.59889976028353,2846.215589554049,46914800640,49794777088,nexus_2k_000800;nexus_2k_001716;nexus_2k_001780;nexus_2k_001216;nexus_2k_000796,snapshot/c0/run/updates-from0000000-1790935268142429630.jsonl
C0,345,344,0.7570031762123108,0.0001,7.1809834856539965,2853.396926008165,46901179392,49794777088,nexus_2k_000675;nexus_2k_001577;nexus_2k_001211;nexus_2k_000167;nexus_2k_000519,snapshot/c0/run/updates-from0000000-1790935268142429630.jsonl
C0,346,345,0.6795675754547119,0.0001,8.489544911310077,2861.886820761487,46905043968,49794777088,nexus_2k_000872;nexus_2k_001536;nexus_2k_001792;nexus_2k_000142;nexus_2k_000280,snapshot/c0/run/updates-from0000000-1790935268142429630.jsonl
C0,347,346,0.649446439743042,0.0001,6.952135649509728,2868.839279427193,46903522304,49794777088,nexus_2k_001825;nexus_2k_000242;nexus_2k_001439;nexus_2k_000840;nexus_2k_001483,snapshot/c0/run/updates-from0000000-1790935268142429630.jsonl
C0,348,347,0.7489848971366883,0.0001,4.525418815203011,2873.365030623041,46902948864,49794777088,nexus_2k_000823;nexus_2k_001045;nexus_2k_001150;nexus_2k_001331;nexus_2k_000447,snapshot/c0/run/updates-from0000000-1790935268142429630.jsonl
C0,349,348,0.6408512592315674,0.0001,8.439557384699583,2881.804928016849,46905099264,49794777088,nexus_2k_001087;nexus_2k_001232;nexus_2k_000053;nexus_2k_000083;nexus_2k_001317,snapshot/c0/run/updates-from0000000-1790935268142429630.jsonl
C0,350,349,0.6279888868331909,0.0001,7.346286415122449,2889.152325639501,46897804288,49794777088,nexus_2k_000783;nexus_2k_000118;nexus_2k_000074;nexus_2k_000815;nexus_2k_000952,snapshot/c0/run/updates-from0000000-1790935268142429630.jsonl
C0,351,350,0.6615169882774353,0.0001,9.06392540037632,2898.2165833311155,46898918400,49794777088,nexus_2k_000898;nexus_2k_000242;nexus_2k_001415;nexus_2k_001093;nexus_2k_000872,snapshot/c0/run/updates-from0000000-1790935268142429630.jsonl
C0,352,351,0.6617468953132629,0.0001,7.769395229406655,2905.9863313017413,46905854976,49794777088,nexus_2k_001716;nexus_2k_001216;nexus_2k_000167;nexus_2k_000283;nexus_2k_000952,snapshot/c0/run/updates-from0000000-1790935268142429630.jsonl
C0,353,352,0.7454672276973724,0.0001,6.722753867506981,2912.7094333861023,46909629440,49794777088,nexus_2k_001780;nexus_2k_001843;nexus_2k_000800;nexus_2k_001483;nexus_2k_001178,snapshot/c0/run/updates-from0000000-1790935268142429630.jsonl
C0,354,353,0.6402833580970764,0.0001,6.66542918048799,2919.3751758402213,46903817216,49794777088,nexus_2k_000053;nexus_2k_001825;nexus_2k_001087;nexus_2k_000815;nexus_2k_001550,snapshot/c0/run/updates-from0000000-1790935268142429630.jsonl
C0,355,354,0.8353671431541443,0.0001,6.130057565867901,2925.5055809970945,46903917056,49794777088,nexus_2k_000142;nexus_2k_000869;nexus_2k_000519;nexus_2k_000840;nexus_2k_001577,snapshot/c0/run/updates-from0000000-1790935268142429630.jsonl
C0,356,355,0.7189622163772583,0.0001,7.967211117967963,2933.473136267625,46958185472,49794777088,nexus_2k_000935;nexus_2k_001179;nexus_2k_000020;nexus_2k_000280;nexus_2k_001792,snapshot/c0/run/updates-from0000000-1790935268142429630.jsonl
C0,357,356,0.7348168134689331,0.0001,8.98195993155241,2942.455442227423,46917579776,49794777088,nexus_2k_000796;nexus_2k_001317;nexus_2k_001439;nexus_2k_001232;nexus_2k_000783,snapshot/c0/run/updates-from0000000-1790935268142429630.jsonl
C0,358,357,0.7054750680923462,0.0001,5.245738419704139,2947.7015210054815,46914892800,49794777088,nexus_2k_001085;nexus_2k_001211;nexus_2k_001692;nexus_2k_000675;nexus_2k_000447,snapshot/c0/run/updates-from0000000-1790935268142429630.jsonl
C0,359,358,0.6357631087303162,0.0001,4.424890196882188,2952.1267347829416,46899897344,49794777088,nexus_2k_001150;nexus_2k_001536;nexus_2k_000823;nexus_2k_000084;nexus_2k_000074,snapshot/c0/run/updates-from0000000-1790935268142429630.jsonl
C0,360,359,0.5411385893821716,0.0001,5.941888617351651,2958.0690331971273,46905074688,49794777088,nexus_2k_000118;nexus_2k_000083;nexus_2k_000346;nexus_2k_001045;nexus_2k_001331,snapshot/c0/run/updates-from0000000-1790935268142429630.jsonl
C0,361,360,0.605165445804596,0.0001,6.857322113588452,2964.92667903658,46946896896,49794777088,nexus_2k_000815;nexus_2k_000519;nexus_2k_000074;nexus_2k_001792;nexus_2k_000118,snapshot/c0/run/updates-from0000000-1790935268142429630.jsonl
C0,362,361,0.6987856030464172,0.0001,7.920931917615235,2972.848103241995,46897253376,49794777088,nexus_2k_000167;nexus_2k_000142;nexus_2k_000283;nexus_2k_001825;nexus_2k_000675,snapshot/c0/run/updates-from0000000-1790935268142429630.jsonl
C0,363,362,0.65700603723526,0.0001,6.213846159167588,2979.062276357785,46905191424,49794777088,nexus_2k_000053;nexus_2k_000800;nexus_2k_000084;nexus_2k_001692;nexus_2k_001415,snapshot/c0/run/updates-from0000000-1790935268142429630.jsonl
C0,364,363,0.5900842130184174,0.0001,8.185930473729968,2987.2486041402444,46907290624,49794777088,nexus_2k_001232;nexus_2k_001045;nexus_2k_001780;nexus_2k_001211;nexus_2k_001093,snapshot/c0/run/updates-from0000000-1790935268142429630.jsonl
C0,365,364,0.6900189280509949,0.0001,6.199659291654825,2993.448631878011,46897032192,49794777088,nexus_2k_000280;nexus_2k_001577;nexus_2k_001536;nexus_2k_000346;nexus_2k_001716,snapshot/c0/run/updates-from0000000-1790935268142429630.jsonl
C0,366,365,0.6362692177295685,0.0001,7.893251310102642,3001.343111312017,46901425152,49794777088,nexus_2k_000952;nexus_2k_001331;nexus_2k_001317;nexus_2k_001439;nexus_2k_001178,snapshot/c0/run/updates-from0000000-1790935268142429630.jsonl
C0,367,366,0.7181041240692139,0.0001,6.646979317069054,3007.990415884182,46904751104,49794777088,nexus_2k_001216;nexus_2k_000823;nexus_2k_000869;nexus_2k_001179;nexus_2k_000935,snapshot/c0/run/updates-from0000000-1790935268142429630.jsonl
C0,368,367,0.7041771292686463,0.0001,7.233219453133643,3015.223995672539,46900950016,49794777088,nexus_2k_000083;nexus_2k_000242;nexus_2k_000840;nexus_2k_000872;nexus_2k_001550,snapshot/c0/run/updates-from0000000-1790935268142429630.jsonl
C0,369,368,0.8363642454147339,0.0001,5.594027746468782,3020.8191652335227,46913516544,49794777088,nexus_2k_000796;nexus_2k_000783;nexus_2k_001085;nexus_2k_000020;nexus_2k_001843,snapshot/c0/run/updates-from0000000-1790935268142429630.jsonl
C0,370,369,0.6408260107040405,0.0001,7.291927471756935,3028.1123030986637,46904050688,49794777088,nexus_2k_001087;nexus_2k_000898;nexus_2k_000447;nexus_2k_001150;nexus_2k_001483,snapshot/c0/run/updates-from0000000-1790935268142429630.jsonl
C0,371,370,0.6927941679954529,0.0001,8.866966937668622,3036.980204662308,46904349696,49794777088,nexus_2k_001317;nexus_2k_001179;nexus_2k_001211;nexus_2k_000167;nexus_2k_000815,snapshot/c0/run/updates-from0000000-1790935268142429630.jsonl
C0,372,371,0.6553361654281616,0.0001,10.489966969937086,3047.47150638327,46899901440,49794777088,nexus_2k_000783;nexus_2k_000869;nexus_2k_001178;nexus_2k_000898;nexus_2k_001093,snapshot/c0/run/updates-from0000000-1790935268142429630.jsonl
C0,373,372,0.6741267085075379,0.0001,5.899953750893474,3053.372350852005,46908937216,49794777088,nexus_2k_001780;nexus_2k_001216;nexus_2k_000796;nexus_2k_001825;nexus_2k_000952,snapshot/c0/run/updates-from0000000-1790935268142429630.jsonl
C0,374,373,0.5412509977817536,0.0001,5.120315512642264,3058.4933855859563,46904484352,49794777088,nexus_2k_000074;nexus_2k_001045;nexus_2k_000519;nexus_2k_001843;nexus_2k_000283,snapshot/c0/run/updates-from0000000-1790935268142429630.jsonl
C0,375,374,0.6387393534183502,0.0001,8.061654511839151,3066.5555514153093,46901541888,49794777088,nexus_2k_001331;nexus_2k_000280;nexus_2k_000800;nexus_2k_000872;nexus_2k_001716,snapshot/c0/run/updates-from0000000-1790935268142429630.jsonl
C0,376,375,0.6907672643661499,0.0001,4.8030515955761075,3071.3592395968735,46900786176,49794777088,nexus_2k_001550;nexus_2k_001536;nexus_2k_000118;nexus_2k_001150;nexus_2k_000084,snapshot/c0/run/updates-from0000000-1790935268142429630.jsonl
C0,377,376,0.7089626550674438,0.0001,7.441255101934075,3078.8011189466342,46918104064,49794777088,nexus_2k_000840;nexus_2k_000823;nexus_2k_000142;nexus_2k_001439;nexus_2k_001792,snapshot/c0/run/updates-from0000000-1790935268142429630.jsonl
C0,378,377,0.7972078442573547,0.0001,7.721122884191573,3086.522565735504,46903489536,49794777088,nexus_2k_001232;nexus_2k_001483;nexus_2k_001415;nexus_2k_000675;nexus_2k_000346,snapshot/c0/run/updates-from0000000-1790935268142429630.jsonl
C0,379,378,0.5704402089118957,0.0001,5.684716235846281,3092.2076974734664,46897345536,49794777088,nexus_2k_000083;nexus_2k_000242;nexus_2k_000447;nexus_2k_001085;nexus_2k_000020,snapshot/c0/run/updates-from0000000-1790935268142429630.jsonl
C0,380,379,0.7271933853626251,0.0001,5.4816329050809145,3097.6896718218923,46903747584,49794777088,nexus_2k_001087;nexus_2k_000935;nexus_2k_000053;nexus_2k_001692;nexus_2k_001577,snapshot/c0/run/updates-from0000000-1790935268142429630.jsonl
C0,381,380,0.6469538986682892,0.0001,5.249598225578666,3102.939618804492,46901056512,49794777088,nexus_2k_001825;nexus_2k_000053;nexus_2k_000242;nexus_2k_000118;nexus_2k_000447,snapshot/c0/run/updates-from0000000-1790935268142429630.jsonl
C0,382,381,0.6634504973888398,0.0001,6.856426020152867,3109.796374194324,46917923840,49794777088,nexus_2k_000840;nexus_2k_000796;nexus_2k_001439;nexus_2k_001317;nexus_2k_001483,snapshot/c0/run/updates-from0000000-1790935268142429630.jsonl
C0,383,382,0.6896434724330902,0.0001,6.741099449805915,3116.537809695117,46916150272,49794777088,nexus_2k_001085;nexus_2k_000142;nexus_2k_000083;nexus_2k_000346;nexus_2k_001178,snapshot/c0/run/updates-from0000000-1790935268142429630.jsonl
C0,384,383,0.6526033818721771,0.0001,6.9691958064213395,3123.507409181446,46902127616,49794777088,nexus_2k_000952;nexus_2k_000074;nexus_2k_001331;nexus_2k_000872;nexus_2k_000283,snapshot/c0/run/updates-from0000000-1790935268142429630.jsonl
C0,385,384,0.7409465968608856,0.0001,7.423356371931732,3130.9310804950073,46903055360,49794777088,nexus_2k_001792;nexus_2k_001150;nexus_2k_001780;nexus_2k_001577;nexus_2k_001232,snapshot/c0/run/updates-from0000000-1790935268142429630.jsonl
C0,386,385,0.5831820845603943,0.0001,6.028443451039493,3136.9599164472893,46902133760,49794777088,nexus_2k_001216;nexus_2k_000084;nexus_2k_001087;nexus_2k_000783;nexus_2k_000675,snapshot/c0/run/updates-from0000000-1790935268142429630.jsonl
C0,387,386,0.5481726408004761,0.0001,7.948343517258763,3144.9085997231305,46896438272,49794777088,nexus_2k_000898;nexus_2k_001093;nexus_2k_000823;nexus_2k_001550;nexus_2k_001179,snapshot/c0/run/updates-from0000000-1790935268142429630.jsonl
C0,388,387,0.6215291559696198,0.0001,10.020155606791377,3154.929127010517,46919760896,49794777088,nexus_2k_001211;nexus_2k_000935;nexus_2k_000815;nexus_2k_000800;nexus_2k_000280,snapshot/c0/run/updates-from0000000-1790935268142429630.jsonl
C0,389,388,0.4937248766422272,0.0001,6.604626432992518,3161.5341829629615,46901203968,49794777088,nexus_2k_000020;nexus_2k_000519;nexus_2k_000167;nexus_2k_000869;nexus_2k_001716,snapshot/c0/run/updates-from0000000-1790935268142429630.jsonl
C0,390,389,0.735670393705368,0.0001,5.019697609357536,3166.554201602936,46903567360,49794777088,nexus_2k_001536;nexus_2k_001843;nexus_2k_001692;nexus_2k_001415;nexus_2k_001045,snapshot/c0/run/updates-from0000000-1790935268142429630.jsonl
C0,391,390,0.5716126084327697,0.0001,6.675550690852106,3173.230075839907,46900966400,49794777088,nexus_2k_001825;nexus_2k_001550;nexus_2k_000783;nexus_2k_000074;nexus_2k_000020,snapshot/c0/run/updates-from0000000-1790935268142429630.jsonl
C0,392,391,0.946459424495697,0.0001,5.30595563352108,3178.5363523410633,46926304256,49794777088,nexus_2k_001577;nexus_2k_000796;nexus_2k_001179;nexus_2k_001087;nexus_2k_000283,snapshot/c0/run/updates-from0000000-1790935268142429630.jsonl
C0,393,392,0.5922709286212922,0.0001,6.769719618372619,3185.3063897844404,46905414656,49794777088,nexus_2k_000823;nexus_2k_001536;nexus_2k_001150;nexus_2k_000167;nexus_2k_001439,snapshot/c0/run/updates-from0000000-1790935268142429630.jsonl
C0,394,393,0.6434033036231994,0.0001,9.721521978266537,3195.0282843718305,46922460160,49794777088,nexus_2k_000869;nexus_2k_000280;nexus_2k_001792;nexus_2k_000084;nexus_2k_000898,snapshot/c0/run/updates-from0000000-1790935268142429630.jsonl
C0,395,394,0.5758602142333984,0.0001,8.521027253009379,3203.549650724046,46918407168,49794777088,nexus_2k_001085;nexus_2k_000083;nexus_2k_000815;nexus_2k_001317;nexus_2k_000935,snapshot/c0/run/updates-from0000000-1790935268142429630.jsonl
C0,396,395,0.5478632628917695,0.0001,5.0791562255471945,3208.629142702557,46914698240,49794777088,nexus_2k_000800;nexus_2k_000519;nexus_2k_001045;nexus_2k_000118;nexus_2k_001692,snapshot/c0/run/updates-from0000000-1790935268142429630.jsonl
C0,397,396,0.5046844780445099,0.0001,6.7968811094760895,3215.4263568138704,46905854976,49794777088,nexus_2k_001716;nexus_2k_000675;nexus_2k_001093;nexus_2k_001331;nexus_2k_001483,snapshot/c0/run/updates-from0000000-1790935268142429630.jsonl
C0,398,397,0.7066011786460876,0.0001,6.221622578799725,3221.6483349790797,46907323392,49794777088,nexus_2k_001780;nexus_2k_000872;nexus_2k_001216;nexus_2k_001211;nexus_2k_000447,snapshot/c0/run/updates-from0000000-1790935268142429630.jsonl
C0,399,398,0.5208511114120483,0.0001,7.662660660222173,3229.3113107187673,46903995392,49794777088,nexus_2k_000053;nexus_2k_001232;nexus_2k_001415;nexus_2k_000346;nexus_2k_001178,snapshot/c0/run/updates-from0000000-1790935268142429630.jsonl
C0,400,399,0.8457056999206543,0.0001,5.660296265035868,3234.971924255602,46901425152,49794777088,nexus_2k_000952;nexus_2k_000840;nexus_2k_000242;nexus_2k_001843;nexus_2k_000142,snapshot/c0/run/updates-from0000000-1790935268142429630.jsonl
C0,401,400,0.7479108333587646,0.0001,4.781159591861069,3320.19061879348,46900462592,49794777088,nexus_2k_001317;nexus_2k_001179;nexus_2k_001843;nexus_2k_000796;nexus_2k_001692,snapshot/c0/run/updates-from0000000-1790935268142429630.jsonl
C0,402,401,0.677079051733017,0.0001,7.524076632224023,3327.7159809805453,46902127616,49794777088,nexus_2k_000952;nexus_2k_000815;nexus_2k_001216;nexus_2k_000447;nexus_2k_000800,snapshot/c0/run/updates-from0000000-1790935268142429630.jsonl
C0,403,402,0.6252009749412537,0.0001,8.452098338864744,3336.1692897221074,46906242048,49794777088,nexus_2k_001232;nexus_2k_000823;nexus_2k_000167;nexus_2k_001085;nexus_2k_001483,snapshot/c0/run/updates-from0000000-1790935268142429630.jsonl
C0,404,403,0.6388195753097534,0.0001,6.32430487498641,3342.4947095811367,46899368960,49794777088,nexus_2k_001178;nexus_2k_000935;nexus_2k_000242;nexus_2k_000675;nexus_2k_000084,snapshot/c0/run/updates-from0000000-1790935268142429630.jsonl
C0,405,404,0.6534119009971618,0.0001,5.266589186154306,3347.7616565097123,46900958208,49794777088,nexus_2k_000346;nexus_2k_001577;nexus_2k_001716;nexus_2k_000142;nexus_2k_000519,snapshot/c0/run/updates-from0000000-1790935268142429630.jsonl
C0,406,405,0.7753700733184814,0.0001,6.784248295240104,3354.546216579154,46901167104,49794777088,nexus_2k_001825;nexus_2k_000869;nexus_2k_001331;nexus_2k_001550;nexus_2k_000074,snapshot/c0/run/updates-from0000000-1790935268142429630.jsonl
C0,407,406,0.7754601418972016,0.0001,4.4000358656048775,3358.9466121792793,46913545216,49794777088,nexus_2k_000840;nexus_2k_000020;nexus_2k_001045;nexus_2k_001536;nexus_2k_001150,snapshot/c0/run/updates-from0000000-1790935268142429630.jsonl
C0,408,407,0.7334523260593414,0.0001,8.357258182950318,3367.304214932956,46903919616,49794777088,nexus_2k_000118;nexus_2k_001093;nexus_2k_000783;nexus_2k_000083;nexus_2k_001087,snapshot/c0/run/updates-from0000000-1790935268142429630.jsonl
C0,409,408,0.7997016072273254,0.0001,8.274849898181856,3375.5794066414237,46904445952,49794777088,nexus_2k_000872;nexus_2k_000280;nexus_2k_000053;nexus_2k_001415;nexus_2k_000283,snapshot/c0/run/updates-from0000000-1790935268142429630.jsonl
C0,410,409,0.517609041929245,0.0001,9.458539887331426,3385.038287481293,46899508224,49794777088,nexus_2k_001439;nexus_2k_001792;nexus_2k_000898;nexus_2k_001211;nexus_2k_001780,snapshot/c0/run/updates-from0000000-1790935268142429630.jsonl
C0,411,410,0.4892489016056061,0.0001,8.133877997286618,3393.1726295594126,46904751104,49794777088,nexus_2k_001216;nexus_2k_001550;nexus_2k_000872;nexus_2k_001093;nexus_2k_000815,snapshot/c0/run/updates-from0000000-1790935268142429630.jsonl
C0,412,411,0.6488654792308808,0.0001,6.955100614577532,3400.1280729612336,46903690240,49794777088,nexus_2k_001045;nexus_2k_000447;nexus_2k_000280;nexus_2k_000118;nexus_2k_000083,snapshot/c0/run/updates-from0000000-1790935268142429630.jsonl
C0,413,412,0.624467808008194,0.0001,5.86242819018662,3405.9908868176863,46900192256,49794777088,nexus_2k_000346;nexus_2k_000053;nexus_2k_000935;nexus_2k_001178;nexus_2k_001150,snapshot/c0/run/updates-from0000000-1790935268142429630.jsonl
C0,414,413,0.6590527653694153,0.0001,7.196411384269595,3413.187656085938,46940460032,49794777088,nexus_2k_000283;nexus_2k_001716;nexus_2k_001577;nexus_2k_000142;nexus_2k_001211,snapshot/c0/run/updates-from0000000-1790935268142429630.jsonl
C0,415,414,0.7119522333145142,0.0001,6.992124765180051,3420.180134145543,46919060480,49794777088,nexus_2k_000800;nexus_2k_000020;nexus_2k_001536;nexus_2k_000675;nexus_2k_000783,snapshot/c0/run/updates-from0000000-1790935268142429630.jsonl
C0,416,415,0.591616690158844,0.0001,5.49778866674751,3425.6782621340826,46900462592,49794777088,nexus_2k_001317;nexus_2k_001331;nexus_2k_001179;nexus_2k_000074;nexus_2k_001692,snapshot/c0/run/updates-from0000000-1790935268142429630.jsonl
C0,417,416,0.6916135370731353,0.0001,9.262303555384278,3434.9409859599546,46928673792,49794777088,nexus_2k_001415;nexus_2k_001843;nexus_2k_000869;nexus_2k_000898;nexus_2k_001792,snapshot/c0/run/updates-from0000000-1790935268142429630.jsonl
C0,418,417,0.7352504074573517,0.0001,5.311277138069272,3440.2526784976944,46901203968,49794777088,nexus_2k_001439;nexus_2k_000840;nexus_2k_000084;nexus_2k_000519;nexus_2k_000242,snapshot/c0/run/updates-from0000000-1790935268142429630.jsonl
C0,419,418,0.5793691575527191,0.0001,8.042310820892453,3448.295316514559,46907290624,49794777088,nexus_2k_001232;nexus_2k_001483;nexus_2k_000796;nexus_2k_000952;nexus_2k_001825,snapshot/c0/run/updates-from0000000-1790935268142429630.jsonl
C0,420,419,0.6703051209449769,0.0001,5.766416291706264,3454.0620883777738,46902670336,49794777088,nexus_2k_000823;nexus_2k_000167;nexus_2k_001087;nexus_2k_001085;nexus_2k_001780,snapshot/c0/run/updates-from0000000-1790935268142429630.jsonl
C0,421,420,0.6732693374156952,0.0001,7.709228205494583,3461.771652219817,46907241472,49794777088,nexus_2k_000118;nexus_2k_001178;nexus_2k_001179;nexus_2k_000783;nexus_2k_000815,snapshot/c0/run/updates-from0000000-1790935268142429630.jsonl
C0,422,421,0.6844552040100098,0.0001,6.600048274733126,3468.372053110972,46902707200,49794777088,nexus_2k_001483;nexus_2k_001536;nexus_2k_001087;nexus_2k_000935;nexus_2k_001216,snapshot/c0/run/updates-from0000000-1790935268142429630.jsonl
C0,423,422,0.5235166847705841,0.0001,5.066534977406263,3473.43893842306,46902975488,49794777088,nexus_2k_000447;nexus_2k_000053;nexus_2k_001716;nexus_2k_001577;nexus_2k_001550,snapshot/c0/run/updates-from0000000-1790935268142429630.jsonl
C0,424,423,0.7187349617481231,0.0001,8.524973283521831,3481.9642683239654,46917819392,49794777088,nexus_2k_001085;nexus_2k_001211;nexus_2k_000020;nexus_2k_000898;nexus_2k_000167,snapshot/c0/run/updates-from0000000-1790935268142429630.jsonl
C0,425,424,0.570639431476593,0.0001,6.154317649081349,3488.1189341628924,46898672640,49794777088,nexus_2k_000952;nexus_2k_000840;nexus_2k_001331;nexus_2k_001825;nexus_2k_000346,snapshot/c0/run/updates-from0000000-1790935268142429630.jsonl
C0,426,425,0.57575221657753,0.0001,6.1665499694645405,3494.285814832896,46899643392,49794777088,nexus_2k_000083;nexus_2k_001692;nexus_2k_000823;nexus_2k_000074;nexus_2k_000142,snapshot/c0/run/updates-from0000000-1790935268142429630.jsonl
C0,427,426,0.6248798668384552,0.0001,7.467015380039811,3501.753175973892,46910837760,49794777088,nexus_2k_001780;nexus_2k_000796;nexus_2k_000280;nexus_2k_001317;nexus_2k_000800,snapshot/c0/run/updates-from0000000-1790935268142429630.jsonl
C0,428,427,0.6305352628231049,0.0001,7.327471069060266,3509.080967870541,46903976960,49794777088,nexus_2k_000872;nexus_2k_000519;nexus_2k_000675;nexus_2k_001792;nexus_2k_001415,snapshot/c0/run/updates-from0000000-1790935268142429630.jsonl
C0,429,428,0.7319352030754089,0.0001,7.526747316122055,3516.6080502774566,46921438208,49794777088,nexus_2k_000869;nexus_2k_001843;nexus_2k_001232;nexus_2k_001150;nexus_2k_000283,snapshot/c0/run/updates-from0000000-1790935268142429630.jsonl
C0,430,429,0.6033889889717102,0.0001,6.225760908797383,3522.8341426271945,46898906112,49794777088,nexus_2k_001093;nexus_2k_000242;nexus_2k_001439;nexus_2k_000084;nexus_2k_001045,snapshot/c0/run/updates-from0000000-1790935268142429630.jsonl
C0,431,430,0.6160958647727967,0.0001,5.739441609941423,3528.573892683722,46899491840,49794777088,nexus_2k_001045;nexus_2k_000869;nexus_2k_001317;nexus_2k_001692;nexus_2k_001843,snapshot/c0/run/updates-from0000000-1790935268142429630.jsonl
C0,432,431,0.5884989857673645,0.0001,10.093034694902599,3538.667336443439,46903522304,49794777088,nexus_2k_000872;nexus_2k_000280;nexus_2k_001792;nexus_2k_000783;nexus_2k_001178,snapshot/c0/run/updates-from0000000-1790935268142429630.jsonl
C0,433,432,0.5548383235931397,0.0001,4.904231530614197,3543.571978691034,46936675328,49794777088,nexus_2k_000283;nexus_2k_000020;nexus_2k_001780;nexus_2k_000118;nexus_2k_000796,snapshot/c0/run/updates-from0000000-1790935268142429630.jsonl
C0,434,433,0.5557181775569916,0.0001,7.181639085523784,3550.753955141641,46902989824,49794777088,nexus_2k_001093;nexus_2k_001577;nexus_2k_001087;nexus_2k_000840;nexus_2k_001211,snapshot/c0/run/updates-from0000000-1790935268142429630.jsonl
C0,435,434,0.5517419576644897,0.0001,4.66938710026443,3555.4236787399277,46899772416,49794777088,nexus_2k_001150;nexus_2k_001825;nexus_2k_000084;nexus_2k_000519;nexus_2k_001179,snapshot/c0/run/updates-from0000000-1790935268142429630.jsonl
C0,436,435,0.5747616171836853,0.0001,11.541762989014387,3566.9657905986533,46903165952,49794777088,nexus_2k_000083;nexus_2k_000815;nexus_2k_000800;nexus_2k_000898;nexus_2k_001232,snapshot/c0/run/updates-from0000000-1790935268142429630.jsonl
C0,437,436,0.5341357350349426,0.0001,4.974096690304577,3571.9402238409966,46904468480,49794777088,nexus_2k_000242;nexus_2k_000447;nexus_2k_001550;nexus_2k_001536;nexus_2k_001085,snapshot/c0/run/updates-from0000000-1790935268142429630.jsonl
C0,438,437,0.5545980930328369,0.0001,6.899901018477976,3578.840448909439,46902610432,49794777088,nexus_2k_000142;nexus_2k_000167;nexus_2k_000952;nexus_2k_001716;nexus_2k_000074,snapshot/c0/run/updates-from0000000-1790935268142429630.jsonl
C0,439,438,0.5391837656497955,0.0001,5.887188026681542,3584.7279795072973,46925077504,49794777088,nexus_2k_001415;nexus_2k_001331;nexus_2k_000823;nexus_2k_000675;nexus_2k_000053,snapshot/c0/run/updates-from0000000-1790935268142429630.jsonl
C0,440,439,0.5832933127880097,0.0001,7.160097878426313,3591.8885275479406,46903301120,49794777088,nexus_2k_000346;nexus_2k_001483;nexus_2k_001439;nexus_2k_001216;nexus_2k_000935,snapshot/c0/run/updates-from0000000-1790935268142429630.jsonl
C0,441,440,0.6447162866592407,0.0001,6.1545292334631085,3598.0433887364343,46903301120,49794777088,nexus_2k_001692;nexus_2k_001045;nexus_2k_001087;nexus_2k_001093;nexus_2k_001415,snapshot/c0/run/updates-from0000000-1790935268142429630.jsonl
C0,442,441,0.7582848727703094,0.0001,7.138715234585106,3605.1824324680492,46903432192,49794777088,nexus_2k_001483;nexus_2k_000783;nexus_2k_001780;nexus_2k_001536;nexus_2k_001825,snapshot/c0/run/updates-from0000000-1790935268142429630.jsonl
C0,443,442,0.7444032371044159,0.0001,8.435095868073404,3613.6178894583136,46899569664,49794777088,nexus_2k_001439;nexus_2k_000869;nexus_2k_000800;nexus_2k_001792;nexus_2k_001085,snapshot/c0/run/updates-from0000000-1790935268142429630.jsonl
C0,444,443,0.7778057336807251,0.0001,7.113096314482391,3620.731313605793,46905191424,49794777088,nexus_2k_000053;nexus_2k_001216;nexus_2k_001211;nexus_2k_000823;nexus_2k_000815,snapshot/c0/run/updates-from0000000-1790935268142429630.jsonl
C0,445,444,0.5816404283046722,0.0001,6.557576525956392,3627.289222286083,46904570880,49794777088,nexus_2k_001843;nexus_2k_000283;nexus_2k_000020;nexus_2k_001550;nexus_2k_000935,snapshot/c0/run/updates-from0000000-1790935268142429630.jsonl
C0,446,445,0.5556251466274261,0.0001,6.109803901985288,3633.3994709579274,46925779968,49794777088,nexus_2k_001577;nexus_2k_000118;nexus_2k_000952;nexus_2k_000242;nexus_2k_001178,snapshot/c0/run/updates-from0000000-1790935268142429630.jsonl
C0,447,446,0.5805380344390869,0.0001,7.269829030148685,3640.669649544172,46903751168,49794777088,nexus_2k_000142;nexus_2k_001232;nexus_2k_001150;nexus_2k_001317;nexus_2k_001716,snapshot/c0/run/updates-from0000000-1790935268142429630.jsonl
C0,448,447,0.6966581165790557,0.0001,8.371301705017686,3649.04129463993,46896413696,49794777088,nexus_2k_000280;nexus_2k_000346;nexus_2k_000167;nexus_2k_000083;nexus_2k_001179,snapshot/c0/run/updates-from0000000-1790935268142429630.jsonl
C0,449,448,0.5925103306770325,0.0001,4.268303886987269,3653.3099228674546,46901637632,49794777088,nexus_2k_000519;nexus_2k_000084;nexus_2k_000840;nexus_2k_000447;nexus_2k_000074,snapshot/c0/run/updates-from0000000-1790935268142429630.jsonl
C0,450,449,0.697071373462677,0.0001,7.1033506859093904,3660.413592958823,46902473728,49794777088,nexus_2k_000872;nexus_2k_000898;nexus_2k_000796;nexus_2k_001331;nexus_2k_000675,snapshot/c0/run/updates-from0000000-1790935268142429630.jsonl
C0,451,450,0.46014970541000366,0.0001,7.668189564719796,3668.0821324260905,46914698240,49794777088,nexus_2k_000800;nexus_2k_000952;nexus_2k_001178;nexus_2k_001317;nexus_2k_001692,snapshot/c0/run/updates-from0000000-1790935268142429630.jsonl
C0,452,451,0.5998193562030792,0.0001,6.001382716931403,3674.083856326528,46905532928,49794777088,nexus_2k_000074;nexus_2k_000084;nexus_2k_000519;nexus_2k_000869;nexus_2k_000935,snapshot/c0/run/updates-from0000000-1790935268142429630.jsonl
C0,453,452,0.7067809462547302,0.0001,8.0104785785079,3682.094665755518,46940713984,49794777088,nexus_2k_000283;nexus_2k_000083;nexus_2k_001716;nexus_2k_000020;nexus_2k_000783,snapshot/c0/run/updates-from0000000-1790935268142429630.jsonl
C0,454,453,0.5290929615497589,0.0001,7.7680719727650285,3689.863097652793,46896288768,49794777088,nexus_2k_000167;nexus_2k_001792;nexus_2k_001536;nexus_2k_000142;nexus_2k_000346,snapshot/c0/run/updates-from0000000-1790935268142429630.jsonl
C0,455,454,0.548044753074646,0.0001,5.476830231957138,3695.341099612415,46904570880,49794777088,nexus_2k_001843;nexus_2k_000675;nexus_2k_000796;nexus_2k_000840;nexus_2k_000815,snapshot/c0/run/updates-from0000000-1790935268142429630.jsonl
C0,456,455,0.5657856702804566,0.0001,8.886939332820475,3704.228391150944,46897845248,49794777088,nexus_2k_000280;nexus_2k_001087;nexus_2k_000898;nexus_2k_001439;nexus_2k_001331,snapshot/c0/run/updates-from0000000-1790935268142429630.jsonl
C0,457,456,0.429931116104126,0.0001,7.69712277315557,3711.92585646268,46900618240,49794777088,nexus_2k_000447;nexus_2k_001093;nexus_2k_000872;nexus_2k_001232;nexus_2k_001085,snapshot/c0/run/updates-from0000000-1790935268142429630.jsonl
C0,458,457,0.47675966620445254,0.0001,4.578152429312468,3716.5043234508485,46905089024,49794777088,nexus_2k_000823;nexus_2k_001045;nexus_2k_000118;nexus_2k_001150;nexus_2k_001550,snapshot/c0/run/updates-from0000000-1790935268142429630.jsonl
C0,459,458,0.632555341720581,0.0001,7.290213115513325,3723.794859849848,46928272384,49794777088,nexus_2k_001415;nexus_2k_001216;nexus_2k_001179;nexus_2k_001825;nexus_2k_001211,snapshot/c0/run/updates-from0000000-1790935268142429630.jsonl
C0,460,459,0.6425484359264374,0.0001,5.349274164997041,3729.144473105669,46904407040,49794777088,nexus_2k_000242;nexus_2k_001483;nexus_2k_001577;nexus_2k_000053;nexus_2k_001780,snapshot/c0/run/updates-from0000000-1790935268142429630.jsonl
C0,461,460,0.4338544249534607,0.0001,5.2084590485319495,3734.3532766159624,46913922048,49794777088,nexus_2k_000796;nexus_2k_000800;nexus_2k_000053;nexus_2k_000118;nexus_2k_000074,snapshot/c0/run/updates-from0000000-1790935268142429630.jsonl
C0,462,461,0.49072044491767886,0.0001,7.176548948511481,3741.5301498742774,46904804352,49794777088,nexus_2k_001483;nexus_2k_001331;nexus_2k_001085;nexus_2k_001439;nexus_2k_000935,snapshot/c0/run/updates-from0000000-1790935268142429630.jsonl
C0,463,462,0.4773181676864624,0.0001,4.662961441092193,3746.193434759043,46899696640,49794777088,nexus_2k_001150;nexus_2k_001415;nexus_2k_001843;nexus_2k_001045;nexus_2k_000020,snapshot/c0/run/updates-from0000000-1790935268142429630.jsonl
C0,464,463,0.7471218228340148,0.0001,6.552052709273994,3752.745850778185,46903301120,49794777088,nexus_2k_000346;nexus_2k_000675;nexus_2k_000167;nexus_2k_001087;nexus_2k_001317,snapshot/c0/run/updates-from0000000-1790935268142429630.jsonl
C0,465,464,0.5420016884803772,0.0001,6.911276021972299,3759.6574463369325,46951226368,49794777088,nexus_2k_000815;nexus_2k_000084;nexus_2k_001780;nexus_2k_000242;nexus_2k_001232,snapshot/c0/run/updates-from0000000-1790935268142429630.jsonl
C0,466,465,0.5674045026302338,0.0001,6.82123626023531,3766.4790308512747,46902473728,49794777088,nexus_2k_001825;nexus_2k_000898;nexus_2k_001179;nexus_2k_000519;nexus_2k_000823,snapshot/c0/run/updates-from0000000-1790935268142429630.jsonl
C0,467,466,0.5161484479904175,0.0001,7.763764416798949,3774.243124315515,46902473728,49794777088,nexus_2k_000872;nexus_2k_001536;nexus_2k_001792;nexus_2k_000869;nexus_2k_001577,snapshot/c0/run/updates-from0000000-1790935268142429630.jsonl
C0,468,467,0.7214970767498017,0.0001,7.2850461369380355,3781.5285079320893,46904681472,49794777088,nexus_2k_001716;nexus_2k_001216;nexus_2k_001093;nexus_2k_001178;nexus_2k_000142,snapshot/c0/run/updates-from0000000-1790935268142429630.jsonl
C0,469,468,0.5495078444480896,0.0001,7.8499126471579075,3789.378843476996,46904603648,49794777088,nexus_2k_000447;nexus_2k_001550;nexus_2k_000952;nexus_2k_001211;nexus_2k_000783,snapshot/c0/run/updates-from0000000-1790935268142429630.jsonl
C0,470,469,0.49952359199523927,0.0001,8.244314840063453,3797.6234947554767,46940849152,49794777088,nexus_2k_000283;nexus_2k_000280;nexus_2k_001692;nexus_2k_000840;nexus_2k_000083,snapshot/c0/run/updates-from0000000-1790935268142429630.jsonl
C0,471,470,0.4975068926811218,0.0001,7.4769176272675395,3805.1008431212977,46897421312,49794777088,nexus_2k_000083;nexus_2k_000935;nexus_2k_001415;nexus_2k_000118;nexus_2k_001179,snapshot/c0/run/updates-from0000000-1790935268142429630.jsonl
C0,472,471,0.7078828811645508,0.0001,5.805605685338378,3810.9067720500752,46900618240,49794777088,nexus_2k_001331;nexus_2k_001577;nexus_2k_001843;nexus_2k_000869;nexus_2k_001085,snapshot/c0/run/updates-from0000000-1790935268142429630.jsonl
C0,473,472,0.5672116279602051,0.0001,6.683529808185995,3817.5906478213146,46904349696,49794777088,nexus_2k_000447;nexus_2k_001716;nexus_2k_000167;nexus_2k_001045;nexus_2k_000800,snapshot/c0/run/updates-from0000000-1790935268142429630.jsonl
C0,474,473,0.6547654509544373,0.0001,4.63081474788487,3822.221883526072,46900413440,49794777088,nexus_2k_000872;nexus_2k_000823;nexus_2k_001692;nexus_2k_001780;nexus_2k_001150,snapshot/c0/run/updates-from0000000-1790935268142429630.jsonl
C0,475,474,0.43024755716323854,0.0001,6.500500441528857,3828.722707341425,46914098176,49794777088,nexus_2k_000840;nexus_2k_000815;nexus_2k_001439;nexus_2k_000242;nexus_2k_000020,snapshot/c0/run/updates-from0000000-1790935268142429630.jsonl
C0,476,475,0.4024802267551422,0.0001,7.778640639968216,3836.5016818242148,46903301120,49794777088,nexus_2k_001178;nexus_2k_001211;nexus_2k_001550;nexus_2k_000084;nexus_2k_001093,snapshot/c0/run/updates-from0000000-1790935268142429630.jsonl
C0,477,476,0.5647762537002563,0.0001,10.434140974655747,3846.9362437566742,46897804288,49794777088,nexus_2k_000783;nexus_2k_000898;nexus_2k_001317;nexus_2k_001792;nexus_2k_000952,snapshot/c0/run/updates-from0000000-1790935268142429630.jsonl
C0,478,477,0.7913281321525574,0.0001,6.197294305078685,3853.1338941939175,46901347328,49794777088,nexus_2k_001216;nexus_2k_001483;nexus_2k_001087;nexus_2k_001825;nexus_2k_000074,snapshot/c0/run/updates-from0000000-1790935268142429630.jsonl
C0,479,478,0.5293437719345093,0.0001,5.747710314579308,3858.8819198599085,46937265152,49794777088,nexus_2k_000283;nexus_2k_000675;nexus_2k_000519;nexus_2k_000142;nexus_2k_000053,snapshot/c0/run/updates-from0000000-1790935268142429630.jsonl
C0,480,479,0.5356858015060425,0.0001,7.680975588969886,3866.563232000917,46903849984,49794777088,nexus_2k_001536;nexus_2k_001232;nexus_2k_000280;nexus_2k_000796;nexus_2k_000346,snapshot/c0/run/updates-from0000000-1790935268142429630.jsonl
C0,481,480,0.5737033724784851,0.0001,5.282890466041863,3871.846464958042,46902836224,49794777088,nexus_2k_001716;nexus_2k_000869;nexus_2k_000118;nexus_2k_000242;nexus_2k_000084,snapshot/c0/run/updates-from0000000-1790935268142429630.jsonl
C0,482,481,0.4118957817554474,0.0001,6.212353711947799,3878.059164964594,46913438720,49794777088,nexus_2k_000796;nexus_2k_001150;nexus_2k_001415;nexus_2k_000783;nexus_2k_001692,snapshot/c0/run/updates-from0000000-1790935268142429630.jsonl
C0,483,482,0.524701714515686,0.0001,5.371450618840754,3883.4309331635013,46900835328,49794777088,nexus_2k_001331;nexus_2k_001085;nexus_2k_001483;nexus_2k_000053;nexus_2k_000447,snapshot/c0/run/updates-from0000000-1790935268142429630.jsonl
C0,484,483,0.6773520588874817,0.0001,6.849925167858601,3890.2812022082508,46905664000,49794777088,nexus_2k_000519;nexus_2k_000815;nexus_2k_001536;nexus_2k_001179;nexus_2k_000083,snapshot/c0/run/updates-from0000000-1790935268142429630.jsonl
C0,485,484,0.5904245257377625,0.0001,6.062774358317256,3896.3443089080974,46899696640,49794777088,nexus_2k_001178;nexus_2k_001780;nexus_2k_000800;nexus_2k_000675;nexus_2k_000020,snapshot/c0/run/updates-from0000000-1790935268142429630.jsonl
C0,486,485,0.5040541648864746,0.0001,6.719014516100287,3903.063660052605,46897658880,49794777088,nexus_2k_000167;nexus_2k_000346;nexus_2k_001087;nexus_2k_001439;nexus_2k_000840,snapshot/c0/run/updates-from0000000-1790935268142429630.jsonl
C0,487,486,0.5107914745807648,0.0001,9.50636162981391,3912.5704371714965,46940861440,49794777088,nexus_2k_000283;nexus_2k_000935;nexus_2k_001093;nexus_2k_000952;nexus_2k_001792,snapshot/c0/run/updates-from0000000-1790935268142429630.jsonl
C0,488,487,0.47434589862823484,0.0001,8.329391406849027,3920.900249486789,46914843648,49794777088,nexus_2k_001211;nexus_2k_000898;nexus_2k_001550;nexus_2k_001825;nexus_2k_000074,snapshot/c0/run/updates-from0000000-1790935268142429630.jsonl
C0,489,488,0.6037896275520325,0.0001,6.900098543614149,3927.8015576591715,46905224192,49794777088,nexus_2k_001216;nexus_2k_000142;nexus_2k_001577;nexus_2k_001045;nexus_2k_000280,snapshot/c0/run/updates-from0000000-1790935268142429630.jsonl
C0,490,489,0.47993696928024293,0.0001,7.599805381149054,3935.4026123918593,46905287680,49794777088,nexus_2k_001843;nexus_2k_000872;nexus_2k_001317;nexus_2k_000823;nexus_2k_001232,snapshot/c0/run/updates-from0000000-1790935268142429630.jsonl
C0,491,490,0.5533391892910003,0.0001,9.655587593093514,3945.0594858098775,46905191424,49794777088,nexus_2k_000053;nexus_2k_000083;nexus_2k_000898;nexus_2k_001317;nexus_2k_000935,snapshot/c0/run/updates-from0000000-1790935268142429630.jsonl
C0,492,491,0.6549372673034668,0.0001,7.142383850179613,3952.2024656245485,46903071744,49794777088,nexus_2k_000823;nexus_2k_000800;nexus_2k_000815;nexus_2k_001550;nexus_2k_000519,snapshot/c0/run/updates-from0000000-1790935268142429630.jsonl
C0,493,492,0.5762233436107635,0.0001,6.933108144439757,3959.1359197171405,46908754944,49794777088,nexus_2k_001716;nexus_2k_000283;nexus_2k_000447;nexus_2k_000118;nexus_2k_001232,snapshot/c0/run/updates-from0000000-1790935268142429630.jsonl
C0,494,493,0.566322523355484,0.0001,4.306909793056548,3963.4432377172634,46906102784,49794777088,nexus_2k_000242;nexus_2k_001045;nexus_2k_000346;nexus_2k_001692;nexus_2k_000840,snapshot/c0/run/updates-from0000000-1790935268142429630.jsonl
C0,495,494,0.5671122133731842,0.0001,7.854501985013485,3971.2980611361563,46903301120,49794777088,nexus_2k_001331;nexus_2k_000280;nexus_2k_001415;nexus_2k_001150;nexus_2k_001483,snapshot/c0/run/updates-from0000000-1790935268142429630.jsonl
C0,496,495,0.6886122405529023,0.0001,6.859784292988479,3978.158197257668,46899753984,49794777088,nexus_2k_001792;nexus_2k_001087;nexus_2k_000675;nexus_2k_001216;nexus_2k_000872,snapshot/c0/run/updates-from0000000-1790935268142429630.jsonl
C0,497,496,0.4917489945888519,0.0001,6.910507022403181,3985.069638138637,46898091008,49794777088,nexus_2k_000783;nexus_2k_001536;nexus_2k_001825;nexus_2k_001780;nexus_2k_000142,snapshot/c0/run/updates-from0000000-1790935268142429630.jsonl
C0,498,497,0.5580288648605347,0.0001,5.1778446370735765,3990.2479020627216,46922775552,49794777088,nexus_2k_001577;nexus_2k_001085;nexus_2k_000020;nexus_2k_001178;nexus_2k_001179,snapshot/c0/run/updates-from0000000-1790935268142429630.jsonl
C0,499,498,0.46988384127616883,0.0001,8.903973100706935,3999.1522513218224,46904570880,49794777088,nexus_2k_001843;nexus_2k_000167;nexus_2k_001093;nexus_2k_001211;nexus_2k_000869,snapshot/c0/run/updates-from0000000-1790935268142429630.jsonl
C0,500,499,0.5526667654514312,0.0001,5.685286721214652,4004.837872256525,46899368960,49794777088,nexus_2k_001439;nexus_2k_000952;nexus_2k_000796;nexus_2k_000074;nexus_2k_000084,snapshot/c0/run/updates-from0000000-1790935268142429630.jsonl
C0,501,500,0.5124803841114044,0.0001,7.160688009113073,4091.716187766753,46929089536,47513075712,nexus_2k_000118;nexus_2k_001843;nexus_2k_001415;nexus_2k_001577;nexus_2k_001317,snapshot/c0/run/updates-from0000500-1791289673635578531.jsonl
C0,502,501,0.6944424450397492,0.0001,8.630779899656773,4100.347612462938,46941123584,47949283328,nexus_2k_001178;nexus_2k_000898;nexus_2k_000447;nexus_2k_000242;nexus_2k_000280,snapshot/c0/run/updates-from0000500-1791289673635578531.jsonl
C0,503,502,0.5076879680156707,0.0001,6.1703347666189075,4106.518528436311,46925239296,47949283328,nexus_2k_001179;nexus_2k_001825;nexus_2k_000815;nexus_2k_000053;nexus_2k_000020,snapshot/c0/run/updates-from0000500-1791289673635578531.jsonl
C0,504,503,0.4098944544792175,0.0001,7.5444511556997895,4114.0644362811,46928508416,47949283328,nexus_2k_000519;nexus_2k_001716;nexus_2k_000872;nexus_2k_000935;nexus_2k_000083,snapshot/c0/run/updates-from0000500-1791289673635578531.jsonl
C0,505,504,0.5723433792591095,0.0001,5.7344023687765,4119.801780280657,46925016064,48003809280,nexus_2k_000952;nexus_2k_000675;nexus_2k_001692;nexus_2k_001150;nexus_2k_000840,snapshot/c0/run/updates-from0000500-1791289673635578531.jsonl
C0,506,505,0.5728483319282531,0.0001,7.500612208619714,4127.303333122283,46927795200,48003809280,nexus_2k_000346;nexus_2k_001331;nexus_2k_000167;nexus_2k_000869;nexus_2k_001216,snapshot/c0/run/updates-from0000500-1791289673635578531.jsonl
C0,507,506,0.5643938302993774,0.0001,6.877967002801597,4134.181763599627,46930543616,48003809280,nexus_2k_001045;nexus_2k_000796;nexus_2k_000283;nexus_2k_000084;nexus_2k_001232,snapshot/c0/run/updates-from0000500-1791289673635578531.jsonl
C0,508,507,0.5870706975460053,0.0001,6.182579434476793,4140.365017040633,46941238272,48003809280,nexus_2k_001439;nexus_2k_000142;nexus_2k_001085;nexus_2k_001087;nexus_2k_001550,snapshot/c0/run/updates-from0000500-1791289673635578531.jsonl
C0,509,508,0.6694468677043914,0.0001,8.139750055037439,4148.50520941522,46928258048,48003809280,nexus_2k_000823;nexus_2k_001093;nexus_2k_001483;nexus_2k_001792;nexus_2k_001536,snapshot/c0/run/updates-from0000500-1791289673635578531.jsonl
C0,510,509,0.3836753308773041,0.0001,8.05851267836988,4156.56502119638,46928397312,48003809280,nexus_2k_000783;nexus_2k_001780;nexus_2k_000800;nexus_2k_000074;nexus_2k_001211,snapshot/c0/run/updates-from0000500-1791289673635578531.jsonl
C0,511,510,0.44813576340675354,0.0001,7.797804666683078,4164.363491691649,46929892352,48003809280,nexus_2k_000447;nexus_2k_001415;nexus_2k_001178;nexus_2k_001536;nexus_2k_000167,snapshot/c0/run/updates-from0000500-1791289673635578531.jsonl
C0,512,511,0.49667850136756897,0.0001,6.457489749416709,4170.821483057924,46929892352,48003809280,nexus_2k_000346;nexus_2k_001331;nexus_2k_000084;nexus_2k_000872;nexus_2k_001211,snapshot/c0/run/updates-from0000500-1791289673635578531.jsonl
C0,513,512,0.6073708593845367,0.0001,8.354111613705754,4179.176129429601,46930465792,48003809280,nexus_2k_000118;nexus_2k_000142;nexus_2k_000815;nexus_2k_000283;nexus_2k_000280,snapshot/c0/run/updates-from0000500-1791289673635578531.jsonl
C0,514,513,0.45299293398857116,0.0001,7.188501459546387,4186.365196959116,46927407104,48003809280,nexus_2k_001087;nexus_2k_000952;nexus_2k_000242;nexus_2k_001232;nexus_2k_000053,snapshot/c0/run/updates-from0000500-1791289673635578531.jsonl
C0,515,514,0.48243330121040345,0.0001,7.503066192381084,4193.868978803046,46922859520,48003809280,nexus_2k_001317;nexus_2k_001825;nexus_2k_000783;nexus_2k_001716;nexus_2k_001692,snapshot/c0/run/updates-from0000500-1791289673635578531.jsonl
C0,516,515,0.351839280128479,0.0001,6.510767973959446,4200.381030826829,46924010496,48003809280,nexus_2k_001150;nexus_2k_001843;nexus_2k_000935;nexus_2k_000083;nexus_2k_000796,snapshot/c0/run/updates-from0000500-1791289673635578531.jsonl
C0,517,516,0.44198006987571714,0.0001,4.32407942879945,4204.705806802958,46926488576,48003809280,nexus_2k_000020;nexus_2k_001780;nexus_2k_001085;nexus_2k_000840;nexus_2k_000074,snapshot/c0/run/updates-from0000500-1791289673635578531.jsonl
C0,518,517,0.5438357055187225,0.0001,9.441591595299542,4214.147876107134,46943335424,48003809280,nexus_2k_001439;nexus_2k_001550;nexus_2k_000800;nexus_2k_000898;nexus_2k_001483,snapshot/c0/run/updates-from0000500-1791289673635578531.jsonl
C0,519,518,0.6041386187076568,0.0001,6.895217459648848,4221.043598242104,46928843776,48003809280,nexus_2k_001179;nexus_2k_000869;nexus_2k_001045;nexus_2k_001216;nexus_2k_001093,snapshot/c0/run/updates-from0000500-1791289673635578531.jsonl
C0,520,519,0.48958257436752317,0.0001,6.535744667984545,4227.579868584871,46929998848,48003809280,nexus_2k_001577;nexus_2k_001792;nexus_2k_000519;nexus_2k_000675;nexus_2k_000823,snapshot/c0/run/updates-from0000500-1791289673635578531.jsonl
C0,521,520,0.3920441210269928,0.0001,6.864972145296633,4234.445254957303,46925284352,48003809280,nexus_2k_001780;nexus_2k_000840;nexus_2k_001792;nexus_2k_001825;nexus_2k_001045,snapshot/c0/run/updates-from0000500-1791289673635578531.jsonl
C0,522,521,0.5497807443141938,0.0001,6.585670023225248,4241.03139625676,46928278528,48003809280,nexus_2k_000242;nexus_2k_000519;nexus_2k_000053;nexus_2k_001093;nexus_2k_000872,snapshot/c0/run/updates-from0000500-1791289673635578531.jsonl
C0,523,522,0.43487766981124876,0.0001,6.3903945460915565,4247.422182013281,46925521920,48003809280,nexus_2k_000083;nexus_2k_000675;nexus_2k_001536;nexus_2k_001216;nexus_2k_001087,snapshot/c0/run/updates-from0000500-1791289673635578531.jsonl
C0,524,523,0.7386138558387756,0.0001,6.4783362708985806,4253.901177882217,46925239296,48003809280,nexus_2k_001179;nexus_2k_001331;nexus_2k_001211;nexus_2k_001550;nexus_2k_000020,snapshot/c0/run/updates-from0000500-1791289673635578531.jsonl
C0,525,524,0.35226012468338014,0.0001,6.468491271138191,4260.370519420132,46926976000,48003809280,nexus_2k_001692;nexus_2k_001415;nexus_2k_000280;nexus_2k_001150;nexus_2k_000084,snapshot/c0/run/updates-from0000500-1791289673635578531.jsonl
C0,526,525,0.5208203315734863,0.0001,7.935436478815973,4268.306467241608,46927606784,48003809280,nexus_2k_000074;nexus_2k_000869;nexus_2k_001232;nexus_2k_000118;nexus_2k_000815,snapshot/c0/run/updates-from0000500-1791289673635578531.jsonl
C0,527,526,0.7360451817512512,0.0001,8.428625421598554,4276.735722298734,46928854016,48003809280,nexus_2k_000796;nexus_2k_000783;nexus_2k_000167;nexus_2k_001317;nexus_2k_000142,snapshot/c0/run/updates-from0000500-1791289673635578531.jsonl
C0,528,527,0.35452659130096437,0.0001,6.287922912277281,4283.0250003812835,46927795200,48003809280,nexus_2k_000346;nexus_2k_000447;nexus_2k_001178;nexus_2k_000952;nexus_2k_001577,snapshot/c0/run/updates-from0000500-1791289673635578531.jsonl
C0,529,528,0.5970686197280883,0.0001,7.43257697019726,4290.4580464903265,46937613312,48003809280,nexus_2k_000283;nexus_2k_001843;nexus_2k_000800;nexus_2k_000935;nexus_2k_001085,snapshot/c0/run/updates-from0000500-1791289673635578531.jsonl
C0,530,529,0.38340256810188295,0.0001,8.012788021937013,4298.471297716722,46949624832,48060432384,nexus_2k_001483;nexus_2k_001439;nexus_2k_000823;nexus_2k_001716;nexus_2k_000898,snapshot/c0/run/updates-from0000500-1791289673635578531.jsonl
C0,531,530,0.3739021778106689,0.0001,5.891450207680464,4304.363205011003,46925677568,48060432384,nexus_2k_000074;nexus_2k_000053;nexus_2k_000872;nexus_2k_001825;nexus_2k_001577,snapshot/c0/run/updates-from0000500-1791289673635578531.jsonl
C0,532,531,0.3841669797897339,0.0001,7.31010118778795,4311.6740868501365,46926693376,48060432384,nexus_2k_001232;nexus_2k_001331;nexus_2k_000020;nexus_2k_001550;nexus_2k_000840,snapshot/c0/run/updates-from0000500-1791289673635578531.jsonl
C0,533,532,0.5621948957443237,0.0001,7.1015315828844905,4318.776297724806,46929826816,48060432384,nexus_2k_001045;nexus_2k_000800;nexus_2k_000823;nexus_2k_000675;nexus_2k_000783,snapshot/c0/run/updates-from0000500-1791289673635578531.jsonl
C0,534,533,0.6471182227134704,0.0001,8.154199259355664,4326.931788790971,46929841152,48060432384,nexus_2k_000142;nexus_2k_000869;nexus_2k_001843;nexus_2k_000280;nexus_2k_000283,snapshot/c0/run/updates-from0000500-1791289673635578531.jsonl
C0,535,534,0.5117005228996276,0.0001,6.8887429758906364,4333.821053316817,46944564224,48060432384,nexus_2k_001483;nexus_2k_000167;nexus_2k_001085;nexus_2k_001780;nexus_2k_000084,snapshot/c0/run/updates-from0000500-1791289673635578531.jsonl
C0,536,535,0.48315624594688417,0.0001,7.594602779485285,4341.41698257532,46947644416,48060432384,nexus_2k_000815;nexus_2k_000935;nexus_2k_001692;nexus_2k_001093;nexus_2k_001179,snapshot/c0/run/updates-from0000500-1791289673635578531.jsonl
C0,537,536,0.42288469076156615,0.0001,6.0935921194031835,4347.511998172849,46928278528,48060432384,nexus_2k_000242;nexus_2k_001439;nexus_2k_001536;nexus_2k_000346;nexus_2k_000952,snapshot/c0/run/updates-from0000500-1791289673635578531.jsonl
C0,538,537,0.4210739850997925,0.0001,9.381441126577556,4356.893945811316,46927135744,48060432384,nexus_2k_001216;nexus_2k_001317;nexus_2k_001792;nexus_2k_001415;nexus_2k_000083,snapshot/c0/run/updates-from0000500-1791289673635578531.jsonl
C0,539,538,0.39016818404197695,0.0001,5.593471612781286,4362.488222453743,46926439424,48060432384,nexus_2k_000447;nexus_2k_000796;nexus_2k_001211;nexus_2k_000519;nexus_2k_000118,snapshot/c0/run/updates-from0000500-1791289673635578531.jsonl
C0,540,539,0.6374486565589905,0.0001,7.2612233851104975,4369.749956698157,46926444544,48060432384,nexus_2k_001087;nexus_2k_000898;nexus_2k_001716;nexus_2k_001178;nexus_2k_001150,snapshot/c0/run/updates-from0000500-1791289673635578531.jsonl
C0,541,540,0.35614138245582583,0.0001,7.9789495803415775,4377.729390682653,46928026624,48060432384,nexus_2k_001093;nexus_2k_001178;nexus_2k_000952;nexus_2k_000142;nexus_2k_001550,snapshot/c0/run/updates-from0000500-1791289673635578531.jsonl
C0,542,541,0.44064395427703856,0.0001,4.457925787195563,4382.187817713246,46926099456,48060432384,nexus_2k_000346;nexus_2k_000675;nexus_2k_001843;nexus_2k_001577;nexus_2k_001780,snapshot/c0/run/updates-from0000500-1791289673635578531.jsonl
C0,543,542,0.4579737186431885,0.0001,9.90869100857526,4392.096981585026,46926017536,48060432384,nexus_2k_000898;nexus_2k_000280;nexus_2k_001232;nexus_2k_001716;nexus_2k_001331,snapshot/c0/run/updates-from0000500-1791289673635578531.jsonl
C0,544,543,0.5567574679851532,0.0001,5.525883209891617,4397.623307135887,46927541248,48060432384,nexus_2k_000840;nexus_2k_001825;nexus_2k_001536;nexus_2k_001085;nexus_2k_000242,snapshot/c0/run/updates-from0000500-1791289673635578531.jsonl
C0,545,544,0.43327149748802185,0.0001,7.392833805643022,4405.017080082558,46930940928,48060432384,nexus_2k_000796;nexus_2k_000823;nexus_2k_001439;nexus_2k_000283;nexus_2k_000800,snapshot/c0/run/updates-from0000500-1791289673635578531.jsonl
C0,546,545,0.44305862188339235,0.0001,5.0759428245946765,4410.093469299376,46929826816,48062529536,nexus_2k_001045;nexus_2k_000447;nexus_2k_001692;nexus_2k_000118;nexus_2k_001483,snapshot/c0/run/updates-from0000500-1791289673635578531.jsonl
C0,547,546,0.47517041563987733,0.0001,7.7083378583192825,4417.802378480323,46929814528,48062529536,nexus_2k_000084;nexus_2k_000869;nexus_2k_000083;nexus_2k_000074;nexus_2k_000935,snapshot/c0/run/updates-from0000500-1791289673635578531.jsonl
C0,548,547,0.4609099686145782,0.0001,8.188472909852862,4425.992466175929,46927795200,48062529536,nexus_2k_001179;nexus_2k_001211;nexus_2k_001792;nexus_2k_001216;nexus_2k_001317,snapshot/c0/run/updates-from0000500-1791289673635578531.jsonl
C0,549,548,0.34948243498802184,0.0001,6.517601850442588,4432.510726798326,46931062784,48062529536,nexus_2k_001087;nexus_2k_000872;nexus_2k_000053;nexus_2k_001150;nexus_2k_000167,snapshot/c0/run/updates-from0000500-1791289673635578531.jsonl
C0,550,549,0.6100453913211823,0.0001,7.718701467849314,4440.230010217056,46947781632,48062529536,nexus_2k_000815;nexus_2k_000783;nexus_2k_001415;nexus_2k_000020;nexus_2k_000519,snapshot/c0/run/updates-from0000500-1791289673635578531.jsonl
C0,551,550,0.5764938712120056,0.0001,5.00942431204021,4445.2399186920375,46925108224,48062529536,nexus_2k_000675;nexus_2k_001843;nexus_2k_000084;nexus_2k_001483;nexus_2k_000796,snapshot/c0/run/updates-from0000500-1791289673635578531.jsonl
C0,552,551,0.5277021825313568,0.0001,7.415553122758865,4452.655911817215,46927795200,48062529536,nexus_2k_000020;nexus_2k_000118;nexus_2k_001093;nexus_2k_001792;nexus_2k_000840,snapshot/c0/run/updates-from0000500-1791289673635578531.jsonl
C0,553,552,0.5889707624912262,0.0001,5.117814698256552,4457.774455208331,46927114240,48062529536,nexus_2k_000053;nexus_2k_001577;nexus_2k_000447;nexus_2k_000823;nexus_2k_001780,snapshot/c0/run/updates-from0000500-1791289673635578531.jsonl
C0,554,553,0.5273918271064758,0.0001,8.479038518853486,4466.254888442345,46932677632,48062529536,nexus_2k_001085;nexus_2k_001150;nexus_2k_000935;nexus_2k_001232;nexus_2k_000167,snapshot/c0/run/updates-from0000500-1791289673635578531.jsonl
C0,555,554,0.46427027583122255,0.0001,9.13526061642915,4475.390528525226,46950235136,48062529536,nexus_2k_000815;nexus_2k_000783;nexus_2k_001087;nexus_2k_000083;nexus_2k_000869,snapshot/c0/run/updates-from0000500-1791289673635578531.jsonl
C0,556,555,0.42673219442367555,0.0001,5.847771166823804,4481.238968569785,46927729664,48062529536,nexus_2k_001045;nexus_2k_000074;nexus_2k_001439;nexus_2k_000346;nexus_2k_001331,snapshot/c0/run/updates-from0000500-1791289673635578531.jsonl
C0,557,556,0.38966895937919616,0.0001,6.562384780496359,4487.801777659915,46935823360,48062529536,nexus_2k_001211;nexus_2k_001179;nexus_2k_000519;nexus_2k_001550;nexus_2k_000142,snapshot/c0/run/updates-from0000500-1791289673635578531.jsonl
C0,558,557,0.35488045811653135,0.0001,6.826377629302442,4494.628616119735,46926820352,48062529536,nexus_2k_001825;nexus_2k_000952;nexus_2k_000242;nexus_2k_001536;nexus_2k_001317,snapshot/c0/run/updates-from0000500-1791289673635578531.jsonl
C0,559,558,0.6219141721725464,0.0001,8.129866384901106,4502.7590666925535,46927705088,48062529536,nexus_2k_000280;nexus_2k_001216;nexus_2k_000800;nexus_2k_001692;nexus_2k_001178,snapshot/c0/run/updates-from0000500-1791289673635578531.jsonl
C0,560,559,0.43253344893455503,0.0001,8.664619524031878,4511.424660410732,46926408704,48062529536,nexus_2k_000898;nexus_2k_001415;nexus_2k_000283;nexus_2k_001716;nexus_2k_000872,snapshot/c0/run/updates-from0000500-1791289673635578531.jsonl
C0,561,560,0.36096315979957583,0.0001,5.89920346159488,4517.324537372217,46929794048,48062529536,nexus_2k_000869;nexus_2k_000118;nexus_2k_001577;nexus_2k_001550;nexus_2k_001843,snapshot/c0/run/updates-from0000500-1791289673635578531.jsonl
C0,562,561,0.45755467414855955,0.0001,8.76840326283127,4526.093544097617,46927541248,48062529536,nexus_2k_000840;nexus_2k_001792;nexus_2k_000815;nexus_2k_000935;nexus_2k_001825,snapshot/c0/run/updates-from0000500-1791289673635578531.jsonl
C0,563,562,0.4992088496685028,0.0001,5.202982428483665,4531.29703427013,46923658240,48062529536,nexus_2k_000952;nexus_2k_000675;nexus_2k_001045;nexus_2k_000823;nexus_2k_000346,snapshot/c0/run/updates-from0000500-1791289673635578531.jsonl
C0,564,563,0.4657826960086823,0.0001,6.59276189096272,4537.890305429697,46935843840,48062529536,nexus_2k_001415;nexus_2k_000796;nexus_2k_000074;nexus_2k_001085;nexus_2k_001093,snapshot/c0/run/updates-from0000500-1791289673635578531.jsonl
C0,565,564,0.7091351449489594,0.0001,8.650688814930618,4546.541618535295,46928508416,48062529536,nexus_2k_000519;nexus_2k_000783;nexus_2k_000084;nexus_2k_000167;nexus_2k_000083,snapshot/c0/run/updates-from0000500-1791289673635578531.jsonl
C0,566,565,0.4283753395080566,0.0001,6.808108272962272,4553.350302350707,46928249856,48062529536,nexus_2k_001331;nexus_2k_000242;nexus_2k_001216;nexus_2k_000447;nexus_2k_000280,snapshot/c0/run/updates-from0000500-1791289673635578531.jsonl
C0,567,566,0.5547760128974915,0.0001,7.774365468882024,4561.126028280705,46928843776,48062529536,nexus_2k_001179;nexus_2k_001211;nexus_2k_000872;nexus_2k_001439;nexus_2k_001483,snapshot/c0/run/updates-from0000500-1791289673635578531.jsonl
C0,568,567,0.38325670957565305,0.0001,8.043460919521749,4569.169953431003,46937928704,48062529536,nexus_2k_001178;nexus_2k_001232;nexus_2k_000283;nexus_2k_001716;nexus_2k_000053,snapshot/c0/run/updates-from0000500-1791289673635578531.jsonl
C0,569,568,0.40192861557006837,0.0001,5.819935381412506,4574.990432085469,46922859520,48062529536,nexus_2k_001317;nexus_2k_001536;nexus_2k_000142;nexus_2k_001150;nexus_2k_001692,snapshot/c0/run/updates-from0000500-1791289673635578531.jsonl
C0,570,569,0.6180624485015869,0.0001,7.428617538884282,4582.419418040663,46933994496,48062529536,nexus_2k_000800;nexus_2k_000898;nexus_2k_000020;nexus_2k_001780;nexus_2k_001087,snapshot/c0/run/updates-from0000500-1791289673635578531.jsonl
C0,571,570,0.4426446855068207,0.0001,6.334693767130375,4588.755370222032,46929728512,48062529536,nexus_2k_001085;nexus_2k_000083;nexus_2k_000142;nexus_2k_000675;nexus_2k_000823,snapshot/c0/run/updates-from0000500-1791289673635578531.jsonl
C0,572,571,0.5256710231304169,0.0001,5.872253059409559,4594.628129797988,46929814528,48062529536,nexus_2k_000447;nexus_2k_000242;nexus_2k_001577;nexus_2k_000796;nexus_2k_000935,snapshot/c0/run/updates-from0000500-1791289673635578531.jsonl
C0,573,572,0.5099857568740844,0.0001,5.60104264318943,4600.230538806878,46927420416,48062529536,nexus_2k_000872;nexus_2k_001150;nexus_2k_000053;nexus_2k_000074;nexus_2k_001825,snapshot/c0/run/updates-from0000500-1791289673635578531.jsonl
C0,574,573,0.5954582929611206,0.0001,6.715881668962538,4606.947728178464,46926728192,48062529536,nexus_2k_001331;nexus_2k_001692;nexus_2k_001780;nexus_2k_000280;nexus_2k_000952,snapshot/c0/run/updates-from0000500-1791289673635578531.jsonl
C0,575,574,0.3875169813632965,0.0001,9.862433843314648,4616.810899711214,46928829440,48062529536,nexus_2k_000898;nexus_2k_001216;nexus_2k_000815;nexus_2k_001483;nexus_2k_000167,snapshot/c0/run/updates-from0000500-1791289673635578531.jsonl
C0,576,575,0.47095491290092467,0.0001,8.584399311803281,4625.395841856487,46925935616,48062529536,nexus_2k_000783;nexus_2k_001232;nexus_2k_001045;nexus_2k_000800;nexus_2k_001716,snapshot/c0/run/updates-from0000500-1791289673635578531.jsonl
C0,577,576,0.37516791820526124,0.0001,7.768816811963916,4633.165332579985,46933230592,48062529536,nexus_2k_001211;nexus_2k_001536;nexus_2k_001093;nexus_2k_001439;nexus_2k_000084,snapshot/c0/run/updates-from0000500-1791289673635578531.jsonl
C0,578,577,0.4586507499217987,0.0001,7.240870248526335,4640.407564406283,46940406784,48062529536,nexus_2k_000283;nexus_2k_001179;nexus_2k_000118;nexus_2k_001317;nexus_2k_000869,snapshot/c0/run/updates-from0000500-1791289673635578531.jsonl
C0,579,578,0.46262205243110655,0.0001,7.456783842295408,4647.86478208378,46928472576,48062529536,nexus_2k_000519;nexus_2k_001792;nexus_2k_000346;nexus_2k_001178;nexus_2k_001415,snapshot/c0/run/updates-from0000500-1791289673635578531.jsonl
C0,580,579,0.4064945220947266,0.0001,5.073350813239813,4652.939441143535,46928188416,48062529536,nexus_2k_001843;nexus_2k_001550;nexus_2k_000020;nexus_2k_001087;nexus_2k_000840,snapshot/c0/run/updates-from0000500-1791289673635578531.jsonl
C0,581,580,0.6076566696166992,0.0001,7.990627579391003,4660.93133094348,46925042688,48062529536,nexus_2k_000280;nexus_2k_001825;nexus_2k_001792;nexus_2k_000242;nexus_2k_000346,snapshot/c0/run/updates-from0000500-1791289673635578531.jsonl
C0,582,581,0.510368263721466,0.0001,7.58310829475522,4668.515074246563,46925595648,48062529536,nexus_2k_001232;nexus_2k_000074;nexus_2k_001550;nexus_2k_000283;nexus_2k_000053,snapshot/c0/run/updates-from0000500-1791289673635578531.jsonl
C0,583,582,0.5005592107772827,0.0001,6.488552848808467,4675.004895594902,46936015872,48062529536,nexus_2k_001415;nexus_2k_000872;nexus_2k_000084;nexus_2k_001045;nexus_2k_001439,snapshot/c0/run/updates-from0000500-1791289673635578531.jsonl
C0,584,583,0.43272230625152586,0.0001,7.5308947982266545,4682.537279511802,46928550912,48062529536,nexus_2k_001716;nexus_2k_000167;nexus_2k_000447;nexus_2k_000020;nexus_2k_000898,snapshot/c0/run/updates-from0000500-1791289673635578531.jsonl
C0,585,584,0.3238971471786499,0.0001,7.878719115629792,4690.416644300334,46926746624,48062529536,nexus_2k_000083;nexus_2k_001211;nexus_2k_000823;nexus_2k_001577;nexus_2k_001331,snapshot/c0/run/updates-from0000500-1791289673635578531.jsonl
C0,586,585,0.38907505869865416,0.0001,7.914799760095775,4698.332038117573,46930281472,48062529536,nexus_2k_000869;nexus_2k_001483;nexus_2k_001216;nexus_2k_000783;nexus_2k_001087,snapshot/c0/run/updates-from0000500-1791289673635578531.jsonl
C0,587,586,0.6183627128601075,0.0001,5.9162378292530775,4704.248847569339,46930940928,48062529536,nexus_2k_000796;nexus_2k_000952;nexus_2k_001692;nexus_2k_001536;nexus_2k_001317,snapshot/c0/run/updates-from0000500-1791289673635578531.jsonl
C0,588,587,0.4789301812648773,0.0001,5.4514939952641726,4709.701658112928,46930387968,48062529536,nexus_2k_000118;nexus_2k_001150;nexus_2k_001179;nexus_2k_000519;nexus_2k_000935,snapshot/c0/run/updates-from0000500-1791289673635578531.jsonl
C0,589,588,0.3504993081092834,0.0001,5.95850083604455,4715.660654406995,46926795776,48062529536,nexus_2k_000675;nexus_2k_000142;nexus_2k_001178;nexus_2k_001843;nexus_2k_000840,snapshot/c0/run/updates-from0000500-1791289673635578531.jsonl
C0,590,589,0.46020888090133666,0.0001,7.683493737131357,4723.345453056507,46950724608,48062529536,nexus_2k_000815;nexus_2k_001780;nexus_2k_001093;nexus_2k_001085;nexus_2k_000800,snapshot/c0/run/updates-from0000500-1791289673635578531.jsonl
C0,591,590,0.3826217889785767,0.0001,6.642427389509976,4729.988400766626,46923848704,48062529536,nexus_2k_001550;nexus_2k_001317;nexus_2k_000053;nexus_2k_001439;nexus_2k_001045,snapshot/c0/run/updates-from0000500-1791289673635578531.jsonl
C0,592,591,0.47217264771461487,0.0001,7.638992260210216,4737.628394582309,46926746624,48062529536,nexus_2k_000083;nexus_2k_001085;nexus_2k_000447;nexus_2k_000167;nexus_2k_001577,snapshot/c0/run/updates-from0000500-1791289673635578531.jsonl
C0,593,592,0.5021188437938691,0.0001,5.925160456448793,4743.554044303484,46923011072,48062529536,nexus_2k_001825;nexus_2k_000020;nexus_2k_000800;nexus_2k_000084;nexus_2k_001843,snapshot/c0/run/updates-from0000500-1791289673635578531.jsonl
C0,594,593,0.5768413782119751,0.0001,8.445028250105679,4751.9995814953,46924385280,48062529536,nexus_2k_001331;nexus_2k_000898;nexus_2k_001232;nexus_2k_001780;nexus_2k_000519,snapshot/c0/run/updates-from0000500-1791289673635578531.jsonl
C0,595,594,0.5055488705635071,0.0001,6.59674066491425,4758.596891726367,46932231168,48062529536,nexus_2k_001415;nexus_2k_001087;nexus_2k_001216;nexus_2k_000283;nexus_2k_000796,snapshot/c0/run/updates-from0000500-1791289673635578531.jsonl
C0,596,595,0.46061683297157285,0.0001,8.541331955231726,4767.138698219322,46929036288,48062529536,nexus_2k_000118;nexus_2k_000783;nexus_2k_000280;nexus_2k_001483;nexus_2k_000142,snapshot/c0/run/updates-from0000500-1791289673635578531.jsonl
C0,597,596,0.5705526530742645,0.0001,5.7177380211651325,4772.857171877287,46939026432,48062529536,nexus_2k_001178;nexus_2k_000242;nexus_2k_000823;nexus_2k_000074;nexus_2k_001716,snapshot/c0/run/updates-from0000500-1791289673635578531.jsonl
C0,598,597,0.4394667446613312,0.0001,6.900344358757138,4779.7582570770755,46923930624,48062529536,nexus_2k_000952;nexus_2k_001093;nexus_2k_000872;nexus_2k_000675;nexus_2k_001179,snapshot/c0/run/updates-from0000500-1791289673635578531.jsonl
C0,599,598,0.5248362243175506,0.0001,7.401355187408626,4787.160140347667,46949075968,48062529536,nexus_2k_000815;nexus_2k_001792;nexus_2k_001692;nexus_2k_001536;nexus_2k_000840,snapshot/c0/run/updates-from0000500-1791289673635578531.jsonl
C0,600,599,0.5682480335235596,0.0001,7.541955602355301,4794.702526096255,46923994112,48062529536,nexus_2k_001150;nexus_2k_000935;nexus_2k_000869;nexus_2k_001211;nexus_2k_000346,snapshot/c0/run/updates-from0000500-1791289673635578531.jsonl
C0,601,600,0.33930261731147765,0.0001,6.15038145147264,4885.997350605205,46929577984,48062529536,nexus_2k_001087;nexus_2k_001439;nexus_2k_000118;nexus_2k_000519;nexus_2k_000952,snapshot/c0/run/updates-from0000500-1791289673635578531.jsonl
C0,602,601,0.5117995738983154,0.0001,6.941786392591894,4892.939553741366,46925683712,48062529536,nexus_2k_000142;nexus_2k_001716;nexus_2k_000935;nexus_2k_000815;nexus_2k_001150,snapshot/c0/run/updates-from0000500-1791289673635578531.jsonl
C0,603,602,0.34596388339996337,0.0001,8.04565142467618,4900.985737862065,46929892352,48062529536,nexus_2k_000346;nexus_2k_001792;nexus_2k_000800;nexus_2k_001780;nexus_2k_001211,snapshot/c0/run/updates-from0000500-1791289673635578531.jsonl
C0,604,603,0.35959157943725584,0.0001,8.356330254115164,4909.342556092888,46929826816,48062529536,nexus_2k_001045;nexus_2k_000083;nexus_2k_000872;nexus_2k_001331;nexus_2k_000167,snapshot/c0/run/updates-from0000500-1791289673635578531.jsonl
C0,605,604,0.3673029482364655,0.0001,6.80898745637387,4916.152033727616,46926017536,48062529536,nexus_2k_000898;nexus_2k_001843;nexus_2k_000053;nexus_2k_000447;nexus_2k_001216,snapshot/c0/run/updates-from0000500-1791289673635578531.jsonl
C0,606,605,0.6075411260128021,0.0001,6.627638168632984,4922.780974484049,46930547712,48062529536,nexus_2k_001536;nexus_2k_001825;nexus_2k_001178;nexus_2k_001577;nexus_2k_000840,snapshot/c0/run/updates-from0000500-1791289673635578531.jsonl
C0,607,606,0.6853079438209534,0.0001,7.361668003723025,4930.143642898649,46927795200,48062529536,nexus_2k_001179;nexus_2k_001550;nexus_2k_000280;nexus_2k_001692;nexus_2k_001317,snapshot/c0/run/updates-from0000500-1791289673635578531.jsonl
C0,608,607,0.589365541934967,0.0001,6.927960619330406,4937.072144143283,46929892352,48062529536,nexus_2k_000084;nexus_2k_001093;nexus_2k_000020;nexus_2k_000242;nexus_2k_000869,snapshot/c0/run/updates-from0000500-1791289673635578531.jsonl
C0,609,608,0.393973296880722,0.0001,7.55058154091239,4944.623647282831,46927623168,48062529536,nexus_2k_000074;nexus_2k_000783;nexus_2k_000675;nexus_2k_000796;nexus_2k_001232,snapshot/c0/run/updates-from0000500-1791289673635578531.jsonl
C0,610,609,0.44883140325546267,0.0001,7.2827744875103235,4951.906863836572,46944764928,48062529536,nexus_2k_001483;nexus_2k_000283;nexus_2k_000823;nexus_2k_001415;nexus_2k_001085,snapshot/c0/run/updates-from0000500-1791289673635578531.jsonl
C0,611,610,0.4648104727268219,0.0001,7.461255143396556,4959.368624857627,46925648896,48062529536,nexus_2k_000280;nexus_2k_000142;nexus_2k_000823;nexus_2k_000283;nexus_2k_000053,snapshot/c0/run/updates-from0000500-1791289673635578531.jsonl
C0,612,611,0.48405042886734007,0.0001,8.29071540106088,4967.659822381102,46931020800,48062529536,nexus_2k_000447;nexus_2k_001780;nexus_2k_000872;nexus_2k_000783;nexus_2k_000898,snapshot/c0/run/updates-from0000500-1791289673635578531.jsonl
C0,613,612,0.4733941674232483,0.0001,5.974710554815829,4973.635174906813,46924190720,48062529536,nexus_2k_001150;nexus_2k_000083;nexus_2k_001843;nexus_2k_001087;nexus_2k_000020,snapshot/c0/run/updates-from0000500-1791289673635578531.jsonl
C0,614,613,0.658784133195877,0.0001,6.225872997194529,4979.861580204219,46927412224,48062529536,nexus_2k_000796;nexus_2k_001692;nexus_2k_001317;nexus_2k_001483;nexus_2k_001179,snapshot/c0/run/updates-from0000500-1791289673635578531.jsonl
C0,615,614,0.6604836940765381,0.0001,7.9325920809060335,4987.794742372818,46948797440,48062529536,nexus_2k_000815;nexus_2k_000869;nexus_2k_001093;nexus_2k_000675;nexus_2k_001536,snapshot/c0/run/updates-from0000500-1791289673635578531.jsonl
C0,616,615,0.6089520573616027,0.0001,6.979369779117405,4994.774599911645,46925019648,48062529536,nexus_2k_000519;nexus_2k_001792;nexus_2k_001439;nexus_2k_001331;nexus_2k_000118,snapshot/c0/run/updates-from0000500-1791289673635578531.jsonl
C0,617,616,0.5721605002880097,0.0001,7.745311750099063,5002.520340652205,46926693376,48062529536,nexus_2k_001232;nexus_2k_001577;nexus_2k_001211;nexus_2k_001085;nexus_2k_001216,snapshot/c0/run/updates-from0000500-1791289673635578531.jsonl
C0,618,617,0.47268990278244016,0.0001,6.630300408229232,5009.151689348742,46930375680,48062529536,nexus_2k_000242;nexus_2k_001716;nexus_2k_001415;nexus_2k_000346;nexus_2k_000800,snapshot/c0/run/updates-from0000500-1791289673635578531.jsonl
C0,619,618,0.5633718729019165,0.0001,7.132634040899575,5016.285117871128,46939491328,48062529536,nexus_2k_001178;nexus_2k_000074;nexus_2k_000935;nexus_2k_001045;nexus_2k_000952,snapshot/c0/run/updates-from0000500-1791289673635578531.jsonl
C0,620,619,0.47215540409088136,0.0001,7.279799789190292,5023.56543084234,46922888192,48062529536,nexus_2k_001825;nexus_2k_000840;nexus_2k_000167;nexus_2k_001550;nexus_2k_000084,snapshot/c0/run/updates-from0000500-1791289673635578531.jsonl
C0,621,620,0.42390410900115966,0.0001,5.574723582714796,5029.141481038183,46923871232,48062529536,nexus_2k_000074;nexus_2k_000796;nexus_2k_000020;nexus_2k_000783;nexus_2k_001045,snapshot/c0/run/updates-from0000500-1791289673635578531.jsonl
C0,622,621,0.48933306336402893,0.0001,7.631554996594787,5036.773502799682,46925005824,48062529536,nexus_2k_000675;nexus_2k_000167;nexus_2k_000142;nexus_2k_001211;nexus_2k_001692,snapshot/c0/run/updates-from0000500-1791289673635578531.jsonl
C0,623,622,0.7661163210868835,0.0001,7.641778492368758,5044.4156952360645,46926046208,48062529536,nexus_2k_001780;nexus_2k_000083;nexus_2k_001415;nexus_2k_000283;nexus_2k_001087,snapshot/c0/run/updates-from0000500-1791289673635578531.jsonl
C0,624,623,0.42573659420013427,0.0001,4.542609552852809,5048.958818006329,46926656512,48062529536,nexus_2k_000118;nexus_2k_000053;nexus_2k_000823;nexus_2k_001179;nexus_2k_001843,snapshot/c0/run/updates-from0000500-1791289673635578531.jsonl
C0,625,624,0.43391844630241394,0.0001,7.677442637272179,5056.636666152626,46953026560,48062529536,nexus_2k_000935;nexus_2k_000840;nexus_2k_001085;nexus_2k_000800;nexus_2k_000872,snapshot/c0/run/updates-from0000500-1791289673635578531.jsonl
C0,626,625,0.3860590934753418,0.0001,4.91136388387531,5061.548570495099,46924315136,48062529536,nexus_2k_000519;nexus_2k_001331;nexus_2k_000084;nexus_2k_000346;nexus_2k_001150,snapshot/c0/run/updates-from0000500-1791289673635578531.jsonl
C0,627,626,0.562287175655365,0.0001,9.127481216564775,5070.686294882558,46933773312,48062529536,nexus_2k_001536;nexus_2k_000952;nexus_2k_001216;nexus_2k_000280;nexus_2k_000898,snapshot/c0/run/updates-from0000500-1791289673635578531.jsonl
C0,628,627,0.6621546804904938,0.0001,7.622147340327501,5078.309036612511,46940775424,48062529536,nexus_2k_001178;nexus_2k_000242;nexus_2k_001825;nexus_2k_001577;nexus_2k_000815,snapshot/c0/run/updates-from0000500-1791289673635578531.jsonl
C0,629,628,0.3764369785785675,0.0001,8.284498492255807,5086.595097942278,46943335424,48062529536,nexus_2k_001439;nexus_2k_001232;nexus_2k_000447;nexus_2k_001550;nexus_2k_001317,snapshot/c0/run/updates-from0000500-1791289673635578531.jsonl
C0,630,629,0.38463065028190613,0.0001,8.773621861822903,5095.369217574596,46930785280,48062529536,nexus_2k_001093;nexus_2k_001716;nexus_2k_001483;nexus_2k_000869;nexus_2k_001792,snapshot/c0/run/updates-from0000500-1791289673635578531.jsonl
C0,631,630,0.45623813271522523,0.0001,7.509718729183078,5102.879587695003,46941123584,48062529536,nexus_2k_001178;nexus_2k_000074;nexus_2k_001439;nexus_2k_000346;nexus_2k_000167,snapshot/c0/run/updates-from0000500-1791289673635578531.jsonl
C0,632,631,0.398353511095047,0.0001,5.452404419891536,5108.332502759993,46925452288,48062529536,nexus_2k_001179;nexus_2k_000952;nexus_2k_000242;nexus_2k_001577;nexus_2k_000519,snapshot/c0/run/updates-from0000500-1791289673635578531.jsonl
C0,633,632,0.519235897064209,0.0001,6.237552392296493,5114.571893115528,46924649472,48062529536,nexus_2k_001216;nexus_2k_000935;nexus_2k_001716;nexus_2k_001087;nexus_2k_000840,snapshot/c0/run/updates-from0000500-1791289673635578531.jsonl
C0,634,633,0.552336823940277,0.0001,6.726494266651571,5121.299834460951,46925210624,48062529536,nexus_2k_001780;nexus_2k_000898;nexus_2k_000823;nexus_2k_001692;nexus_2k_001150,snapshot/c0/run/updates-from0000500-1791289673635578531.jsonl
C0,635,634,0.4011080801486969,0.0001,7.890116482973099,5129.190595946275,46950726656,48062529536,nexus_2k_000815;nexus_2k_000020;nexus_2k_001825;nexus_2k_000872;nexus_2k_001211,snapshot/c0/run/updates-from0000500-1791289673635578531.jsonl
C0,636,635,0.47785016894340515,0.0001,8.303522823378444,5137.494615458883,46936488960,48062529536,nexus_2k_000800;nexus_2k_001550;nexus_2k_000796;nexus_2k_001792;nexus_2k_000283,snapshot/c0/run/updates-from0000500-1791289673635578531.jsonl
C0,637,636,0.39144082069396974,0.0001,7.859068574383855,5145.354278894141,46933603328,48062529536,nexus_2k_000869;nexus_2k_000084;nexus_2k_000083;nexus_2k_000675;nexus_2k_001483,snapshot/c0/run/updates-from0000500-1791289673635578531.jsonl
C0,638,637,0.44588189721107485,0.0001,9.048596081323922,5154.403374171816,46936269824,48062529536,nexus_2k_001415;nexus_2k_001843;nexus_2k_001232;nexus_2k_000142;nexus_2k_000783,snapshot/c0/run/updates-from0000500-1791289673635578531.jsonl
C0,639,638,0.5436344146728516,0.0001,5.1949290139600635,5159.598785906099,46923551744,48062529536,nexus_2k_001317;nexus_2k_001045;nexus_2k_000118;nexus_2k_000447;nexus_2k_000053,snapshot/c0/run/updates-from0000500-1791289673635578531.jsonl
C0,640,639,0.4551193594932556,0.0001,7.596714493818581,5167.195894733071,46929728512,48062529536,nexus_2k_001085;nexus_2k_000280;nexus_2k_001093;nexus_2k_001331;nexus_2k_001536,snapshot/c0/run/updates-from0000500-1791289673635578531.jsonl
C0,641,640,0.4487276017665863,0.0001,5.210837919265032,5172.407297763042,46939943936,48062529536,nexus_2k_001439;nexus_2k_000053;nexus_2k_000118;nexus_2k_000020;nexus_2k_000519,snapshot/c0/run/updates-from0000500-1791289673635578531.jsonl
C0,642,641,0.44485908150672915,0.0001,7.201853768900037,5179.60960499756,46925300736,48062529536,nexus_2k_001317;nexus_2k_001415;nexus_2k_000796;nexus_2k_000872;nexus_2k_000142,snapshot/c0/run/updates-from0000500-1791289673635578531.jsonl
C0,643,642,0.44892566800117495,0.0001,7.846108667552471,5187.456197540276,46926795776,48062529536,nexus_2k_000675;nexus_2k_000283;nexus_2k_001232;nexus_2k_001577;nexus_2k_001216,snapshot/c0/run/updates-from0000500-1791289673635578531.jsonl
C0,644,643,0.4999752342700958,0.0001,6.8055178029462695,5194.263016896322,46925857792,48062529536,nexus_2k_000074;nexus_2k_000952;nexus_2k_000823;nexus_2k_000083;nexus_2k_000242,snapshot/c0/run/updates-from0000500-1791289673635578531.jsonl
C0,645,644,0.4943245887756348,0.0001,7.0365808848291636,5201.300110743381,46929769472,48062529536,nexus_2k_001692;nexus_2k_001780;nexus_2k_000898;nexus_2k_000447;nexus_2k_001178,snapshot/c0/run/updates-from0000500-1791289673635578531.jsonl
C0,646,645,0.5818282663822174,0.0001,7.191556223668158,5208.492273973301,46929290240,48062529536,nexus_2k_000840;nexus_2k_000869;nexus_2k_001716;nexus_2k_001550;nexus_2k_000815,snapshot/c0/run/updates-from0000500-1791289673635578531.jsonl
C0,647,646,0.38623416125774385,0.0001,5.63879469037056,5214.131623679772,46928442368,48062529536,nexus_2k_001085;nexus_2k_001536;nexus_2k_001045;nexus_2k_000800;nexus_2k_001843,snapshot/c0/run/updates-from0000500-1791289673635578531.jsonl
C0,648,647,0.6139886915683747,0.0001,7.502226531505585,5221.634386143647,46926363648,48062529536,nexus_2k_001093;nexus_2k_001331;nexus_2k_001087;nexus_2k_000280;nexus_2k_001179,snapshot/c0/run/updates-from0000500-1791289673635578531.jsonl
C0,649,648,0.4197075545787811,0.0001,8.542413545772433,5230.177235806361,46950800384,48062529536,nexus_2k_000935;nexus_2k_001211;nexus_2k_001825;nexus_2k_001792;nexus_2k_000084,snapshot/c0/run/updates-from0000500-1791289673635578531.jsonl
C0,650,649,0.39844645857810973,0.0001,8.14594478905201,5238.324060517363,46944695296,48062529536,nexus_2k_001483;nexus_2k_001150;nexus_2k_000783;nexus_2k_000167;nexus_2k_000346,snapshot/c0/run/updates-from0000500-1791289673635578531.jsonl
C0,651,650,0.37069269418716433,0.0001,7.047847166657448,5245.37235697452,46927795200,48062529536,nexus_2k_001093;nexus_2k_000084;nexus_2k_001780;nexus_2k_000935;nexus_2k_001216,snapshot/c0/run/updates-from0000500-1791289673635578531.jsonl
C0,652,651,0.4761766195297241,0.0001,7.2595023373141885,5252.632369253784,46939026432,48062529536,nexus_2k_001178;nexus_2k_000815;nexus_2k_001439;nexus_2k_001179;nexus_2k_000823,snapshot/c0/run/updates-from0000500-1791289673635578531.jsonl
C0,653,652,0.3284019768238068,0.0001,7.325330161489546,5259.958259159699,46929826816,48062529536,nexus_2k_001045;nexus_2k_000118;nexus_2k_000083;nexus_2k_000142;nexus_2k_001317,snapshot/c0/run/updates-from0000500-1791289673635578531.jsonl
C0,654,653,0.37444843649864196,0.0001,6.534911382012069,5266.493850948289,46927795200,48062529536,nexus_2k_000447;nexus_2k_000167;nexus_2k_001087;nexus_2k_000346;nexus_2k_000872,snapshot/c0/run/updates-from0000500-1791289673635578531.jsonl
C0,655,654,0.48570476174354554,0.0001,5.337267450988293,5271.831725703552,46926373888,48062529536,nexus_2k_001716;nexus_2k_000840;nexus_2k_001550;nexus_2k_001843;nexus_2k_000675,snapshot/c0/run/updates-from0000500-1791289673635578531.jsonl
C0,656,655,0.3680423259735107,0.0001,7.2126107113435864,5279.044776337221,46924350464,48062529536,nexus_2k_000074;nexus_2k_000280;nexus_2k_000783;nexus_2k_000519;nexus_2k_000020,snapshot/c0/run/updates-from0000500-1791289673635578531.jsonl
C0,657,656,0.4706590175628662,0.0001,7.513810154050589,5286.559318440035,46930908160,48062529536,nexus_2k_001692;nexus_2k_001232;nexus_2k_001150;nexus_2k_001536;nexus_2k_000800,snapshot/c0/run/updates-from0000500-1791289673635578531.jsonl
C0,658,657,0.3549137353897095,0.0001,6.41833917889744,5292.97848385293,46923674624,48062529536,nexus_2k_000952;nexus_2k_001331;nexus_2k_001577;nexus_2k_001825;nexus_2k_000796,snapshot/c0/run/updates-from0000500-1791289673635578531.jsonl
C0,659,658,0.417077374458313,0.0001,9.607397549785674,5302.5864431690425,46932704256,48062529536,nexus_2k_000869;nexus_2k_001792;nexus_2k_000242;nexus_2k_000898;nexus_2k_001415,snapshot/c0/run/updates-from0000500-1791289673635578531.jsonl
C0,660,659,0.5518555521965027,0.0001,7.251745239831507,5309.838624837808,46930907136,48062529536,nexus_2k_000053;nexus_2k_001085;nexus_2k_001211;nexus_2k_000283;nexus_2k_001483,snapshot/c0/run/updates-from0000500-1791289673635578531.jsonl
C0,661,660,0.35485894680023194,0.0001,6.938837009482086,5316.777911964804,46927954944,48062529536,nexus_2k_000074;nexus_2k_000346;nexus_2k_000952;nexus_2k_000283;nexus_2k_001439,snapshot/c0/run/updates-from0000500-1791289673635578531.jsonl
C0,662,661,0.359777045249939,0.0001,5.6354875061661005,5322.413867670111,46929892352,48062529536,nexus_2k_000084;nexus_2k_001085;nexus_2k_001045;nexus_2k_000675;nexus_2k_001211,snapshot/c0/run/updates-from0000500-1791289673635578531.jsonl
C0,663,662,0.5008129000663757,0.0001,5.87324302829802,5328.287698893808,46926672896,48062529536,nexus_2k_000118;nexus_2k_001178;nexus_2k_000142;nexus_2k_000796;nexus_2k_001780,snapshot/c0/run/updates-from0000500-1791289673635578531.jsonl
C0,664,663,0.42690902948379517,0.0001,7.173351122997701,5335.461508138105,46932487168,48062529536,nexus_2k_001415;nexus_2k_000242;nexus_2k_000898;nexus_2k_001843;nexus_2k_001179,snapshot/c0/run/updates-from0000500-1791289673635578531.jsonl
C0,665,664,0.5190485894680024,0.0001,9.945829140022397,5345.407889152877,46929097728,48062529536,nexus_2k_000167;nexus_2k_000869;nexus_2k_000872;nexus_2k_000800;nexus_2k_000783,snapshot/c0/run/updates-from0000500-1791289673635578531.jsonl
C0,666,665,0.5240334630012512,0.0001,7.6544701205566525,5353.062795071863,46932644864,48062529536,nexus_2k_001536;nexus_2k_001093;nexus_2k_000053;nexus_2k_001216;nexus_2k_000083,snapshot/c0/run/updates-from0000500-1791289673635578531.jsonl
C0,667,666,0.41754541397094724,0.0001,5.080810632556677,5358.144107126631,46926124032,48062529536,nexus_2k_000840;nexus_2k_001577;nexus_2k_001716;nexus_2k_000020;nexus_2k_000447,snapshot/c0/run/updates-from0000500-1791289673635578531.jsonl
C0,668,667,0.4750325620174408,0.0001,10.200776156038046,5368.345463075675,46927463424,48062529536,nexus_2k_001317;nexus_2k_000815;nexus_2k_001792;nexus_2k_001825;nexus_2k_001232,snapshot/c0/run/updates-from0000500-1791289673635578531.jsonl
C0,669,668,0.3101100265979767,0.0001,6.680233210325241,5375.027078003623,46924045312,48062529536,nexus_2k_001550;nexus_2k_001087;nexus_2k_001331;nexus_2k_000280;nexus_2k_001692,snapshot/c0/run/updates-from0000500-1791289673635578531.jsonl
C0,670,669,0.4603558719158173,0.0001,6.2408462623134255,5381.26833860483,46924403712,48062529536,nexus_2k_001150;nexus_2k_000935;nexus_2k_001483;nexus_2k_000823;nexus_2k_000519,snapshot/c0/run/updates-from0000500-1791289673635578531.jsonl
C0,671,670,0.5637840926647186,0.0001,8.044880202040076,5389.313663853332,46929998848,48062529536,nexus_2k_001577;nexus_2k_001211;nexus_2k_001179;nexus_2k_000898;nexus_2k_001550,snapshot/c0/run/updates-from0000500-1791289673635578531.jsonl
C0,672,671,0.41592709720134735,0.0001,7.205248107202351,5396.519363596104,46929826816,48062529536,nexus_2k_001045;nexus_2k_000447;nexus_2k_000118;nexus_2k_001232;nexus_2k_001093,snapshot/c0/run/updates-from0000500-1791289673635578531.jsonl
C0,673,672,0.3178703010082245,0.0001,7.859910550527275,5404.380313236266,46925034496,48062529536,nexus_2k_000783;nexus_2k_000872;nexus_2k_000280;nexus_2k_000519;nexus_2k_001843,snapshot/c0/run/updates-from0000500-1791289673635578531.jsonl
C0,674,673,0.3099934458732605,0.0001,6.8555688839405775,5411.237246412784,46927954944,48062529536,nexus_2k_000074;nexus_2k_000346;nexus_2k_000084;nexus_2k_000869;nexus_2k_000167,snapshot/c0/run/updates-from0000500-1791289673635578531.jsonl
C0,675,674,0.46921793222427366,0.0001,6.564838819205761,5417.802781427279,46930375680,48062529536,nexus_2k_000242;nexus_2k_001331;nexus_2k_000952;nexus_2k_000796;nexus_2k_000283,snapshot/c0/run/updates-from0000500-1791289673635578531.jsonl
C0,676,675,0.4494178593158722,0.0001,6.796645549125969,5424.600248533301,46945174528,48062529536,nexus_2k_001483;nexus_2k_000020;nexus_2k_000815;nexus_2k_001825;nexus_2k_001087,snapshot/c0/run/updates-from0000500-1791289673635578531.jsonl
C0,677,676,0.5393289566040039,0.0001,8.424800197593868,5433.025556397624,46929638400,48062529536,nexus_2k_000840;nexus_2k_001178;nexus_2k_001216;nexus_2k_000083;nexus_2k_000800,snapshot/c0/run/updates-from0000500-1791289673635578531.jsonl
C0,678,677,0.31859191954135896,0.0001,6.784166533499956,5439.811058273539,46925210624,48062529536,nexus_2k_001780;nexus_2k_000935;nexus_2k_000053;nexus_2k_001439;nexus_2k_001150,snapshot/c0/run/updates-from0000500-1791289673635578531.jsonl
C0,679,678,0.3184866189956665,0.0001,5.890971191227436,5445.70250408072,46927868928,48062529536,nexus_2k_000675;nexus_2k_001085;nexus_2k_000823;nexus_2k_001536;nexus_2k_001317,snapshot/c0/run/updates-from0000500-1791289673635578531.jsonl
C0,680,679,0.45938324332237246,0.0001,7.3014305448159575,5453.004381192848,46924583936,48062529536,nexus_2k_001716;nexus_2k_001415;nexus_2k_001792;nexus_2k_000142;nexus_2k_001692,snapshot/c0/run/updates-from0000500-1791289673635578531.jsonl
C0,681,680,0.3578411936759949,0.0001,5.230033063329756,5458.235354740173,46925587456,48062529536,nexus_2k_001550;nexus_2k_001179;nexus_2k_001087;nexus_2k_000084;nexus_2k_001577,snapshot/c0/run/updates-from0000500-1791289673635578531.jsonl
C0,682,681,0.5060318827629089,0.0001,8.125498204492033,5466.361498902552,46926746624,48062529536,nexus_2k_000783;nexus_2k_001093;nexus_2k_001317;nexus_2k_000447;nexus_2k_000242,snapshot/c0/run/updates-from0000500-1791289673635578531.jsonl
C0,683,682,0.32395614087581637,0.0001,6.807223075069487,5473.169291247614,46929841152,48062529536,nexus_2k_000142;nexus_2k_001045;nexus_2k_000952;nexus_2k_000346;nexus_2k_000083,snapshot/c0/run/updates-from0000500-1791289673635578531.jsonl
C0,684,683,0.5396267890930175,0.0001,7.509599267505109,5480.679415839724,46927148032,48062529536,nexus_2k_001216;nexus_2k_001716;nexus_2k_001211;nexus_2k_000053;nexus_2k_001792,snapshot/c0/run/updates-from0000500-1791289673635578531.jsonl
C0,685,684,0.5661000430583953,0.0001,6.410628028213978,5487.091285536066,46927074304,48062529536,nexus_2k_001780;nexus_2k_001150;nexus_2k_000872;nexus_2k_001415;nexus_2k_000840,snapshot/c0/run/updates-from0000500-1791289673635578531.jsonl
C0,686,685,0.34210938811302183,0.0001,8.248119303025305,5495.339992866851,46930547712,48062529536,nexus_2k_001536;nexus_2k_000869;nexus_2k_001483;nexus_2k_000898;nexus_2k_000823,snapshot/c0/run/updates-from0000500-1791289673635578531.jsonl
C0,687,686,0.49836031198501585,0.0001,7.459844041615725,5502.800689253956,46925440000,48062529536,nexus_2k_000167;nexus_2k_001692;nexus_2k_001331;nexus_2k_000800;nexus_2k_000074,snapshot/c0/run/updates-from0000500-1791289673635578531.jsonl
C0,688,687,0.6082548260688782,0.0001,7.862850268371403,5510.664393428713,46942061568,48062529536,nexus_2k_000283;nexus_2k_001439;nexus_2k_000796;nexus_2k_000118;nexus_2k_001232,snapshot/c0/run/updates-from0000500-1791289673635578531.jsonl
C0,689,688,0.31317779421806335,0.0001,7.38147051166743,5518.046751940623,46950923264,48062529536,nexus_2k_000935;nexus_2k_000280;nexus_2k_001825;nexus_2k_000020;nexus_2k_001843,snapshot/c0/run/updates-from0000500-1791289673635578531.jsonl
C0,690,689,0.5517032027244568,0.0001,6.339740492403507,5524.387060116045,46947781632,48062529536,nexus_2k_000815;nexus_2k_001085;nexus_2k_000675;nexus_2k_001178;nexus_2k_000519,snapshot/c0/run/updates-from0000500-1791289673635578531.jsonl
C0,691,690,0.33428522050380705,0.0001,8.549229732714593,5532.936888665892,46950923264,48062529536,nexus_2k_000935;nexus_2k_000083;nexus_2k_001178;nexus_2k_001483;nexus_2k_001843,snapshot/c0/run/updates-from0000500-1791289673635578531.jsonl
C0,692,691,0.6446296215057373,0.0001,6.694560745730996,5539.632762098685,46923367424,48062529536,nexus_2k_001825;nexus_2k_001179;nexus_2k_001232;nexus_2k_000796;nexus_2k_000118,snapshot/c0/run/updates-from0000500-1791289673635578531.jsonl
C0,693,692,0.5374886572360993,0.0001,8.03288385272026,5547.666184396483,46931020800,48062529536,nexus_2k_000084;nexus_2k_001577;nexus_2k_000053;nexus_2k_001093;nexus_2k_000898,snapshot/c0/run/updates-from0000500-1791289673635578531.jsonl
C0,694,693,0.4393533766269684,0.0001,6.454918818548322,5554.12153187301,46927176704,48062529536,nexus_2k_001692;nexus_2k_001550;nexus_2k_000840;nexus_2k_000280;nexus_2k_001085,snapshot/c0/run/updates-from0000500-1791289673635578531.jsonl
C0,695,694,0.38580215275287627,0.0001,7.1975882183760405,5561.319648947567,46933558272,48062529536,nexus_2k_001211;nexus_2k_001331;nexus_2k_000447;nexus_2k_000800;nexus_2k_000020,snapshot/c0/run/updates-from0000500-1791289673635578531.jsonl
C0,696,695,0.5688828468322754,0.0001,8.338541089557111,5569.658860322088,46929558528,48062529536,nexus_2k_001792;nexus_2k_001439;nexus_2k_001087;nexus_2k_000242;nexus_2k_000167,snapshot/c0/run/updates-from0000500-1791289673635578531.jsonl
C0,697,696,0.36835315227508547,0.0001,6.91731879953295,5576.577516578138,46925016064,48062529536,nexus_2k_000952;nexus_2k_000519;nexus_2k_000783;nexus_2k_001045;nexus_2k_001536,snapshot/c0/run/updates-from0000500-1791289673635578531.jsonl
C0,698,697,0.49978203773498536,0.0001,7.194421854801476,5583.772963073105,46927744000,48062529536,nexus_2k_000142;nexus_2k_000283;nexus_2k_000815;nexus_2k_001780;nexus_2k_001216,snapshot/c0/run/updates-from0000500-1791289673635578531.jsonl
C0,699,698,0.4915776431560516,0.0001,7.029592782258987,5590.803049862385,46927868928,48062529536,nexus_2k_000675;nexus_2k_001716;nexus_2k_001415;nexus_2k_000869;nexus_2k_000872,snapshot/c0/run/updates-from0000500-1791289673635578531.jsonl
C0,700,699,0.3505358934402466,0.0001,5.551358071155846,5596.354926696047,46929892352,48062529536,nexus_2k_000346;nexus_2k_001150;nexus_2k_000074;nexus_2k_000823;nexus_2k_001317,snapshot/c0/run/updates-from0000500-1791289673635578531.jsonl
C0,701,700,0.3809390485286713,0.0001,7.19647656660527,5686.150036192499,46930779136,48062529536,nexus_2k_001536;nexus_2k_000447;nexus_2k_000815;nexus_2k_001825;nexus_2k_001550,snapshot/c0/run/updates-from0000500-1791289673635578531.jsonl
C0,702,701,0.42562841176986693,0.0001,5.953303490765393,5692.10412046127,46925308928,48062529536,nexus_2k_000872;nexus_2k_001178;nexus_2k_001843;nexus_2k_001085;nexus_2k_001045,snapshot/c0/run/updates-from0000500-1791289673635578531.jsonl
C0,703,702,0.45700831711292267,0.0001,8.755537302233279,5700.860136125237,46926746624,48062529536,nexus_2k_000083;nexus_2k_000020;nexus_2k_001216;nexus_2k_001232;nexus_2k_001317,snapshot/c0/run/updates-from0000500-1791289673635578531.jsonl
C0,704,703,0.5104848980903626,0.0001,7.868306973949075,5708.728914783336,46931612672,48062529536,nexus_2k_000242;nexus_2k_001439;nexus_2k_000823;nexus_2k_000869;nexus_2k_001792,snapshot/c0/run/updates-from0000500-1791289673635578531.jsonl
C0,705,704,0.4574297845363617,0.0001,8.503918565809727,5717.233303149231,46929638400,48062529536,nexus_2k_000840;nexus_2k_000898;nexus_2k_000283;nexus_2k_001577;nexus_2k_001483,snapshot/c0/run/updates-from0000500-1791289673635578531.jsonl
C0,706,705,0.3587928056716919,0.0001,6.044278098270297,5723.278801642358,46930908160,48062529536,nexus_2k_001692;nexus_2k_000053;nexus_2k_001179;nexus_2k_000346;nexus_2k_000167,snapshot/c0/run/updates-from0000500-1791289673635578531.jsonl
C0,707,706,0.3837769627571106,0.0001,6.2004259172827005,5729.479804822244,46930465792,48062529536,nexus_2k_000118;nexus_2k_000519;nexus_2k_001150;nexus_2k_001087;nexus_2k_000280,snapshot/c0/run/updates-from0000500-1791289673635578531.jsonl
C0,708,707,0.3775380551815033,0.0001,8.401845476590097,5737.882151386701,46936417280,48062529536,nexus_2k_000800;nexus_2k_000796;nexus_2k_001331;nexus_2k_001211;nexus_2k_001415,snapshot/c0/run/updates-from0000500-1791289673635578531.jsonl
C0,709,708,0.5583020985126496,0.0001,7.122298317961395,5745.004838462919,46928471040,48062529536,nexus_2k_001716;nexus_2k_000074;nexus_2k_000783;nexus_2k_000675;nexus_2k_001093,snapshot/c0/run/updates-from0000500-1791289673635578531.jsonl
C0,710,709,0.43707469701766966,0.0001,6.288192656822503,5751.293850759976,46926099456,48062529536,nexus_2k_000084;nexus_2k_000142;nexus_2k_000952;nexus_2k_000935;nexus_2k_001780,snapshot/c0/run/updates-from0000500-1791289673635578531.jsonl
C0,711,710,0.49965556263923644,0.0001,6.402275615371764,5757.696482459083,46922736640,48062529536,nexus_2k_001825;nexus_2k_001536;nexus_2k_000519;nexus_2k_001093;nexus_2k_001045,snapshot/c0/run/updates-from0000500-1791289673635578531.jsonl
C0,712,711,0.7247389853000641,0.0001,7.340129604563117,5765.037072685547,46927455232,48062529536,nexus_2k_001692;nexus_2k_000815;nexus_2k_001439;nexus_2k_000800;nexus_2k_000118,snapshot/c0/run/updates-from0000500-1791289673635578531.jsonl
C0,713,712,0.42353684902191163,0.0001,8.516225922852755,5773.553675352596,46927459328,48062529536,nexus_2k_000952;nexus_2k_000020;nexus_2k_001178;nexus_2k_001232;nexus_2k_001415,snapshot/c0/run/updates-from0000500-1791289673635578531.jsonl
C0,714,713,0.35039663314819336,0.0001,6.3416515020653605,5779.895776065998,46927744000,48062529536,nexus_2k_000142;nexus_2k_000447;nexus_2k_001211;nexus_2k_001843;nexus_2k_001216,snapshot/c0/run/updates-from0000500-1791289673635578531.jsonl
C0,715,714,0.4320180743932724,0.0001,4.834612707607448,5784.731134827249,46924010496,48062529536,nexus_2k_001150;nexus_2k_000074;nexus_2k_001331;nexus_2k_001085;nexus_2k_000796,snapshot/c0/run/updates-from0000500-1791289673635578531.jsonl
C0,716,715,0.5016615927219391,0.0001,7.306671172380447,5792.038535894826,46953905152,48062529536,nexus_2k_000935;nexus_2k_001550;nexus_2k_000242;nexus_2k_001577;nexus_2k_000283,snapshot/c0/run/updates-from0000500-1791289673635578531.jsonl
C0,717,716,0.3610748052597046,0.0001,10.123388043604791,5802.162690733559,46929564672,48062529536,nexus_2k_001780;nexus_2k_000083;nexus_2k_000783;nexus_2k_000280;nexus_2k_001792,snapshot/c0/run/updates-from0000500-1791289673635578531.jsonl
C0,718,717,0.31512532830238343,0.0001,5.786972486414015,5807.950266431086,46928536576,48062529536,nexus_2k_000823;nexus_2k_001317;nexus_2k_000346;nexus_2k_000675;nexus_2k_000840,snapshot/c0/run/updates-from0000500-1791289673635578531.jsonl
C0,719,718,0.6374261975288391,0.0001,5.920172254554927,5813.871088647284,46926746624,48062529536,nexus_2k_001179;nexus_2k_001087;nexus_2k_001716;nexus_2k_000869;nexus_2k_000872,snapshot/c0/run/updates-from0000500-1791289673635578531.jsonl
C0,720,719,0.3474964678287506,0.0001,8.36997591610998,5822.241608869284,46924182528,48062529536,nexus_2k_000898;nexus_2k_001483;nexus_2k_000167;nexus_2k_000053;nexus_2k_000084,snapshot/c0/run/updates-from0000500-1791289673635578531.jsonl
C0,721,720,0.29370355010032656,0.0001,6.350652301684022,5828.592950898223,46930154496,48062529536,nexus_2k_001085;nexus_2k_000840;nexus_2k_000815;nexus_2k_000823;nexus_2k_001577,snapshot/c0/run/updates-from0000500-1791289673635578531.jsonl
C0,722,721,0.3926681846380234,0.0001,7.6978667406365275,5836.291894918308,46930908160,48062529536,nexus_2k_001692;nexus_2k_001232;nexus_2k_001178;nexus_2k_000346;nexus_2k_001317,snapshot/c0/run/updates-from0000500-1791289673635578531.jsonl
C0,723,722,0.5285139381885529,0.0001,7.546581917442381,5843.839293080382,46926820352,48062529536,nexus_2k_001825;nexus_2k_001780;nexus_2k_001331;nexus_2k_001211;nexus_2k_000283,snapshot/c0/run/updates-from0000500-1791289673635578531.jsonl
C0,724,723,0.38150855600833894,0.0001,6.526364199817181,5850.3660961976275,46930464768,48062529536,nexus_2k_000118;nexus_2k_001045;nexus_2k_000242;nexus_2k_000142;nexus_2k_000783,snapshot/c0/run/updates-from0000500-1791289673635578531.jsonl
C0,725,724,0.4923918068408966,0.0001,6.123250162228942,5856.490593918599,46929392640,48062529536,nexus_2k_000872;nexus_2k_000053;nexus_2k_001716;nexus_2k_000020;nexus_2k_001483,snapshot/c0/run/updates-from0000500-1791289673635578531.jsonl
C0,726,725,0.5427086472511291,0.0001,8.026295489631593,5864.517475685105,46924585984,48062529536,nexus_2k_000898;nexus_2k_001216;nexus_2k_000167;nexus_2k_001150;nexus_2k_001179,snapshot/c0/run/updates-from0000500-1791289673635578531.jsonl
C0,727,726,0.40697029829025266,0.0001,6.862669674679637,5871.380593493581,46955662336,48062529536,nexus_2k_000935;nexus_2k_001843;nexus_2k_000675;nexus_2k_000519;nexus_2k_000083,snapshot/c0/run/updates-from0000500-1791289673635578531.jsonl
C0,728,727,0.3857798397541046,0.0001,8.540989351458848,5879.922224067152,46924911616,48062529536,nexus_2k_000280;nexus_2k_001550;nexus_2k_001792;nexus_2k_000869;nexus_2k_000084,snapshot/c0/run/updates-from0000500-1791289673635578531.jsonl
C0,729,728,0.3722439110279083,0.0001,5.78541729785502,5885.708910499699,46932501504,48062529536,nexus_2k_001415;nexus_2k_001087;nexus_2k_000796;nexus_2k_001536;nexus_2k_000447,snapshot/c0/run/updates-from0000500-1791289673635578531.jsonl
C0,730,729,0.34771942496299746,0.0001,8.267487183213234,5893.976839765906,46937316352,48062529536,nexus_2k_000800;nexus_2k_000952;nexus_2k_000074;nexus_2k_001093;nexus_2k_001439,snapshot/c0/run/updates-from0000500-1791289673635578531.jsonl
C0,731,730,0.5067684412002563,0.0001,9.056038402952254,5903.033315798268,46929998848,48062529536,nexus_2k_001577;nexus_2k_000783;nexus_2k_000167;nexus_2k_000815;nexus_2k_001331,snapshot/c0/run/updates-from0000500-1791289673635578531.jsonl
C0,732,731,0.4963781714439392,0.0001,7.2005780236795545,5910.234880571254,46925644800,48062529536,nexus_2k_001232;nexus_2k_000952;nexus_2k_001692;nexus_2k_001179;nexus_2k_001716,snapshot/c0/run/updates-from0000500-1791289673635578531.jsonl
C0,733,732,0.5043444395065307,0.0001,7.38196288049221,5917.617480722256,46925591552,48062529536,nexus_2k_000872;nexus_2k_000898;nexus_2k_000084;nexus_2k_001550;nexus_2k_000346,snapshot/c0/run/updates-from0000500-1791289673635578531.jsonl
C0,734,733,0.5750204503536225,0.0001,7.874118824489415,5925.492230447009,46941123584,48062529536,nexus_2k_001178;nexus_2k_000283;nexus_2k_001439;nexus_2k_001780;nexus_2k_000869,snapshot/c0/run/updates-from0000500-1791289673635578531.jsonl
C0,735,734,0.4686803072690964,0.0001,6.194025193341076,5931.687218496576,46926375424,48062529536,nexus_2k_000519;nexus_2k_001825;nexus_2k_001150;nexus_2k_001415;nexus_2k_000823,snapshot/c0/run/updates-from0000500-1791289673635578531.jsonl
C0,736,735,0.37479093074798586,0.0001,6.656889637000859,5938.344881027937,46925521920,48062529536,nexus_2k_000083;nexus_2k_000074;nexus_2k_001216;nexus_2k_000053;nexus_2k_001087,snapshot/c0/run/updates-from0000500-1791289673635578531.jsonl
C0,737,736,0.34932824075222013,0.0001,5.9165758257731795,5944.261901099235,46926644224,48062529536,nexus_2k_000242;nexus_2k_000447;nexus_2k_000675;nexus_2k_001093;nexus_2k_001085,snapshot/c0/run/updates-from0000500-1791289673635578531.jsonl
C0,738,737,0.379947754740715,0.0001,5.724378675222397,5949.986765793525,46933378048,48062529536,nexus_2k_001211;nexus_2k_001045;nexus_2k_001843;nexus_2k_001536;nexus_2k_000796,snapshot/c0/run/updates-from0000500-1791289673635578531.jsonl
C0,739,738,0.3752311408519745,0.0001,8.596103708259761,5958.583361329511,46948496384,48062529536,nexus_2k_001483;nexus_2k_000142;nexus_2k_000020;nexus_2k_001792;nexus_2k_000280,snapshot/c0/run/updates-from0000500-1791289673635578531.jsonl
C0,740,739,0.4934678077697754,0.0001,7.920801828615367,5966.50462991558,46924649472,48062529536,nexus_2k_001317;nexus_2k_000935;nexus_2k_000118;nexus_2k_000800;nexus_2k_000840,snapshot/c0/run/updates-from0000500-1791289673635578531.jsonl
C0,741,740,0.3657891392707825,0.0001,7.277922403998673,5973.783806175925,46938055680,48062529536,nexus_2k_001211;nexus_2k_000242;nexus_2k_001843;nexus_2k_000519;nexus_2k_001792,snapshot/c0/run/updates-from0000500-1791289673635578531.jsonl
C0,742,741,0.5280906558036804,0.0001,7.405841734260321,5981.190086082555,46929826816,48062529536,nexus_2k_001045;nexus_2k_001780;nexus_2k_000020;nexus_2k_001232;nexus_2k_000280,snapshot/c0/run/updates-from0000500-1791289673635578531.jsonl
C0,743,742,0.4156387627124786,0.0001,6.861505165696144,5988.05231038481,46927967232,48062529536,nexus_2k_001093;nexus_2k_001331;nexus_2k_000074;nexus_2k_000447;nexus_2k_001317,snapshot/c0/run/updates-from0000500-1791289673635578531.jsonl
C0,744,743,0.37012154459953306,0.0001,7.306057027541101,5995.35964082554,46925390848,48062529536,nexus_2k_000167;nexus_2k_001216;nexus_2k_000796;nexus_2k_001415;nexus_2k_000118,snapshot/c0/run/updates-from0000500-1791289673635578531.jsonl
C0,745,744,0.5190266013145447,0.0001,6.502767723985016,6001.863302285783,46924045312,48062529536,nexus_2k_001550;nexus_2k_000869;nexus_2k_000142;nexus_2k_001536;nexus_2k_001692,snapshot/c0/run/updates-from0000500-1791289673635578531.jsonl
C0,746,745,0.46425958871841433,0.0001,6.040591358207166,6007.904494632967,46925734912,48062529536,nexus_2k_000084;nexus_2k_000840;nexus_2k_000815;nexus_2k_001577;nexus_2k_001150,snapshot/c0/run/updates-from0000500-1791289673635578531.jsonl
C0,747,746,0.5267304360866547,0.0001,6.160647061653435,6014.06630546879,46926984192,48062529536,nexus_2k_000346;nexus_2k_001087;nexus_2k_001483;nexus_2k_000952;nexus_2k_001716,snapshot/c0/run/updates-from0000500-1791289673635578531.jsonl
C0,748,747,0.469279408454895,0.0001,9.162430111318827,6023.229998299852,46927832064,48062529536,nexus_2k_000783;nexus_2k_000935;nexus_2k_000800;nexus_2k_000872;nexus_2k_001825,snapshot/c0/run/updates-from0000500-1791289673635578531.jsonl
C0,749,748,0.6012694656848907,0.0001,6.9959309957921505,6030.226402181201,46939603968,48062529536,nexus_2k_001439;nexus_2k_001178;nexus_2k_000283;nexus_2k_000053;nexus_2k_001085,snapshot/c0/run/updates-from0000500-1791289673635578531.jsonl
C0,750,749,0.46003364622592924,0.0001,7.780249826610088,6038.007171259262,46928972800,48062529536,nexus_2k_000675;nexus_2k_000083;nexus_2k_001179;nexus_2k_000823;nexus_2k_000898,snapshot/c0/run/updates-from0000500-1791289673635578531.jsonl
C0,751,750,0.38971412777900694,0.0001,7.86251253914088,6045.870937952772,46929841152,48062529536,nexus_2k_000142;nexus_2k_000872;nexus_2k_001439;nexus_2k_000242;nexus_2k_001093,snapshot/c0/run/updates-from0000500-1791289673635578531.jsonl
C0,752,751,0.3772407054901123,0.0001,6.557714615948498,6052.429499206133,46928471040,48062529536,nexus_2k_001716;nexus_2k_001577;nexus_2k_001317;nexus_2k_001780;nexus_2k_001415,snapshot/c0/run/updates-from0000500-1791289673635578531.jsonl
C0,753,752,0.38493462204933165,0.0001,9.751528045162559,6062.182009465992,46927666176,48062529536,nexus_2k_000898;nexus_2k_000083;nexus_2k_001483;nexus_2k_000675;nexus_2k_000800,snapshot/c0/run/updates-from0000500-1791289673635578531.jsonl
C0,754,753,0.36490980684757235,0.0001,5.713828216306865,6067.896361248568,46930387968,48062529536,nexus_2k_000118;nexus_2k_001150;nexus_2k_001085;nexus_2k_000823;nexus_2k_000935,snapshot/c0/run/updates-from0000500-1791289673635578531.jsonl
C0,755,754,0.48227578997612,0.0001,7.66590282600373,6075.5636024056,46938022912,48062529536,nexus_2k_000283;nexus_2k_000869;nexus_2k_000280;nexus_2k_000020;nexus_2k_001087,snapshot/c0/run/updates-from0000500-1791289673635578531.jsonl
C0,756,755,0.6211977005004883,0.0001,5.677102912217379,6081.241484062746,46929892352,48062529536,nexus_2k_000084;nexus_2k_000519;nexus_2k_001843;nexus_2k_001536;nexus_2k_001211,snapshot/c0/run/updates-from0000500-1791289673635578531.jsonl
C0,757,756,0.4565860599279404,0.0001,8.036125051788986,6089.279042327777,46930441216,48062529536,nexus_2k_000840;nexus_2k_001692;nexus_2k_000952;nexus_2k_000815;nexus_2k_001232,snapshot/c0/run/updates-from0000500-1791289673635578531.jsonl
C0,758,757,0.3834675788879395,0.0001,8.43245598115027,6097.711943723261,46926746624,48062529536,nexus_2k_001792;nexus_2k_001178;nexus_2k_001179;nexus_2k_000167;nexus_2k_001331,snapshot/c0/run/updates-from0000500-1791289673635578531.jsonl
C0,759,758,0.3867471992969513,0.0001,5.651810041628778,6103.364991944283,46927729664,48062529536,nexus_2k_001045;nexus_2k_001550;nexus_2k_000447;nexus_2k_000796;nexus_2k_001825,snapshot/c0/run/updates-from0000500-1791289673635578531.jsonl
C0,760,759,0.5434523820877075,0.0001,6.253526798449457,6109.619163542986,46925042688,48062529536,nexus_2k_000783;nexus_2k_001216;nexus_2k_000053;nexus_2k_000074;nexus_2k_000346,snapshot/c0/run/updates-from0000500-1791289673635578531.jsonl
C0,761,760,0.3244397848844528,0.0001,8.069573427550495,6117.68922650069,46926823424,48062529536,nexus_2k_000053;nexus_2k_001211;nexus_2k_001550;nexus_2k_000898;nexus_2k_001045,snapshot/c0/run/updates-from0000500-1791289673635578531.jsonl
C0,762,761,0.35582402646541594,0.0001,6.6537598399445415,6124.343506870791,46925954048,48062529536,nexus_2k_000142;nexus_2k_000118;nexus_2k_000869;nexus_2k_000283;nexus_2k_001692,snapshot/c0/run/updates-from0000500-1791289673635578531.jsonl
C0,763,762,0.38902598023414614,0.0001,7.509339097887278,6131.853392041288,46927795200,48062529536,nexus_2k_000447;nexus_2k_000800;nexus_2k_001792;nexus_2k_000346;nexus_2k_001825,snapshot/c0/run/updates-from0000500-1791289673635578531.jsonl
C0,764,763,0.410026478767395,0.0001,7.018493880517781,6138.872349599376,46925530112,48062529536,nexus_2k_001331;nexus_2k_001317;nexus_2k_001415;nexus_2k_001179;nexus_2k_000242,snapshot/c0/run/updates-from0000500-1791289673635578531.jsonl
C0,765,764,0.48269520699977875,0.0001,6.130578014999628,6145.003373390064,46929998848,48062529536,nexus_2k_001577;nexus_2k_001716;nexus_2k_001439;nexus_2k_000796;nexus_2k_000872,snapshot/c0/run/updates-from0000500-1791289673635578531.jsonl
C0,766,765,0.3865357577800751,0.0001,7.181908366270363,6152.1858026608825,46931002368,48062529536,nexus_2k_001843;nexus_2k_001780;nexus_2k_001483;nexus_2k_000840;nexus_2k_001232,snapshot/c0/run/updates-from0000500-1791289673635578531.jsonl
C0,767,766,0.4192121744155884,0.0001,8.680769969709218,6160.867054072209,46955410432,48062529536,nexus_2k_000935;nexus_2k_000675;nexus_2k_001216;nexus_2k_000167;nexus_2k_000280,snapshot/c0/run/updates-from0000500-1791289673635578531.jsonl
C0,768,767,0.388837867975235,0.0001,6.221997960470617,6167.089561069384,46924686336,48062529536,nexus_2k_000783;nexus_2k_001536;nexus_2k_000823;nexus_2k_000519;nexus_2k_001150,snapshot/c0/run/updates-from0000500-1791289673635578531.jsonl
C0,769,768,0.41659579873085023,0.0001,7.659388732165098,6174.749393924139,46928319488,48062529536,nexus_2k_001085;nexus_2k_000815;nexus_2k_001178;nexus_2k_001093;nexus_2k_000084,snapshot/c0/run/updates-from0000500-1791289673635578531.jsonl
C0,770,769,0.46918859481811526,0.0001,6.765778932720423,6181.515979422256,46925857792,48062529536,nexus_2k_000074;nexus_2k_000020;nexus_2k_001087;nexus_2k_000083;nexus_2k_000952,snapshot/c0/run/updates-from0000500-1791289673635578531.jsonl
C0,771,770,0.4463743269443512,0.0001,6.308660038746893,6187.825255872682,46923342848,48062529536,nexus_2k_001317;nexus_2k_001178;nexus_2k_000084;nexus_2k_001577;nexus_2k_000074,snapshot/c0/run/updates-from0000500-1791289673635578531.jsonl
C0,772,771,0.27332085371017456,0.0001,6.391686098650098,6194.21747735329,46935188480,48062529536,nexus_2k_001415;nexus_2k_001150;nexus_2k_001780;nexus_2k_000118;nexus_2k_000283,snapshot/c0/run/updates-from0000500-1791289673635578531.jsonl
C0,773,772,0.4118343472480774,0.0001,8.141162481158972,6202.359150079079,46927854592,48062529536,nexus_2k_001550;nexus_2k_001716;nexus_2k_000083;nexus_2k_001483;nexus_2k_000935,snapshot/c0/run/updates-from0000500-1791289673635578531.jsonl
C0,774,773,0.3603672534227371,0.0001,9.113787981681526,6211.474160833284,46926697472,48062529536,nexus_2k_001093;nexus_2k_000783;nexus_2k_000840;nexus_2k_000898;nexus_2k_000053,snapshot/c0/run/updates-from0000500-1791289673635578531.jsonl
C0,775,774,0.553074985742569,0.0001,8.078256778419018,6219.55296142865,46931612672,48062529536,nexus_2k_000242;nexus_2k_001843;nexus_2k_001211;nexus_2k_001825;nexus_2k_001232,snapshot/c0/run/updates-from0000500-1791289673635578531.jsonl
C0,776,775,0.4627849370241165,0.0001,7.331208772026002,6226.884849613532,46928249856,48062529536,nexus_2k_001331;nexus_2k_001536;nexus_2k_000020;nexus_2k_001439;nexus_2k_000280,snapshot/c0/run/updates-from0000500-1791289673635578531.jsonl
C0,777,776,0.5620879530906677,0.0001,8.211802205070853,6235.097356917337,46925591552,48062529536,nexus_2k_000872;nexus_2k_000952;nexus_2k_001792;nexus_2k_000800;nexus_2k_000346,snapshot/c0/run/updates-from0000500-1791289673635578531.jsonl
C0,778,777,0.4884737342596054,0.0001,5.367218540050089,6240.46538754832,46930088960,48062529536,nexus_2k_000869;nexus_2k_001179;nexus_2k_001087;nexus_2k_001045;nexus_2k_000447,snapshot/c0/run/updates-from0000500-1791289673635578531.jsonl
C0,779,778,0.45781139135360716,0.0001,5.608049555681646,6246.074210164137,46924585472,48062529536,nexus_2k_000519;nexus_2k_000815;nexus_2k_000796;nexus_2k_001085;nexus_2k_001692,snapshot/c0/run/updates-from0000500-1791289673635578531.jsonl
C0,780,779,0.36756842136383056,0.0001,7.014004439115524,6253.08918344602,46925698048,48062529536,nexus_2k_001216;nexus_2k_000823;nexus_2k_000167;nexus_2k_000675;nexus_2k_000142,snapshot/c0/run/updates-from0000500-1791289673635578531.jsonl
C0,781,780,0.4956219673156738,0.0001,7.443385049700737,6260.53311838489,46944687104,48062529536,nexus_2k_001483;nexus_2k_000800;nexus_2k_001211;nexus_2k_000084;nexus_2k_001843,snapshot/c0/run/updates-from0000500-1791289673635578531.jsonl
C0,782,781,0.46748251616954806,0.0001,7.16133230458945,6267.694885631092,46926107648,48062529536,nexus_2k_000447;nexus_2k_001692;nexus_2k_000280;nexus_2k_001093;nexus_2k_000796,snapshot/c0/run/updates-from0000500-1791289673635578531.jsonl
C0,783,782,0.4197702884674072,0.0001,6.962369343265891,6274.657680280507,46926693376,48062529536,nexus_2k_001232;nexus_2k_001550;nexus_2k_000020;nexus_2k_000118;nexus_2k_000840,snapshot/c0/run/updates-from0000500-1791289673635578531.jsonl
C0,784,783,0.49258665442466737,0.0001,6.626083736307919,6281.285125577822,46930253824,48062529536,nexus_2k_001087;nexus_2k_001415;nexus_2k_001179;nexus_2k_000675;nexus_2k_000815,snapshot/c0/run/updates-from0000500-1791289673635578531.jsonl
C0,785,784,0.37968530356884,0.0001,7.3772965194657445,6288.6636216389015,46930375680,48062529536,nexus_2k_000242;nexus_2k_000952;nexus_2k_000142;nexus_2k_001178;nexus_2k_001439,snapshot/c0/run/updates-from0000500-1791289673635578531.jsonl
C0,786,785,0.3342001914978027,0.0001,6.427110376767814,6295.091576674953,46938149888,48062529536,nexus_2k_000283;nexus_2k_001780;nexus_2k_001317;nexus_2k_000074;nexus_2k_000053,snapshot/c0/run/updates-from0000500-1791289673635578531.jsonl
C0,787,786,0.31461558640003207,0.0001,5.248010008595884,6300.34009054862,46926025728,48062529536,nexus_2k_001045;nexus_2k_001716;nexus_2k_001085;nexus_2k_001825;nexus_2k_000346,snapshot/c0/run/updates-from0000500-1791289673635578531.jsonl
C0,788,787,0.4015477240085602,0.0001,7.973835006356239,6308.314385440201,46926353408,48062529536,nexus_2k_001331;nexus_2k_000519;nexus_2k_001792;nexus_2k_000869;nexus_2k_000872,snapshot/c0/run/updates-from0000500-1791289673635578531.jsonl
C0,789,788,0.47583730816841124,0.0001,7.8202682407572865,6316.135178522207,46926746624,48062529536,nexus_2k_000783;nexus_2k_001577;nexus_2k_001536;nexus_2k_000083;nexus_2k_000823,snapshot/c0/run/updates-from0000500-1791289673635578531.jsonl
C0,790,789,0.32797724604606626,0.0001,8.84614806715399,6324.982753694989,46922589184,48062529536,nexus_2k_001216;nexus_2k_000898;nexus_2k_000167;nexus_2k_000935;nexus_2k_001150,snapshot/c0/run/updates-from0000500-1791289673635578531.jsonl
C0,791,790,0.4914642095565796,0.0001,5.348007351160049,6330.331215716898,46927541248,48062529536,nexus_2k_000840;nexus_2k_001843;nexus_2k_001087;nexus_2k_001780;nexus_2k_001331,snapshot/c0/run/updates-from0000500-1791289673635578531.jsonl
C0,792,791,0.39244175851345064,0.0001,8.940776417963207,6339.272402377799,46948201472,48062529536,nexus_2k_000815;nexus_2k_000952;nexus_2k_001232;nexus_2k_000283;nexus_2k_000675,snapshot/c0/run/updates-from0000500-1791289673635578531.jsonl
C0,793,792,0.390325328707695,0.0001,5.7748707523569465,6345.047742447816,46929892352,48062529536,nexus_2k_000346;nexus_2k_000519;nexus_2k_000020;nexus_2k_001045;nexus_2k_001211,snapshot/c0/run/updates-from0000500-1791289673635578531.jsonl
C0,794,793,0.38106854259967804,0.0001,7.094003143720329,6352.142303767614,46924000256,48062529536,nexus_2k_001550;nexus_2k_000074;nexus_2k_001483;nexus_2k_001317;nexus_2k_000084,snapshot/c0/run/updates-from0000500-1791289673635578531.jsonl
C0,795,794,0.4230781376361847,0.0001,9.329906738363206,6361.473132126033,46927832064,48062529536,nexus_2k_000083;nexus_2k_000898;nexus_2k_001692;nexus_2k_000869;nexus_2k_001825,snapshot/c0/run/updates-from0000500-1791289673635578531.jsonl
C0,796,795,0.3926180273294449,0.0001,8.465070851147175,6369.938647745177,46929841152,48062529536,nexus_2k_000142;nexus_2k_000796;nexus_2k_001178;nexus_2k_000280;nexus_2k_000167,snapshot/c0/run/updates-from0000500-1791289673635578531.jsonl
C0,797,796,0.48607904016971587,0.0001,6.25523978471756,6376.194338208996,46927795200,48062529536,nexus_2k_001150;nexus_2k_001085;nexus_2k_001536;nexus_2k_000823;nexus_2k_001093,snapshot/c0/run/updates-from0000500-1791289673635578531.jsonl
C0,798,797,0.47048033177852633,0.0001,5.46213957760483,6381.65693996381,46928368640,48062529536,nexus_2k_000118;nexus_2k_001439;nexus_2k_000447;nexus_2k_000053;nexus_2k_000242,snapshot/c0/run/updates-from0000500-1791289673635578531.jsonl
C0,799,798,0.44183005690574645,0.0001,7.814441523514688,6389.471920371987,46929998848,48062529536,nexus_2k_001577;nexus_2k_001179;nexus_2k_001792;nexus_2k_000800;nexus_2k_000872,snapshot/c0/run/updates-from0000500-1791289673635578531.jsonl
C0,800,799,0.38299505710601806,0.0001,8.168297690339386,6397.640680727549,46928471040,48062529536,nexus_2k_001716;nexus_2k_000783;nexus_2k_001216;nexus_2k_000935;nexus_2k_001415,snapshot/c0/run/updates-from0000500-1791289673635578531.jsonl
C0,801,800,0.7315013468265533,0.0001,5.016688589006662,6485.198359698057,46925939712,48062529536,nexus_2k_000872;nexus_2k_000020;nexus_2k_000074;nexus_2k_001692;nexus_2k_000118,snapshot/c0/run/updates-from0000500-1791289673635578531.jsonl
C0,802,801,0.3824199616909027,0.0001,7.793367066420615,6492.993557635695,46928544768,48062529536,nexus_2k_000675;nexus_2k_001211;nexus_2k_000823;nexus_2k_001415;nexus_2k_000815,snapshot/c0/run/updates-from0000500-1791289673635578531.jsonl
C0,803,802,0.43704643845558167,0.0001,6.824776689521968,6499.819063525647,46925698048,48062529536,nexus_2k_001150;nexus_2k_001093;nexus_2k_001317;nexus_2k_000346;nexus_2k_000142,snapshot/c0/run/updates-from0000500-1791289673635578531.jsonl
C0,804,803,0.5592215418815613,0.0001,7.097524406388402,6506.917030330747,46928012288,48062529536,nexus_2k_001577;nexus_2k_001536;nexus_2k_000869;nexus_2k_000083;nexus_2k_001045,snapshot/c0/run/updates-from0000500-1791289673635578531.jsonl
C0,805,804,0.414356729388237,0.0001,6.2973788706585765,6513.215922391973,46929892352,48062529536,nexus_2k_000447;nexus_2k_001792;nexus_2k_001843;nexus_2k_001780;nexus_2k_001439,snapshot/c0/run/updates-from0000500-1791289673635578531.jsonl
C0,806,805,0.36483119130134584,0.0001,8.197529064491391,6521.41388579458,46930375680,48062529536,nexus_2k_000242;nexus_2k_000283;nexus_2k_000084;nexus_2k_000783;nexus_2k_000800,snapshot/c0/run/updates-from0000500-1791289673635578531.jsonl
C0,807,806,0.4772021174430847,0.0001,9.247735531069338,6530.662901215255,46926976000,48062529536,nexus_2k_000898;nexus_2k_001550;nexus_2k_000840;nexus_2k_000280;nexus_2k_001178,snapshot/c0/run/updates-from0000500-1791289673635578531.jsonl
C0,808,807,0.44104706645011904,0.0001,8.104955734685063,6538.768982828595,46931318784,48062529536,nexus_2k_001087;nexus_2k_000935;nexus_2k_001216;nexus_2k_001825;nexus_2k_001232,snapshot/c0/run/updates-from0000500-1791289673635578531.jsonl
C0,809,808,0.3883244037628174,0.0001,6.1825841926038265,6544.951929677278,46924741120,48062529536,nexus_2k_000519;nexus_2k_001179;nexus_2k_000952;nexus_2k_000167;nexus_2k_001085,snapshot/c0/run/updates-from0000500-1791289673635578531.jsonl
C0,810,809,0.52834632396698,0.0001,5.593205680139363,6550.545596404932,46924686336,48062529536,nexus_2k_001716;nexus_2k_001483;nexus_2k_001331;nexus_2k_000053;nexus_2k_000796,snapshot/c0/run/updates-from0000500-1791289673635578531.jsonl
C0,811,810,0.5515389204025268,0.0001,8.085925196297467,6558.632114798762,46924661760,48062529536,nexus_2k_000898;nexus_2k_001550;nexus_2k_001692;nexus_2k_000167;nexus_2k_000118,snapshot/c0/run/updates-from0000500-1791289673635578531.jsonl
C0,812,811,0.5266205489635467,0.0001,6.466470072977245,6565.099121668376,46923291648,48062529536,nexus_2k_001825;nexus_2k_001150;nexus_2k_001317;nexus_2k_001331;nexus_2k_001179,snapshot/c0/run/updates-from0000500-1791289673635578531.jsonl
C0,813,812,0.35491001307964326,0.0001,7.73757784627378,6572.83725135494,46928868352,48062529536,nexus_2k_000675;nexus_2k_001232;nexus_2k_000242;nexus_2k_000519;nexus_2k_000783,snapshot/c0/run/updates-from0000500-1791289673635578531.jsonl
C0,814,813,0.3890112370252609,0.0001,6.060067545622587,6578.898018490523,46924669952,48062529536,nexus_2k_001716;nexus_2k_000935;nexus_2k_000823;nexus_2k_000142;nexus_2k_000346,snapshot/c0/run/updates-from0000500-1791289673635578531.jsonl
C0,815,814,0.5778933882713317,0.0001,8.761834847740829,6587.66038567014,46947089408,48062529536,nexus_2k_000815;nexus_2k_001211;nexus_2k_001178;nexus_2k_000280;nexus_2k_001045,snapshot/c0/run/updates-from0000500-1791289673635578531.jsonl
C0,816,815,0.4457271873950958,0.0001,7.465465124696493,6595.1262614857405,46946399232,48062529536,nexus_2k_001483;nexus_2k_001843;nexus_2k_000952;nexus_2k_000800;nexus_2k_001216,snapshot/c0/run/updates-from0000500-1791289673635578531.jsonl
C0,817,816,0.38097811341285703,0.0001,6.75937823113054,6601.886096210219,46928531456,48062529536,nexus_2k_000053;nexus_2k_000083;nexus_2k_000840;nexus_2k_001577;nexus_2k_001536,snapshot/c0/run/updates-from0000500-1791289673635578531.jsonl
C0,818,817,0.33631519675254823,0.0001,8.679801155813038,6610.566366799176,46943335424,48062529536,nexus_2k_001439;nexus_2k_000020;nexus_2k_001792;nexus_2k_001093;nexus_2k_001415,snapshot/c0/run/updates-from0000500-1791289673635578531.jsonl
C0,819,818,0.38791499733924867,0.0001,6.931336783803999,6617.498180884868,46940406784,48062529536,nexus_2k_000283;nexus_2k_000796;nexus_2k_000447;nexus_2k_000872;nexus_2k_000869,snapshot/c0/run/updates-from0000500-1791289673635578531.jsonl
C0,820,819,0.3686185747385025,0.0001,4.4190783416852355,6621.918109678663,46925435904,48062529536,nexus_2k_001780;nexus_2k_001085;nexus_2k_001087;nexus_2k_000074;nexus_2k_000084,snapshot/c0/run/updates-from0000500-1791289673635578531.jsonl
C0,821,820,0.33500330448150634,0.0001,6.632610033266246,6628.551206433214,46927623168,48062529536,nexus_2k_000074;nexus_2k_001843;nexus_2k_000346;nexus_2k_000840;nexus_2k_001232,snapshot/c0/run/updates-from0000500-1791289673635578531.jsonl
C0,822,821,0.5904990255832672,0.0001,8.895183240994811,6637.447080792859,46948496384,48062529536,nexus_2k_001483;nexus_2k_001093;nexus_2k_000142;nexus_2k_000800;nexus_2k_000283,snapshot/c0/run/updates-from0000500-1791289673635578531.jsonl
C0,823,822,0.3047217309474945,0.0001,5.8729740139096975,6643.321542643011,46926937088,48062529536,nexus_2k_000118;nexus_2k_001536;nexus_2k_001211;nexus_2k_001087;nexus_2k_001179,snapshot/c0/run/updates-from0000500-1791289673635578531.jsonl
C0,824,823,0.46993790566921234,0.0001,7.155196242034435,6650.477357943542,46927795200,48062529536,nexus_2k_000084;nexus_2k_001439;nexus_2k_001415;nexus_2k_000872;nexus_2k_001331,snapshot/c0/run/updates-from0000500-1791289673635578531.jsonl
C0,825,824,0.45289540886878965,0.0001,6.575500690378249,6657.053337508813,46928278528,48062529536,nexus_2k_000242;nexus_2k_001716;nexus_2k_000935;nexus_2k_001825;nexus_2k_001577,snapshot/c0/run/updates-from0000500-1791289673635578531.jsonl
C0,826,825,0.29993965327739713,0.0001,8.092629303224385,6665.147246784531,46929558528,48062529536,nexus_2k_001792;nexus_2k_001692;nexus_2k_001780;nexus_2k_001317;nexus_2k_000167,snapshot/c0/run/updates-from0000500-1791289673635578531.jsonl
C0,827,826,0.6773070573806763,0.0001,8.48349553719163,6673.63131765835,46925329408,48062529536,nexus_2k_000280;nexus_2k_000952;nexus_2k_000898;nexus_2k_001150;nexus_2k_000447,snapshot/c0/run/updates-from0000500-1791289673635578531.jsonl
C0,828,827,0.4183309316635132,0.0001,6.624204061925411,6680.256012603641,46925059072,48062529536,nexus_2k_000783;nexus_2k_001178;nexus_2k_000519;nexus_2k_001085;nexus_2k_000796,snapshot/c0/run/updates-from0000500-1791289673635578531.jsonl
C0,829,828,0.472257000207901,0.0001,6.184214176610112,6686.440646773204,46925835264,48062529536,nexus_2k_001550;nexus_2k_000815;nexus_2k_001045;nexus_2k_000823;nexus_2k_000675,snapshot/c0/run/updates-from0000500-1791289673635578531.jsonl
C0,830,829,0.5809183537960052,0.0001,7.096768164075911,6693.53792575188,46926746624,48062529536,nexus_2k_000083;nexus_2k_000053;nexus_2k_000020;nexus_2k_000869;nexus_2k_001216,snapshot/c0/run/updates-from0000500-1791289673635578531.jsonl
C0,831,830,0.3894281268119812,0.0001,6.850339367985725,6700.388936028816,46925988864,48062529536,nexus_2k_000872;nexus_2k_000118;nexus_2k_000869;nexus_2k_001317;nexus_2k_000074,snapshot/c0/run/updates-from0000500-1791289673635578531.jsonl
C0,832,831,0.4410418689250946,0.0001,8.644518830813468,6709.034100382589,46933558272,48062529536,nexus_2k_001211;nexus_2k_000083;nexus_2k_000815;nexus_2k_001825;nexus_2k_000020,snapshot/c0/run/updates-from0000500-1791289673635578531.jsonl
C0,833,832,0.40078107714653016,0.0001,7.638963784091175,6716.673651904799,46932018176,48062529536,nexus_2k_001577;nexus_2k_000675;nexus_2k_000898;nexus_2k_000242;nexus_2k_000935,snapshot/c0/run/updates-from0000500-1791289673635578531.jsonl
C0,834,833,0.5714201211929322,0.0001,6.301165172830224,6722.975315503776,46924583936,48062529536,nexus_2k_001716;nexus_2k_000346;nexus_2k_001331;nexus_2k_001792;nexus_2k_001692,snapshot/c0/run/updates-from0000500-1791289673635578531.jsonl
C0,835,834,0.3307164490222931,0.0001,5.979748141020536,6728.95550515037,46937330688,48062529536,nexus_2k_001178;nexus_2k_000952;nexus_2k_000519;nexus_2k_000084;nexus_2k_001780,snapshot/c0/run/updates-from0000500-1791289673635578531.jsonl
C0,836,835,0.42638030350208284,0.0001,6.498642474412918,6735.454589145258,46930543616,48062529536,nexus_2k_001045;nexus_2k_000840;nexus_2k_001843;nexus_2k_000053;nexus_2k_001232,snapshot/c0/run/updates-from0000500-1791289673635578531.jsonl
C0,837,836,0.5179782509803772,0.0001,8.817851389758289,6744.273036522791,46948496384,48062529536,nexus_2k_001483;nexus_2k_001439;nexus_2k_000283;nexus_2k_001550;nexus_2k_000167,snapshot/c0/run/updates-from0000500-1791289673635578531.jsonl
C0,838,837,0.4494006514549255,0.0001,7.785987386479974,6752.060391742736,46924686336,48062529536,nexus_2k_000783;nexus_2k_001216;nexus_2k_000280;nexus_2k_000796;nexus_2k_001150,snapshot/c0/run/updates-from0000500-1791289673635578531.jsonl
C0,839,838,0.506056347489357,0.0001,7.093061022460461,6759.154248440638,46927465472,48062529536,nexus_2k_000142;nexus_2k_001415;nexus_2k_000800;nexus_2k_001085;nexus_2k_001536,snapshot/c0/run/updates-from0000500-1791289673635578531.jsonl
C0,840,839,0.27224743366241455,0.0001,5.830089481547475,6764.984763177112,46926746624,48062529536,nexus_2k_001179;nexus_2k_001087;nexus_2k_000447;nexus_2k_001093;nexus_2k_000823,snapshot/c0/run/updates-from0000500-1791289673635578531.jsonl
C0,841,840,0.3237248778343201,0.0001,7.359333029948175,6772.345270941034,46929892352,48062529536,nexus_2k_000346;nexus_2k_000283;nexus_2k_000872;nexus_2k_001692;nexus_2k_000783,snapshot/c0/run/updates-from0000500-1791289673635578531.jsonl
C0,842,841,0.3251805275678635,0.0001,8.091081905178726,6780.436808845028,46941123584,48062529536,nexus_2k_001178;nexus_2k_001093;nexus_2k_001179;nexus_2k_000823;nexus_2k_000167,snapshot/c0/run/updates-from0000500-1791289673635578531.jsonl
C0,843,842,0.4529442131519318,0.0001,6.530348354019225,6786.967824730091,46928139264,48062529536,nexus_2k_001716;nexus_2k_001045;nexus_2k_000840;nexus_2k_000084;nexus_2k_001232,snapshot/c0/run/updates-from0000500-1791289673635578531.jsonl
C0,844,843,0.33252225518226625,0.0001,7.563546276651323,6794.532608334906,46924686336,48062529536,nexus_2k_001792;nexus_2k_001780;nexus_2k_001087;nexus_2k_000083;nexus_2k_001150,snapshot/c0/run/updates-from0000500-1791289673635578531.jsonl
C0,845,844,0.39121733903884887,0.0001,8.195869525894523,6802.728957421146,46935823360,48062529536,nexus_2k_001211;nexus_2k_001331;nexus_2k_001825;nexus_2k_000935;nexus_2k_000952,snapshot/c0/run/updates-from0000500-1791289673635578531.jsonl
C0,846,845,0.259197735786438,0.0001,5.874328923411667,6808.60375404451,46928040960,48062529536,nexus_2k_001843;nexus_2k_000447;nexus_2k_001415;nexus_2k_001216;nexus_2k_000675,snapshot/c0/run/updates-from0000500-1791289673635578531.jsonl
C0,847,846,0.31846139430999754,0.0001,6.483935852535069,6815.088218471967,46924510208,48062529536,nexus_2k_000898;nexus_2k_001577;nexus_2k_000053;nexus_2k_000118;nexus_2k_000020,snapshot/c0/run/updates-from0000500-1791289673635578531.jsonl
C0,848,847,0.36050851047039034,0.0001,7.622864997945726,6822.711715963669,46932251648,48062529536,nexus_2k_001085;nexus_2k_001439;nexus_2k_000800;nexus_2k_001536;nexus_2k_000869,snapshot/c0/run/updates-from0000500-1791289673635578531.jsonl
C0,849,848,0.35309098064899447,0.0001,8.067766891792417,6830.780365359969,46928472576,48062529536,nexus_2k_000519;nexus_2k_000815;nexus_2k_000242;nexus_2k_000280;nexus_2k_001317,snapshot/c0/run/updates-from0000500-1791289673635578531.jsonl
C0,850,849,0.3530462235212326,0.0001,6.264851103536785,6837.045619749464,46924170240,48062529536,nexus_2k_000074;nexus_2k_001483;nexus_2k_001550;nexus_2k_000142;nexus_2k_000796,snapshot/c0/run/updates-from0000500-1791289673635578531.jsonl
C0,851,850,0.5024839818477631,0.0001,7.588550262153149,6844.634633933194,46925648896,48062529536,nexus_2k_000280;nexus_2k_001483;nexus_2k_000118;nexus_2k_000952;nexus_2k_000053,snapshot/c0/run/updates-from0000500-1791289673635578531.jsonl
C0,852,851,0.5364850103855133,0.0001,9.973774509504437,6854.608891104348,46928036864,48062529536,nexus_2k_000898;nexus_2k_001792;nexus_2k_000142;nexus_2k_000283;nexus_2k_000935,snapshot/c0/run/updates-from0000500-1791289673635578531.jsonl
C0,853,852,0.3802522122859955,0.0001,8.123885737732053,6862.733231657185,46926693376,48062529536,nexus_2k_001232;nexus_2k_001536;nexus_2k_000074;nexus_2k_000783;nexus_2k_001331,snapshot/c0/run/updates-from0000500-1791289673635578531.jsonl
C0,854,853,0.31817619800567626,0.0001,8.268111276440322,6871.00205062516,46928843776,48062529536,nexus_2k_001179;nexus_2k_000800;nexus_2k_001178;nexus_2k_001550;nexus_2k_000083,snapshot/c0/run/updates-from0000500-1791289673635578531.jsonl
C0,855,854,0.3997870147228241,0.0001,6.043968314304948,6877.046498877928,46929445888,48062529536,nexus_2k_000869;nexus_2k_000872;nexus_2k_000447;nexus_2k_000020;nexus_2k_001150,snapshot/c0/run/updates-from0000500-1791289673635578531.jsonl
C0,856,855,0.3696120768785477,0.0001,5.456467784941196,6882.50352071505,46924661760,48062529536,nexus_2k_001716;nexus_2k_000346;nexus_2k_001780;nexus_2k_001415;nexus_2k_001843,snapshot/c0/run/updates-from0000500-1791289673635578531.jsonl
C0,857,856,0.4310262411832809,0.0001,6.730117398314178,6889.234388753772,46929998848,48062529536,nexus_2k_001577;nexus_2k_000796;nexus_2k_000675;nexus_2k_000167;nexus_2k_001216,snapshot/c0/run/updates-from0000500-1791289673635578531.jsonl
C0,858,857,0.3440234690904617,0.0001,6.254446177743375,6895.489385384135,46929892352,48064626688,nexus_2k_000084;nexus_2k_001045;nexus_2k_001692;nexus_2k_001317;nexus_2k_001439,snapshot/c0/run/updates-from0000500-1791289673635578531.jsonl
C0,859,858,0.36494455933570863,0.0001,6.68734703399241,6902.177207647823,46928504832,48064626688,nexus_2k_001087;nexus_2k_001093;nexus_2k_001825;nexus_2k_000519;nexus_2k_000242,snapshot/c0/run/updates-from0000500-1791289673635578531.jsonl
C0,860,859,0.3478949397802353,0.0001,7.012675401754677,6909.19040123187,46936814592,48064626688,nexus_2k_001211;nexus_2k_001085;nexus_2k_000823;nexus_2k_000840;nexus_2k_000815,snapshot/c0/run/updates-from0000500-1791289673635578531.jsonl
C0,861,860,0.31910679936409,0.0001,7.370860510505736,6916.5616988595575,46929418240,48064626688,nexus_2k_000118;nexus_2k_000869;nexus_2k_001087;nexus_2k_000083;nexus_2k_000872,snapshot/c0/run/updates-from0000500-1791289673635578531.jsonl
C0,862,861,0.49704513549804685,0.0001,5.9630660796537995,6922.525262968615,46924649472,48064626688,nexus_2k_001216;nexus_2k_001483;nexus_2k_000053;nexus_2k_001179;nexus_2k_001577,snapshot/c0/run/updates-from0000500-1791289673635578531.jsonl
C0,863,862,0.3650783121585846,0.0001,6.23211370408535,6928.758259980008,46928688128,48064626688,nexus_2k_001045;nexus_2k_000823;nexus_2k_001716;nexus_2k_001439;nexus_2k_001178,snapshot/c0/run/updates-from0000500-1791289673635578531.jsonl
C0,864,863,0.36746945977211,0.0001,9.286442551761866,6938.045191745274,46926746624,48064626688,nexus_2k_000280;nexus_2k_000142;nexus_2k_000800;nexus_2k_001792;nexus_2k_001331,snapshot/c0/run/updates-from0000500-1791289673635578531.jsonl
C0,865,864,0.3344427585601807,0.0001,9.363612534478307,6947.409342560917,46928765952,48064626688,nexus_2k_000783;nexus_2k_001093;nexus_2k_001550;nexus_2k_001317;nexus_2k_000935,snapshot/c0/run/updates-from0000500-1791289673635578531.jsonl
C0,866,865,0.2947248727083206,0.0001,5.953782887198031,6953.3644174793735,46928094208,48064626688,nexus_2k_001085;nexus_2k_000815;nexus_2k_000447;nexus_2k_001536;nexus_2k_001150,snapshot/c0/run/updates-from0000500-1791289673635578531.jsonl
C0,867,866,0.46333728134632113,0.0001,7.7046924866735935,6961.069583029486,46927948800,48064626688,nexus_2k_001825;nexus_2k_000020;nexus_2k_001415;nexus_2k_000796;nexus_2k_000898,snapshot/c0/run/updates-from0000500-1791289673635578531.jsonl
C0,868,867,0.30279296040534975,0.0001,4.320287523791194,6965.390340435319,46926353408,48064626688,nexus_2k_001843;nexus_2k_000074;nexus_2k_000346;nexus_2k_001692;nexus_2k_000084,snapshot/c0/run/updates-from0000500-1791289673635578531.jsonl
C0,869,868,0.4564732551574707,0.0001,6.957818268798292,6972.348703923635,46924067840,48064626688,nexus_2k_000952;nexus_2k_000675;nexus_2k_001232;nexus_2k_001780;nexus_2k_000519,snapshot/c0/run/updates-from0000500-1791289673635578531.jsonl
C0,870,869,0.4830807626247406,0.0001,8.33652285207063,6980.685999393463,46929638400,48064626688,nexus_2k_000840;nexus_2k_000242;nexus_2k_001211;nexus_2k_000167;nexus_2k_000283,snapshot/c0/run/updates-from0000500-1791289673635578531.jsonl
C0,871,870,0.3961922824382782,0.0001,6.316326281055808,6987.00291424524,46927074304,48064626688,nexus_2k_000118;nexus_2k_000898;nexus_2k_000053;nexus_2k_001843;nexus_2k_000519,snapshot/c0/run/updates-from0000500-1791289673635578531.jsonl
C0,872,871,0.3841319799423218,0.0001,5.545923067256808,6992.549783255905,46926861312,48064626688,nexus_2k_000242;nexus_2k_001825;nexus_2k_000084;nexus_2k_001331;nexus_2k_000447,snapshot/c0/run/updates-from0000500-1791289673635578531.jsonl
C0,873,872,0.29921173453330996,0.0001,6.937443481758237,6999.488017858006,46927795200,48064626688,nexus_2k_000020;nexus_2k_000872;nexus_2k_001550;nexus_2k_001211;nexus_2k_000840,snapshot/c0/run/updates-from0000500-1791289673635578531.jsonl
C0,874,873,0.36492152214050294,0.0001,8.671454797498882,7008.15990934521,46942061568,48064626688,nexus_2k_000283;nexus_2k_001317;nexus_2k_001045;nexus_2k_001439;nexus_2k_001232,snapshot/c0/run/updates-from0000500-1791289673635578531.jsonl
C0,875,874,0.48195924758911135,0.0001,5.217260595411062,7013.378183477558,46926363648,48064626688,nexus_2k_000346;nexus_2k_001692;nexus_2k_001178;nexus_2k_001577;nexus_2k_001179,snapshot/c0/run/updates-from0000500-1791289673635578531.jsonl
C0,876,875,0.4086906135082245,0.0001,7.709993680007756,7021.088611132465,46930557952,48064626688,nexus_2k_001536;nexus_2k_000935;nexus_2k_000083;nexus_2k_001085;nexus_2k_000142,snapshot/c0/run/updates-from0000500-1791289673635578531.jsonl
C0,877,876,0.3427129238843918,0.0001,7.77295393589884,7028.862478157505,46948496384,48064626688,nexus_2k_001483;nexus_2k_000675;nexus_2k_001093;nexus_2k_000796;nexus_2k_000280,snapshot/c0/run/updates-from0000500-1791289673635578531.jsonl
C0,878,877,0.3434920907020569,0.0001,6.634440161287785,7035.497667180374,46929001472,48064626688,nexus_2k_000823;nexus_2k_000783;nexus_2k_000074;nexus_2k_001780;nexus_2k_000952,snapshot/c0/run/updates-from0000500-1791289673635578531.jsonl
C0,879,878,0.3539186894893646,0.0001,8.378067877143621,7043.876378662884,46930601984,48064626688,nexus_2k_001087;nexus_2k_001150;nexus_2k_001792;nexus_2k_000167;nexus_2k_000869,snapshot/c0/run/updates-from0000500-1791289673635578531.jsonl
C0,880,879,0.3575569033622742,0.0001,8.322470525279641,7052.19959301129,46934408192,48064626688,nexus_2k_000800;nexus_2k_001216;nexus_2k_001415;nexus_2k_000815;nexus_2k_001716,snapshot/c0/run/updates-from0000500-1791289673635578531.jsonl
C0,881,880,0.47223264575004575,0.0001,8.408483375795186,7060.610364252701,46935188480,48064626688,nexus_2k_001415;nexus_2k_000898;nexus_2k_001550;nexus_2k_001843;nexus_2k_000283,snapshot/c0/run/updates-from0000500-1791289673635578531.jsonl
C0,882,881,0.3139617800712585,0.0001,6.684503708966076,7067.2953283358365,46926107648,48064626688,nexus_2k_000020;nexus_2k_000118;nexus_2k_001216;nexus_2k_001232;nexus_2k_000796,snapshot/c0/run/updates-from0000500-1791289673635578531.jsonl
C0,883,882,0.29741410315036776,0.0001,7.8474570121616125,7075.14339029137,46951824384,48064626688,nexus_2k_000935;nexus_2k_000083;nexus_2k_001211;nexus_2k_001045;nexus_2k_001716,snapshot/c0/run/updates-from0000500-1791289673635578531.jsonl
C0,884,883,0.4187479466199875,0.0001,7.0902657229453325,7082.234087849036,46926746624,48064626688,nexus_2k_000783;nexus_2k_000519;nexus_2k_001483;nexus_2k_001331;nexus_2k_000242,snapshot/c0/run/updates-from0000500-1791289673635578531.jsonl
C0,885,884,0.6045195668935776,0.0001,6.4743238883093,7088.709537312388,46925333504,48064626688,nexus_2k_000074;nexus_2k_000823;nexus_2k_001317;nexus_2k_000815;nexus_2k_000675,snapshot/c0/run/updates-from0000500-1791289673635578531.jsonl
C0,886,885,0.5204279571771622,0.0001,7.549091901630163,7096.259063613601,46941703168,48064626688,nexus_2k_001439;nexus_2k_001780;nexus_2k_000869;nexus_2k_000800;nexus_2k_000142,snapshot/c0/run/updates-from0000500-1791289673635578531.jsonl
C0,887,886,0.412718403339386,0.0001,6.4376145377755165,7102.697188076563,46927293440,48064626688,nexus_2k_001825;nexus_2k_000346;nexus_2k_000840;nexus_2k_001085;nexus_2k_000280,snapshot/c0/run/updates-from0000500-1791289673635578531.jsonl
C0,888,887,0.375493124127388,0.0001,6.6380883026868105,7109.335705523379,46926746624,48064626688,nexus_2k_001792;nexus_2k_000053;nexus_2k_000872;nexus_2k_000084;nexus_2k_001577,snapshot/c0/run/updates-from0000500-1791289673635578531.jsonl
C0,889,888,0.4989696145057678,0.0001,6.56970474217087,7115.906768902205,46928532480,48064626688,nexus_2k_001692;nexus_2k_001179;nexus_2k_001093;nexus_2k_000952;nexus_2k_001536,snapshot/c0/run/updates-from0000500-1791289673635578531.jsonl
C0,890,889,0.4165632605552673,0.0001,6.723536430858076,7122.6307363491505,46929463296,48064626688,nexus_2k_001087;nexus_2k_000167;nexus_2k_000447;nexus_2k_001150;nexus_2k_001178,snapshot/c0/run/updates-from0000500-1791289673635578531.jsonl
C0,891,890,0.25080607533454896,0.0001,5.948290608823299,7128.579447503202,46927412224,48064626688,nexus_2k_000796;nexus_2k_001150;nexus_2k_001577;nexus_2k_001792;nexus_2k_001179,snapshot/c0/run/updates-from0000500-1791289673635578531.jsonl
C0,892,891,0.38404533863067625,0.0001,5.729835605248809,7134.309891458601,46928368640,48064626688,nexus_2k_000118;nexus_2k_000823;nexus_2k_000084;nexus_2k_000800;nexus_2k_000840,snapshot/c0/run/updates-from0000500-1791289673635578531.jsonl
C0,893,892,0.5547337293624878,0.0001,6.140874234028161,7140.451685871929,46927795200,48064626688,nexus_2k_000447;nexus_2k_001692;nexus_2k_001178;nexus_2k_000952;nexus_2k_001331,snapshot/c0/run/updates-from0000500-1791289673635578531.jsonl
C0,894,893,0.39112170934677126,0.0001,6.5026093712076545,7146.954775994644,46927729664,48064626688,nexus_2k_001045;nexus_2k_000935;nexus_2k_000142;nexus_2k_001536;nexus_2k_001550,snapshot/c0/run/updates-from0000500-1791289673635578531.jsonl
C0,895,894,0.44459903836250303,0.0001,7.675234831869602,7154.630806117319,46931002368,48064626688,nexus_2k_001843;nexus_2k_000675;nexus_2k_000519;nexus_2k_000783;nexus_2k_001232,snapshot/c0/run/updates-from0000500-1791289673635578531.jsonl
C0,896,895,0.4472081124782562,0.0001,7.708875136449933,7162.340671082959,46925857792,48064626688,nexus_2k_000074;nexus_2k_000898;nexus_2k_001780;nexus_2k_001415;nexus_2k_001825,snapshot/c0/run/updates-from0000500-1791289673635578531.jsonl
C0,897,896,0.3017202436923981,0.0001,7.900041529908776,7170.241245538928,46925808640,48064626688,nexus_2k_001317;nexus_2k_000346;nexus_2k_000872;nexus_2k_001093;nexus_2k_000869,snapshot/c0/run/updates-from0000500-1791289673635578531.jsonl
C0,898,897,0.37536080181598663,0.0001,7.987206546589732,7178.228855030611,46950345728,48064626688,nexus_2k_000815;nexus_2k_000280;nexus_2k_000053;nexus_2k_000242;nexus_2k_000283,snapshot/c0/run/updates-from0000500-1791289673635578531.jsonl
C0,899,898,0.2960025787353516,0.0001,5.661502534523606,7183.890985329635,46924649472,48064626688,nexus_2k_001216;nexus_2k_001087;nexus_2k_001483;nexus_2k_001085;nexus_2k_001716,snapshot/c0/run/updates-from0000500-1791289673635578531.jsonl
C0,900,899,0.4067822992801666,0.0001,9.215013209730387,7193.106612022035,46938092544,48064626688,nexus_2k_001211;nexus_2k_000020;nexus_2k_000167;nexus_2k_001439;nexus_2k_000083,snapshot/c0/run/updates-from0000500-1791289673635578531.jsonl
C0,901,900,0.3218818247318268,0.0001,9.182313389144838,7284.481401077472,46927944704,48064626688,nexus_2k_000167;nexus_2k_001792;nexus_2k_000935;nexus_2k_000020;nexus_2k_001415,snapshot/c0/run/updates-from0000500-1791289673635578531.jsonl
C0,902,901,0.48456768691539764,0.0001,5.656537627801299,7290.138488502242,46926443520,48064626688,nexus_2k_000242;nexus_2k_000823;nexus_2k_001178;nexus_2k_000675;nexus_2k_000084,snapshot/c0/run/updates-from0000500-1791289673635578531.jsonl
C0,903,902,0.3848224103450775,0.0001,4.954474109224975,7295.093324738555,46928532480,48064626688,nexus_2k_001692;nexus_2k_000346;nexus_2k_000142;nexus_2k_000053;nexus_2k_001536,snapshot/c0/run/updates-from0000500-1791289673635578531.jsonl
C0,904,903,0.417125403881073,0.0001,7.322988701052964,7302.416697536595,46931174400,48064626688,nexus_2k_000869;nexus_2k_000800;nexus_2k_001045;nexus_2k_001483;nexus_2k_001577,snapshot/c0/run/updates-from0000500-1791289673635578531.jsonl
C0,905,904,0.6393349766731262,0.0001,5.957661694847047,7308.374815915711,46928188416,48064626688,nexus_2k_001843;nexus_2k_000074;nexus_2k_001331;nexus_2k_000872;nexus_2k_001216,snapshot/c0/run/updates-from0000500-1791289673635578531.jsonl
C0,906,905,0.44062442779541017,0.0001,6.3789701061323285,7314.754241801798,46926160896,48064626688,nexus_2k_000447;nexus_2k_001317;nexus_2k_000118;nexus_2k_001211;nexus_2k_001085,snapshot/c0/run/updates-from0000500-1791289673635578531.jsonl
C0,907,906,0.4541953980922699,0.0001,8.398071859031916,7323.152760896832,46926411264,48064626688,nexus_2k_000519;nexus_2k_000840;nexus_2k_000783;nexus_2k_001232;nexus_2k_001825,snapshot/c0/run/updates-from0000500-1791289673635578531.jsonl
C0,908,907,0.3278055310249329,0.0001,7.313305483199656,7330.466495335102,46943335424,48064626688,nexus_2k_001439;nexus_2k_001179;nexus_2k_000952;nexus_2k_000796;nexus_2k_000083,snapshot/c0/run/updates-from0000500-1791289673635578531.jsonl
C0,909,908,0.4761162132024765,0.0001,6.155169884674251,7336.622231746092,46924887040,48064626688,nexus_2k_001150;nexus_2k_001780;nexus_2k_000898;nexus_2k_001087;nexus_2k_001716,snapshot/c0/run/updates-from0000500-1791289673635578531.jsonl
C0,910,909,0.4472400724887848,0.0001,9.588889417238533,7346.2116022259,46926978048,48064626688,nexus_2k_000280;nexus_2k_001093;nexus_2k_000283;nexus_2k_000815;nexus_2k_001550,snapshot/c0/run/updates-from0000500-1791289673635578531.jsonl
C0,911,910,0.36452464759349823,0.0001,8.675637575797737,7354.8881375854835,46936267776,48064626688,nexus_2k_000800;nexus_2k_001692;nexus_2k_000952;nexus_2k_001232;nexus_2k_001317,snapshot/c0/run/updates-from0000500-1791289673635578531.jsonl
C0,912,911,0.41257396936416624,0.0001,6.950726949609816,7361.8393773548305,46954732544,48064626688,nexus_2k_000935;nexus_2k_000283;nexus_2k_000084;nexus_2k_001085;nexus_2k_001439,snapshot/c0/run/updates-from0000500-1791289673635578531.jsonl
C0,913,912,0.3284048497676849,0.0001,6.112461697310209,7367.953288170509,46926570496,48064626688,nexus_2k_000447;nexus_2k_001150;nexus_2k_000167;nexus_2k_001045;nexus_2k_001087,snapshot/c0/run/updates-from0000500-1791289673635578531.jsonl
C0,914,913,0.4906041264533997,0.0001,8.501756755635142,7376.45624331478,46927905792,48064626688,nexus_2k_000280;nexus_2k_001483;nexus_2k_000074;nexus_2k_001178;nexus_2k_000869,snapshot/c0/run/updates-from0000500-1791289673635578531.jsonl
C0,915,914,0.27304539978504183,0.0001,6.646524034440517,7383.103207358159,46924723200,48064626688,nexus_2k_001825;nexus_2k_000519;nexus_2k_001211;nexus_2k_000823;nexus_2k_000840,snapshot/c0/run/updates-from0000500-1791289673635578531.jsonl
C0,916,915,0.42227437496185305,0.0001,6.854680244810879,7389.95828876365,46926685184,48064626688,nexus_2k_000083;nexus_2k_000796;nexus_2k_000242;nexus_2k_001331;nexus_2k_000142,snapshot/c0/run/updates-from0000500-1791289673635578531.jsonl
C0,917,916,0.4294936627149582,0.0001,6.4575165789574385,7396.416255968623,46924585984,48064626688,nexus_2k_000898;nexus_2k_001577;nexus_2k_000118;nexus_2k_000020;nexus_2k_001179,snapshot/c0/run/updates-from0000500-1791289673635578531.jsonl
C0,918,917,0.3674031525850296,0.0001,6.7057599145919085,7403.122462081723,46932222976,48064626688,nexus_2k_001415;nexus_2k_001792;nexus_2k_000053;nexus_2k_001843;nexus_2k_001780,snapshot/c0/run/updates-from0000500-1791289673635578531.jsonl
C0,919,918,0.5750085949897766,0.0001,6.452548087574542,7409.5754741868,46929892352,48064626688,nexus_2k_000346;nexus_2k_001536;nexus_2k_000872;nexus_2k_001716;nexus_2k_001093,snapshot/c0/run/updates-from0000500-1791289673635578531.jsonl
C0,920,919,0.3872453808784485,0.0001,7.905219029635191,7417.481095550582,46951427072,48064626688,nexus_2k_000815;nexus_2k_001216;nexus_2k_000675;nexus_2k_001550;nexus_2k_000783,snapshot/c0/run/updates-from0000500-1791289673635578531.jsonl
C0,921,920,0.44283666014671325,0.0001,7.5915622189641,7425.073597504757,46927516672,48064626688,nexus_2k_000447;nexus_2k_000142;nexus_2k_000167;nexus_2k_001211;nexus_2k_001536,snapshot/c0/run/updates-from0000500-1791289673635578531.jsonl
C0,922,921,0.47622418999671934,0.0001,5.695166347548366,7430.769224061631,46926160896,48064626688,nexus_2k_000020;nexus_2k_000800;nexus_2k_000840;nexus_2k_001045;nexus_2k_001085,snapshot/c0/run/updates-from0000500-1791289673635578531.jsonl
C0,923,922,0.33930237889289855,0.0001,7.2726056687533855,7438.042204831727,46924649472,48064626688,nexus_2k_001216;nexus_2k_000783;nexus_2k_000872;nexus_2k_000242;nexus_2k_001577,snapshot/c0/run/updates-from0000500-1791289673635578531.jsonl
C0,924,923,0.619032233953476,0.0001,8.737002724781632,7446.780577587895,46927932416,48064626688,nexus_2k_001550;nexus_2k_000519;nexus_2k_001093;nexus_2k_001232;nexus_2k_001483,snapshot/c0/run/updates-from0000500-1791289673635578531.jsonl
C0,925,924,0.424401181936264,0.0001,6.057650317437947,7452.838738906197,46926820352,48064626688,nexus_2k_001825;nexus_2k_000074;nexus_2k_001150;nexus_2k_001716;nexus_2k_000869,snapshot/c0/run/updates-from0000500-1791289673635578531.jsonl
C0,926,925,0.3289593458175659,0.0001,6.863010719418526,7459.702136726119,46928040960,48064626688,nexus_2k_001843;nexus_2k_000952;nexus_2k_000935;nexus_2k_001439;nexus_2k_000675,snapshot/c0/run/updates-from0000500-1791289673635578531.jsonl
C0,927,926,0.5757005035877227,0.0001,7.690117330290377,7467.392644985579,46926681088,48064626688,nexus_2k_000118;nexus_2k_001178;nexus_2k_001415;nexus_2k_000083;nexus_2k_000796,snapshot/c0/run/updates-from0000500-1791289673635578531.jsonl
C0,928,927,0.4533202648162842,0.0001,6.299957538954914,7473.693042172119,46925648896,48064626688,nexus_2k_001179;nexus_2k_001780;nexus_2k_000815;nexus_2k_000283;nexus_2k_000053,snapshot/c0/run/updates-from0000500-1791289673635578531.jsonl
C0,929,928,0.39909733831882477,0.0001,7.090049360878766,7480.7835482107475,46929892352,48064626688,nexus_2k_000084;nexus_2k_001692;nexus_2k_001792;nexus_2k_001331;nexus_2k_001317,snapshot/c0/run/updates-from0000500-1791289673635578531.jsonl
C0,930,929,0.40876556038856504,0.0001,7.872149560600519,7488.656154318713,46929892352,48064626688,nexus_2k_000346;nexus_2k_000898;nexus_2k_000823;nexus_2k_001087;nexus_2k_000280,snapshot/c0/run/updates-from0000500-1791289673635578531.jsonl
C0,931,930,0.5181226968765259,0.0001,8.177034569904208,7496.833599691279,46931334144,48064626688,nexus_2k_000796;nexus_2k_000142;nexus_2k_000869;nexus_2k_001211;nexus_2k_000167,snapshot/c0/run/updates-from0000500-1791289673635578531.jsonl
C0,932,931,0.26390824317932127,0.0001,8.38837174884975,7505.222346022725,46945174528,48064626688,nexus_2k_001483;nexus_2k_000519;nexus_2k_001232;nexus_2k_000083;nexus_2k_001087,snapshot/c0/run/updates-from0000500-1791289673635578531.jsonl
C0,933,932,0.4573380649089813,0.0001,7.37783289141953,7512.600537816063,46934922240,48064626688,nexus_2k_000800;nexus_2k_001536;nexus_2k_000935;nexus_2k_001331;nexus_2k_000840,snapshot/c0/run/updates-from0000500-1791289673635578531.jsonl
C0,934,933,0.3328096091747284,0.0001,6.133487346582115,7518.734406593256,46922937344,48064626688,nexus_2k_001216;nexus_2k_000872;nexus_2k_000074;nexus_2k_001825;nexus_2k_001843,snapshot/c0/run/updates-from0000500-1791289673635578531.jsonl
C0,935,934,0.40466324985027313,0.0001,5.771764865145087,7524.506971880794,46925835264,48064626688,nexus_2k_001550;nexus_2k_001692;nexus_2k_000675;nexus_2k_001179;nexus_2k_000952,snapshot/c0/run/updates-from0000500-1791289673635578531.jsonl
C0,936,935,0.342906779050827,0.0001,8.845174633897841,7533.352508417331,46927795200,48064626688,nexus_2k_001093;nexus_2k_000815;nexus_2k_001415;nexus_2k_001317;nexus_2k_001577,snapshot/c0/run/updates-from0000500-1791289673635578531.jsonl
C0,937,936,0.3185354024171829,0.0001,5.984514101408422,7539.337436810136,46925734912,48064626688,nexus_2k_000084;nexus_2k_000783;nexus_2k_001780;nexus_2k_000118;nexus_2k_001150,snapshot/c0/run/updates-from0000500-1791289673635578531.jsonl
C0,938,937,0.4360036224126816,0.0001,5.912662715651095,7545.2506342399865,46937392128,48064626688,nexus_2k_001178;nexus_2k_000020;nexus_2k_000053;nexus_2k_001439;nexus_2k_001085,snapshot/c0/run/updates-from0000500-1791289673635578531.jsonl
C0,939,938,0.3165553122758865,0.0001,9.139768010005355,7554.391655442305,46930633728,48064626688,nexus_2k_000823;nexus_2k_000898;nexus_2k_001045;nexus_2k_000280;nexus_2k_001792,snapshot/c0/run/updates-from0000500-1791289673635578531.jsonl
C0,940,939,0.40201669931411743,0.0001,5.604147983714938,7559.9963382501155,46927795200,48064626688,nexus_2k_000447;nexus_2k_001716;nexus_2k_000346;nexus_2k_000283;nexus_2k_000242,snapshot/c0/run/updates-from0000500-1791289673635578531.jsonl
C0,941,940,0.29288376271724703,0.0001,7.937864910811186,7567.935441091657,46930907136,48064626688,nexus_2k_000053;nexus_2k_001232;nexus_2k_001178;nexus_2k_000447;nexus_2k_000800,snapshot/c0/run/updates-from0000500-1791289673635578531.jsonl
C0,942,941,0.36112603545188904,0.0001,8.734079455956817,7576.669992411509,46927287296,48064626688,nexus_2k_000898;nexus_2k_001780;nexus_2k_001331;nexus_2k_001093;nexus_2k_000283,snapshot/c0/run/updates-from0000500-1791289673635578531.jsonl
C0,943,942,0.3831811398267746,0.0001,8.726846660487354,7585.397974923253,46933156864,48064626688,nexus_2k_000869;nexus_2k_000084;nexus_2k_000935;nexus_2k_001792;nexus_2k_001211,snapshot/c0/run/updates-from0000500-1791289673635578531.jsonl
C0,944,943,0.40722146034240725,0.0001,6.0544349094852805,7591.452857184224,46928000000,48064626688,nexus_2k_001692;nexus_2k_001843;nexus_2k_001317;nexus_2k_000952;nexus_2k_001716,snapshot/c0/run/updates-from0000500-1791289673635578531.jsonl
C0,945,944,0.27493426501750945,0.0001,4.4198355777189136,7595.873587364331,46926800896,48064626688,nexus_2k_001087;nexus_2k_001150;nexus_2k_000796;nexus_2k_000020;nexus_2k_000346,snapshot/c0/run/updates-from0000500-1791289673635578531.jsonl
C0,946,945,0.4683596730232239,0.0001,6.582233459688723,7602.456311201677,46925857792,48064626688,nexus_2k_000074;nexus_2k_001825;nexus_2k_000118;nexus_2k_001439;nexus_2k_000872,snapshot/c0/run/updates-from0000500-1791289673635578531.jsonl
C0,947,946,0.3099445641040802,0.0001,5.660082294605672,7608.116940749809,46930385920,48064626688,nexus_2k_001085;nexus_2k_001216;nexus_2k_000242;nexus_2k_000823;nexus_2k_001550,snapshot/c0/run/updates-from0000500-1791289673635578531.jsonl
C0,948,947,0.5353669881820678,0.0001,6.802304165437818,7614.91963879019,46932487168,48064626688,nexus_2k_001415;nexus_2k_001536;nexus_2k_001483;nexus_2k_001577;nexus_2k_001179,snapshot/c0/run/updates-from0000500-1791289673635578531.jsonl
C0,949,948,0.5333668768405915,0.0001,7.3430876368656754,7622.263185355812,46925924864,48064626688,nexus_2k_000519;nexus_2k_001045;nexus_2k_000167;nexus_2k_000083;nexus_2k_000675,snapshot/c0/run/updates-from0000500-1791289673635578531.jsonl
C0,950,949,0.337228387594223,0.0001,9.047451837919652,7631.311053768732,46929097728,48064626688,nexus_2k_000280;nexus_2k_000815;nexus_2k_000840;nexus_2k_000142;nexus_2k_000783,snapshot/c0/run/updates-from0000500-1791289673635578531.jsonl
C0,951,950,0.4280324339866638,0.0001,6.6589103220030665,7637.970518127084,46929826816,48064626688,nexus_2k_001045;nexus_2k_000872;nexus_2k_000675;nexus_2k_000074;nexus_2k_001792,snapshot/c0/run/updates-from0000500-1791289673635578531.jsonl
C0,952,951,0.36583741307258605,0.0001,7.145851012319326,7645.116935010068,46925112320,48064626688,nexus_2k_000083;nexus_2k_001317;nexus_2k_001536;nexus_2k_001087;nexus_2k_001085,snapshot/c0/run/updates-from0000500-1791289673635578531.jsonl
C0,953,952,0.33463730812072756,0.0001,8.630446723662317,7653.748624002561,46929892352,48064626688,nexus_2k_000447;nexus_2k_001232;nexus_2k_001415;nexus_2k_001716;nexus_2k_000280,snapshot/c0/run/updates-from0000500-1791289673635578531.jsonl
C0,954,953,0.3612710237503052,0.0001,8.61665914580226,7662.365779626183,46934922240,48064626688,nexus_2k_000800;nexus_2k_001216;nexus_2k_000142;nexus_2k_000898;nexus_2k_001577,snapshot/c0/run/updates-from0000500-1791289673635578531.jsonl
C0,955,954,0.28547575175762174,0.0001,7.497941088862717,7669.864222043194,46927795200,48064626688,nexus_2k_001150;nexus_2k_000869;nexus_2k_001093;nexus_2k_000053;nexus_2k_001439,snapshot/c0/run/updates-from0000500-1791289673635578531.jsonl
C0,956,955,0.45798276364803314,0.0001,6.654121142812073,7676.518780118786,46927381504,48064626688,nexus_2k_000952;nexus_2k_001825;nexus_2k_000020;nexus_2k_001179;nexus_2k_000935,snapshot/c0/run/updates-from0000500-1791289673635578531.jsonl
C0,957,956,0.4508317768573761,0.0001,6.433213161304593,7682.952458634041,46928472576,48064626688,nexus_2k_000519;nexus_2k_001178;nexus_2k_001780;nexus_2k_000840;nexus_2k_000283,snapshot/c0/run/updates-from0000500-1791289673635578531.jsonl
C0,958,957,0.5215462625026703,0.0001,6.493855903856456,7689.446758442558,46927053824,48064626688,nexus_2k_000796;nexus_2k_000783;nexus_2k_001483;nexus_2k_000118;nexus_2k_001692,snapshot/c0/run/updates-from0000500-1791289673635578531.jsonl
C0,959,958,0.21734894216060638,0.0001,4.8564333897084,7694.303668888286,46928188416,48064626688,nexus_2k_001843;nexus_2k_000346;nexus_2k_001331;nexus_2k_000084;nexus_2k_000242,snapshot/c0/run/updates-from0000500-1791289673635578531.jsonl
C0,960,959,0.3298831731081009,0.0001,8.719926817342639,7703.024045295082,46930285568,48064626688,nexus_2k_000823;nexus_2k_001211;nexus_2k_000167;nexus_2k_001550;nexus_2k_000815,snapshot/c0/run/updates-from0000500-1791289673635578531.jsonl
C0,961,960,0.3099063128232956,0.0001,7.504911687225103,7710.529428774491,46948201472,48064626688,nexus_2k_000815;nexus_2k_001085;nexus_2k_000800;nexus_2k_001439;nexus_2k_000675,snapshot/c0/run/updates-from0000500-1791289673635578531.jsonl
C0,962,961,0.37371256947517395,0.0001,7.224045281298459,7717.753913368098,46926672896,48064626688,nexus_2k_000118;nexus_2k_000935;nexus_2k_000053;nexus_2k_001232;nexus_2k_001780,snapshot/c0/run/updates-from0000500-1791289673635578531.jsonl
C0,963,962,0.4551181495189667,0.0001,5.463636358268559,7723.217913192697,46927549440,48064626688,nexus_2k_000796;nexus_2k_001150;nexus_2k_001211;nexus_2k_001087;nexus_2k_000519,snapshot/c0/run/updates-from0000500-1791289673635578531.jsonl
C0,964,963,0.3119329035282135,0.0001,8.169552123174071,7731.387837380171,46947357696,48064626688,nexus_2k_001483;nexus_2k_000952;nexus_2k_001093;nexus_2k_001536;nexus_2k_001178,snapshot/c0/run/updates-from0000500-1791289673635578531.jsonl
C0,965,964,0.5430029809474946,0.0001,7.4125678753480315,7738.8007659437135,46926746624,48064626688,nexus_2k_000083;nexus_2k_001825;nexus_2k_000242;nexus_2k_001577;nexus_2k_001216,snapshot/c0/run/updates-from0000500-1791289673635578531.jsonl
C0,966,965,0.4699251174926758,0.0001,7.109737823717296,7745.910984530114,46924760064,48064626688,nexus_2k_000280;nexus_2k_000869;nexus_2k_001331;nexus_2k_000447;nexus_2k_001045,snapshot/c0/run/updates-from0000500-1791289673635578531.jsonl
C0,967,966,0.5495953738689423,0.0001,6.2533376682549715,7752.1647736160085,46928188416,48064626688,nexus_2k_001843;nexus_2k_001792;nexus_2k_001692;nexus_2k_000346;nexus_2k_000142,snapshot/c0/run/updates-from0000500-1791289673635578531.jsonl
C0,968,967,0.36951724290847776,0.0001,4.864991554059088,7757.030665449798,46927795200,48064626688,nexus_2k_000084;nexus_2k_000074;nexus_2k_001179;nexus_2k_000020;nexus_2k_001550,snapshot/c0/run/updates-from0000500-1791289673635578531.jsonl
C0,969,968,0.4072515517473221,0.0001,8.567007788456976,7765.5981037430465,46927170560,48064626688,nexus_2k_000872;nexus_2k_001415;nexus_2k_001317;nexus_2k_000167;nexus_2k_000840,snapshot/c0/run/updates-from0000500-1791289673635578531.jsonl
C0,970,969,0.34202222526073456,0.0001,8.83329245634377,7774.431790729985,46938436608,48064626688,nexus_2k_000283;nexus_2k_000783;nexus_2k_000823;nexus_2k_000898;nexus_2k_001716,snapshot/c0/run/updates-from0000500-1791289673635578531.jsonl
C0,971,970,0.3695032596588135,0.0001,6.822294886223972,7781.254878492095,46929892352,48064626688,nexus_2k_000346;nexus_2k_000869;nexus_2k_000823;nexus_2k_001536;nexus_2k_001211,snapshot/c0/run/updates-from0000500-1791289673635578531.jsonl
C0,972,971,0.43484518229961394,0.0001,7.3735782550647855,7788.628909351304,46952635392,48064626688,nexus_2k_000935;nexus_2k_001150;nexus_2k_001550;nexus_2k_000083;nexus_2k_000840,snapshot/c0/run/updates-from0000500-1791289673635578531.jsonl
C0,973,972,0.32188635468482973,0.0001,6.217468022368848,7794.846815948375,46925954048,48064626688,nexus_2k_000142;nexus_2k_000447;nexus_2k_001331;nexus_2k_001415;nexus_2k_001692,snapshot/c0/run/updates-from0000500-1791289673635578531.jsonl
C0,974,973,0.48124939799308775,0.0001,8.178846430964768,7803.026321175508,46949075968,48064626688,nexus_2k_000815;nexus_2k_000519;nexus_2k_000283;nexus_2k_000783;nexus_2k_001216,snapshot/c0/run/updates-from0000500-1791289673635578531.jsonl
C0,975,974,0.44700119495391843,0.0001,6.615803978405893,7809.642617138103,46925648896,48064626688,nexus_2k_001792;nexus_2k_001087;nexus_2k_001085;nexus_2k_001317;nexus_2k_000053,snapshot/c0/run/updates-from0000500-1791289673635578531.jsonl
C0,976,975,0.5769619435071945,0.0001,7.317786980420351,7816.960990396328,46926771200,48064626688,nexus_2k_000242;nexus_2k_001093;nexus_2k_000280;nexus_2k_000074;nexus_2k_000020,snapshot/c0/run/updates-from0000500-1791289673635578531.jsonl
C0,977,976,0.3745021432638168,0.0001,6.923732565715909,7823.885156764649,46926820352,48064626688,nexus_2k_001825;nexus_2k_000800;nexus_2k_001179;nexus_2k_001843;nexus_2k_001483,snapshot/c0/run/updates-from0000500-1791289673635578531.jsonl
C0,978,977,0.30687362849712374,0.0001,6.802464479580522,7830.688844582997,46937039872,48064626688,nexus_2k_001178;nexus_2k_001232;nexus_2k_000084;nexus_2k_000118;nexus_2k_001045,snapshot/c0/run/updates-from0000500-1791289673635578531.jsonl
C0,979,978,0.3471810072660446,0.0001,6.75698115862906,7837.44626117032,46933038080,48064626688,nexus_2k_001577;nexus_2k_001716;nexus_2k_000952;nexus_2k_000796;nexus_2k_000167,snapshot/c0/run/updates-from0000500-1791289673635578531.jsonl
C0,980,979,0.6893970310688019,0.0001,7.521923338063061,7844.969435047358,46927868928,48064626688,nexus_2k_000675;nexus_2k_000872;nexus_2k_001780;nexus_2k_000898;nexus_2k_001439,snapshot/c0/run/updates-from0000500-1791289673635578531.jsonl
C0,981,980,0.32047522664070127,0.0001,7.111146003007889,7852.081912438385,46947658752,48064626688,nexus_2k_000815;nexus_2k_001317;nexus_2k_001692;nexus_2k_000952;nexus_2k_000447,snapshot/c0/run/updates-from0000500-1791289673635578531.jsonl
C0,982,981,0.37220248878002166,0.0001,8.29031093697995,7860.372668540105,46928395264,48064626688,nexus_2k_001792;nexus_2k_001216;nexus_2k_001716;nexus_2k_001415;nexus_2k_000800,snapshot/c0/run/updates-from0000500-1791289673635578531.jsonl
C0,983,982,0.5501439243555069,0.0001,6.982134817168117,7867.355233634822,46940959744,48064626688,nexus_2k_001439;nexus_2k_000167;nexus_2k_001179;nexus_2k_000074;nexus_2k_001536,snapshot/c0/run/updates-from0000500-1791289673635578531.jsonl
C0,984,983,0.3203924775123596,0.0001,5.525277076289058,7872.880904313177,46926040064,48064626688,nexus_2k_000142;nexus_2k_000118;nexus_2k_001085;nexus_2k_001331;nexus_2k_000346,snapshot/c0/run/updates-from0000500-1791289673635578531.jsonl
C0,985,984,0.36214174032211305,0.0001,8.757025012746453,7881.638411001302,46935823360,48064626688,nexus_2k_001211;nexus_2k_000053;nexus_2k_001232;nexus_2k_001483;nexus_2k_000872,snapshot/c0/run/updates-from0000500-1791289673635578531.jsonl
C0,986,985,0.48037919998168943,0.0001,6.650040002539754,7888.2889077933505,46926099456,48064626688,nexus_2k_001093;nexus_2k_001150;nexus_2k_000823;nexus_2k_001178;nexus_2k_001780,snapshot/c0/run/updates-from0000500-1791289673635578531.jsonl
C0,987,986,0.3995701462030411,0.0001,8.655525581911206,7896.944873895496,46924723200,48064626688,nexus_2k_001825;nexus_2k_001550;nexus_2k_000898;nexus_2k_000935;nexus_2k_000840,snapshot/c0/run/updates-from0000500-1791289673635578531.jsonl
C0,988,987,0.2671344459056854,0.0001,8.372108696959913,7905.317546811886,46925034496,48064626688,nexus_2k_000783;nexus_2k_000083;nexus_2k_001087;nexus_2k_000283;nexus_2k_001843,snapshot/c0/run/updates-from0000500-1791289673635578531.jsonl
C0,989,988,0.35911810398101807,0.0001,4.38915097899735,7909.707186209038,46926435328,48064626688,nexus_2k_001045;nexus_2k_000242;nexus_2k_000084;nexus_2k_000020;nexus_2k_000519,snapshot/c0/run/updates-from0000500-1791289673635578531.jsonl
C0,990,989,0.4445760875940323,0.0001,7.132429252378643,7916.8403598070145,46926795776,48064626688,nexus_2k_000675;nexus_2k_000869;nexus_2k_000796;nexus_2k_000280;nexus_2k_001577,snapshot/c0/run/updates-from0000500-1791289673635578531.jsonl
C0,991,990,0.3665479600429535,0.0001,8.512455184943974,7925.353332228959,46929972224,48064626688,nexus_2k_000280;nexus_2k_001843;nexus_2k_001178;nexus_2k_001087;nexus_2k_000898,snapshot/c0/run/updates-from0000500-1791289673635578531.jsonl
C0,992,991,0.364739316701889,0.0001,7.694764671847224,7933.04862100631,46930375680,48064626688,nexus_2k_000242;nexus_2k_000800;nexus_2k_001317;nexus_2k_001536;nexus_2k_001415,snapshot/c0/run/updates-from0000500-1791289673635578531.jsonl
C0,993,992,0.5180770814418793,0.0001,6.833227870054543,7939.882538901642,46951128064,48064626688,nexus_2k_000935;nexus_2k_001439;nexus_2k_001692;nexus_2k_000869;nexus_2k_000020,snapshot/c0/run/updates-from0000500-1791289673635578531.jsonl
C0,994,993,0.3613937973976135,0.0001,9.463256295770407,7949.34638768062,46924706816,48064626688,nexus_2k_001232;nexus_2k_001825;nexus_2k_001093;nexus_2k_000083;nexus_2k_001045,snapshot/c0/run/updates-from0000500-1791289673635578531.jsonl
C0,995,994,0.26163997054100036,0.0001,7.9510284243151546,7957.298680760898,46926746624,48064626688,nexus_2k_001792;nexus_2k_000796;nexus_2k_000815;nexus_2k_001483;nexus_2k_000675,snapshot/c0/run/updates-from0000500-1791289673635578531.jsonl
C0,996,995,0.3632086306810379,0.0001,5.468932663090527,7962.768098743632,46925835264,48064626688,nexus_2k_001550;nexus_2k_000118;nexus_2k_000346;nexus_2k_000952;nexus_2k_000823,snapshot/c0/run/updates-from0000500-1791289673635578531.jsonl
C0,997,996,0.40798105895519254,0.0001,6.111031472682953,7968.880238342099,46925222912,48064626688,nexus_2k_000074;nexus_2k_001211;nexus_2k_001780;nexus_2k_001577;nexus_2k_001716,snapshot/c0/run/updates-from0000500-1791289673635578531.jsonl
C0,998,997,0.529616403579712,0.0001,6.431451327167451,7975.313035433181,46924248064,48064626688,nexus_2k_001331;nexus_2k_000053;nexus_2k_000519;nexus_2k_000167;nexus_2k_001179,snapshot/c0/run/updates-from0000500-1791289673635578531.jsonl
C0,999,998,0.24342021644115447,0.0001,4.82369012478739,7980.137149265967,46922589184,48064626688,nexus_2k_001216;nexus_2k_000447;nexus_2k_001085;nexus_2k_000840;nexus_2k_001150,snapshot/c0/run/updates-from0000500-1791289673635578531.jsonl
C0,1000,999,0.26103092432022096,0.0001,7.910078210756183,7988.048468288034,46926736384,48064626688,nexus_2k_000783;nexus_2k_000084;nexus_2k_000283;nexus_2k_000872;nexus_2k_000142,snapshot/c0/run/updates-from0000500-1791289673635578531.jsonl
C1,1,0,2.0297832012176515,1.0000000000000002e-06,5.655969474464655,68.25055191200227,46830191616,51413778432,nexus_2k_001825;nexus_2k_000952;nexus_2k_001536;nexus_2k_001716;nexus_2k_001415,snapshot/candidates/c1/run/updates-from0000000-1791371601630269956.jsonl
C1,2,1,2.045500922203064,2.0000000000000003e-06,5.700588141568005,158.8764892127365,69508407808,74646028288,nexus_2k_000815;nexus_2k_001178;nexus_2k_000167;nexus_2k_001045;nexus_2k_000084,snapshot/candidates/c1/run/updates-from0000000-1791371601630269956.jsonl
C1,3,2,2.007124662399292,3e-06,4.898613999597728,163.77867886982858,60588594688,74646028288,nexus_2k_000675;nexus_2k_001483;nexus_2k_001843;nexus_2k_000935;nexus_2k_000142,snapshot/candidates/c1/run/updates-from0000000-1791371601630269956.jsonl
C1,4,3,1.9284630298614502,4.000000000000001e-06,6.241311731748283,253.43485804460943,64425064960,74646028288,nexus_2k_000118;nexus_2k_000872;nexus_2k_000283;nexus_2k_000800;nexus_2k_001093,snapshot/candidates/c1/run/updates-from0000000-1791371601630269956.jsonl
C1,5,4,1.9884669065475464,5e-06,4.4635319374501705,257.898891759105,68830460928,74646028288,nexus_2k_001692;nexus_2k_000020;nexus_2k_000083;nexus_2k_001577;nexus_2k_001087,snapshot/candidates/c1/run/updates-from0000000-1791371601630269956.jsonl
C1,6,5,1.992380404472351,6e-06,6.078252200037241,263.9775985805318,74161512448,84334870528,nexus_2k_001150;nexus_2k_001232;nexus_2k_001179;nexus_2k_001085;nexus_2k_000898,snapshot/candidates/c1/run/updates-from0000000-1791371601630269956.jsonl
C1,7,6,1.9839821338653565,7.000000000000001e-06,6.8115510465577245,270.7895752377808,69504692224,77735133184,nexus_2k_001331;nexus_2k_000783;nexus_2k_000280;nexus_2k_001211;nexus_2k_000823,snapshot/candidates/c1/run/updates-from0000000-1791371601630269956.jsonl
C1,8,7,2.159370231628418,8.000000000000001e-06,4.979556338861585,275.76978307869285,59695890944,77735133184,nexus_2k_001792;nexus_2k_000869;nexus_2k_001780;nexus_2k_000053;nexus_2k_000074,snapshot/candidates/c1/run/updates-from0000000-1791371601630269956.jsonl
C1,9,8,2.0397220134735106,9e-06,4.334141122177243,280.1046366468072,56899830272,77735133184,nexus_2k_001216;nexus_2k_000840;nexus_2k_000519;nexus_2k_001439;nexus_2k_000346,snapshot/candidates/c1/run/updates-from0000000-1791371601630269956.jsonl
C1,10,9,1.773652482032776,1e-05,4.294238027185202,284.40017464663833,58114879488,77735133184,nexus_2k_001550;nexus_2k_001317;nexus_2k_000242;nexus_2k_000447;nexus_2k_000796,snapshot/candidates/c1/run/updates-from0000000-1791371601630269956.jsonl
C1,11,10,2.0516432762145995,1.1000000000000001e-05,6.333193859085441,290.73421844281256,69517223936,77735133184,nexus_2k_000823;nexus_2k_000869;nexus_2k_001087;nexus_2k_000280;nexus_2k_000167,snapshot/candidates/c1/run/updates-from0000000-1791371601630269956.jsonl
C1,12,11,2.017982840538025,1.2e-05,3.5565764158964157,294.2914358135313,48863768576,78418804736,nexus_2k_000074;nexus_2k_001179;nexus_2k_000840;nexus_2k_001692;nexus_2k_000084,snapshot/candidates/c1/run/updates-from0000000-1791371601630269956.jsonl
C1,13,12,2.048977780342102,1.3000000000000001e-05,5.785987540148199,300.07848422508687,59695890944,78418804736,nexus_2k_001792;nexus_2k_001550;nexus_2k_000675;nexus_2k_000142;nexus_2k_001439,snapshot/candidates/c1/run/updates-from0000000-1791371601630269956.jsonl
C1,14,13,1.9704649448394775,1.4000000000000001e-05,6.292815236374736,306.3721566628665,71543640064,78418804736,nexus_2k_000447;nexus_2k_001232;nexus_2k_000083;nexus_2k_001536;nexus_2k_000952,snapshot/candidates/c1/run/updates-from0000000-1791371601630269956.jsonl
C1,15,14,1.9198963403701783,1.5e-05,4.9559626039117575,311.32900406233966,59696344064,78418804736,nexus_2k_000242;nexus_2k_000283;nexus_2k_001577;nexus_2k_000020;nexus_2k_001415,snapshot/candidates/c1/run/updates-from0000000-1791371601630269956.jsonl
C1,16,15,1.9661634922027589,1.6000000000000003e-05,5.109453924000263,316.4392081918195,60592979456,78418804736,nexus_2k_001216;nexus_2k_000935;nexus_2k_001825;nexus_2k_001331;nexus_2k_001780,snapshot/candidates/c1/run/updates-from0000000-1791371601630269956.jsonl
C1,17,16,1.9500240802764892,1.7000000000000003e-05,5.112465769983828,321.5521122440696,60958123008,78418804736,nexus_2k_000346;nexus_2k_001716;nexus_2k_000872;nexus_2k_001483;nexus_2k_000815,snapshot/candidates/c1/run/updates-from0000000-1791371601630269956.jsonl
C1,18,17,1.889569926261902,1.8e-05,4.868359731510282,326.4209115318954,62390128640,78418804736,nexus_2k_001211;nexus_2k_001843;nexus_2k_000800;nexus_2k_000519;nexus_2k_000053,snapshot/candidates/c1/run/updates-from0000000-1791371601630269956.jsonl
C1,19,18,1.8732021570205688,1.9e-05,4.593864364549518,331.01517057977617,64432296448,78418804736,nexus_2k_000118;nexus_2k_001085;nexus_2k_001317;nexus_2k_001045;nexus_2k_001093,snapshot/candidates/c1/run/updates-from0000000-1791371601630269956.jsonl
C1,20,19,1.9765597343444825,2e-05,6.0788469249382615,337.09455080889165,74147082240,78731280384,nexus_2k_000783;nexus_2k_000898;nexus_2k_001178;nexus_2k_001150;nexus_2k_000796,snapshot/candidates/c1/run/updates-from0000000-1791371601630269956.jsonl
C1,21,20,1.8577777862548828,2.1e-05,5.0262760473415256,342.1213335702196,60970365952,78731280384,nexus_2k_000872;nexus_2k_000796;nexus_2k_000869;nexus_2k_001045;nexus_2k_000815,snapshot/candidates/c1/run/updates-from0000000-1791371601630269956.jsonl
C1,22,21,1.9880183935165405,2.2000000000000003e-05,4.273026104085147,346.3949731159955,54329202688,78731280384,nexus_2k_001577;nexus_2k_000840;nexus_2k_000447;nexus_2k_000952;nexus_2k_000823,snapshot/candidates/c1/run/updates-from0000000-1791371601630269956.jsonl
C1,23,22,1.8679084539413453,2.3000000000000003e-05,4.4645070899277925,350.8600468710065,68848085504,78731280384,nexus_2k_000118;nexus_2k_000083;nexus_2k_001179;nexus_2k_001331;nexus_2k_000084,snapshot/candidates/c1/run/updates-from0000000-1791371601630269956.jsonl
C1,24,23,1.9240997552871704,2.4e-05,4.561310302466154,355.42177181039006,69522333696,78731280384,nexus_2k_000346;nexus_2k_000142;nexus_2k_001780;nexus_2k_000280;nexus_2k_000675,snapshot/candidates/c1/run/updates-from0000000-1791371601630269956.jsonl
C1,25,24,2.020562982559204,2.5e-05,4.691880863159895,360.11424000933766,59169101824,78731280384,nexus_2k_000283;nexus_2k_001415;nexus_2k_001536;nexus_2k_001085;nexus_2k_000020,snapshot/candidates/c1/run/updates-from0000000-1791371601630269956.jsonl
C1,26,25,1.7780479907989502,2.6000000000000002e-05,5.365944266319275,365.48088085092604,62392967680,78731280384,nexus_2k_001178;nexus_2k_001150;nexus_2k_000800;nexus_2k_001087;nexus_2k_000935,snapshot/candidates/c1/run/updates-from0000000-1791371601630269956.jsonl
C1,27,26,2.0038501977920533,2.7000000000000002e-05,6.972598906606436,372.4540677666664,69423887360,78731280384,nexus_2k_000242;nexus_2k_001216;nexus_2k_001792;nexus_2k_000783;nexus_2k_000167,snapshot/candidates/c1/run/updates-from0000000-1791371601630269956.jsonl
C1,28,27,1.8042700290679932,2.8000000000000003e-05,4.744632350280881,377.19924186356366,58114879488,78731280384,nexus_2k_001550;nexus_2k_000074;nexus_2k_001843;nexus_2k_001317;nexus_2k_001825,snapshot/candidates/c1/run/updates-from0000000-1791371601630269956.jsonl
C1,29,28,1.9379060745239258,2.9e-05,6.033918367698789,383.2338073197752,64925759488,78731280384,nexus_2k_000898;nexus_2k_001483;nexus_2k_001211;nexus_2k_001716;nexus_2k_001692,snapshot/candidates/c1/run/updates-from0000000-1791371601630269956.jsonl
C1,30,29,1.859920334815979,3e-05,6.144809578545392,389.3790073795244,71554540544,78731280384,nexus_2k_000053;nexus_2k_001232;nexus_2k_001439;nexus_2k_000519;nexus_2k_001093,snapshot/candidates/c1/run/updates-from0000000-1791371601630269956.jsonl
C1,31,30,1.8447165966033936,3.1e-05,4.1232179859653115,393.5030174450949,60954903552,78731280384,nexus_2k_001843;nexus_2k_000519;nexus_2k_000815;nexus_2k_001536;nexus_2k_001085,snapshot/candidates/c1/run/updates-from0000000-1791371601630269956.jsonl
C1,32,31,1.7995582342147827,3.2000000000000005e-05,5.215005109086633,398.71958958823234,64445066752,78731280384,nexus_2k_001439;nexus_2k_001331;nexus_2k_000447;nexus_2k_000053;nexus_2k_001093,snapshot/candidates/c1/run/updates-from0000000-1791371601630269956.jsonl
C1,33,32,1.8512577533721923,3.3e-05,3.682545234449208,402.4030473418534,51555983872,78731280384,nexus_2k_000675;nexus_2k_000142;nexus_2k_000020;nexus_2k_000242;nexus_2k_001179,snapshot/candidates/c1/run/updates-from0000000-1791371601630269956.jsonl
C1,34,33,1.752662229537964,3.4000000000000007e-05,4.090787508524954,406.49503413774073,68852843008,78731280384,nexus_2k_000074;nexus_2k_001045;nexus_2k_000083;nexus_2k_000796;nexus_2k_000118,snapshot/candidates/c1/run/updates-from0000000-1791371601630269956.jsonl
C1,35,34,1.9355237245559693,3.5e-05,5.992461037822068,412.48859291523695,59699575808,78731280384,nexus_2k_000783;nexus_2k_001577;nexus_2k_000283;nexus_2k_001550;nexus_2k_001216,snapshot/candidates/c1/run/updates-from0000000-1791371601630269956.jsonl
C1,36,35,1.8261324167251587,3.6e-05,5.632359580136836,418.12142031174153,64925759488,78731280384,nexus_2k_000898;nexus_2k_001150;nexus_2k_001825;nexus_2k_001780;nexus_2k_000869,snapshot/candidates/c1/run/updates-from0000000-1791371601630269956.jsonl
C1,37,36,1.7264718055725097,3.7e-05,5.911414586007595,424.03374219406396,69413872640,78731280384,nexus_2k_000952;nexus_2k_000167;nexus_2k_000823;nexus_2k_001211;nexus_2k_001716,snapshot/candidates/c1/run/updates-from0000000-1791371601630269956.jsonl
C1,38,37,1.7140714645385742,3.8e-05,7.452699014917016,431.4870402133092,69543462912,78731280384,nexus_2k_001792;nexus_2k_000280;nexus_2k_001415;nexus_2k_001178;nexus_2k_001317,snapshot/candidates/c1/run/updates-from0000000-1791371601630269956.jsonl
C1,39,38,1.747614860534668,3.9000000000000006e-05,5.721112487837672,437.20924369897693,71548327424,78741766144,nexus_2k_000840;nexus_2k_001483;nexus_2k_000872;nexus_2k_000084;nexus_2k_001232,snapshot/candidates/c1/run/updates-from0000000-1791371601630269956.jsonl
C1,40,39,1.5884243726730347,4e-05,4.649077940732241,441.85906013380736,62381305856,78741766144,nexus_2k_000346;nexus_2k_000800;nexus_2k_000935;nexus_2k_001087;nexus_2k_001692,snapshot/candidates/c1/run/updates-from0000000-1791371601630269956.jsonl
C1,41,40,1.6534958839416505,4.1e-05,4.320597789250314,446.1804323028773,67755727872,78741766144,nexus_2k_000118;nexus_2k_000783;nexus_2k_001843;nexus_2k_001087;nexus_2k_001716,snapshot/candidates/c1/run/updates-from0000000-1791371601630269956.jsonl
C1,42,41,1.6710850477218628,4.2e-05,2.9212119076400995,449.10275105014443,46834658304,78741766144,nexus_2k_001150;nexus_2k_000020;nexus_2k_001045;nexus_2k_001780;nexus_2k_000053,snapshot/candidates/c1/run/updates-from0000000-1791371601630269956.jsonl
C1,43,42,1.7803093910217285,4.3e-05,4.52529357559979,453.6293345084414,59701403136,78741766144,nexus_2k_001179;nexus_2k_000796;nexus_2k_001536;nexus_2k_001825;nexus_2k_000283,snapshot/candidates/c1/run/updates-from0000000-1791371601630269956.jsonl
C1,44,43,1.6544753074645997,4.4000000000000006e-05,6.362190555781126,459.9926386503503,68938722304,78741766144,nexus_2k_001483;nexus_2k_001415;nexus_2k_000083;nexus_2k_001331;nexus_2k_000142,snapshot/candidates/c1/run/updates-from0000000-1791371601630269956.jsonl
C1,45,44,1.6960615158081054,4.5e-05,4.467450875788927,464.46109769586474,56933093888,78741766144,nexus_2k_001577;nexus_2k_001550;nexus_2k_000084;nexus_2k_000675;nexus_2k_001439,snapshot/candidates/c1/run/updates-from0000000-1791371601630269956.jsonl
C1,46,45,1.654792857170105,4.600000000000001e-05,6.4299335377290845,470.8915318790823,64925759488,78741766144,nexus_2k_000898;nexus_2k_000823;nexus_2k_001692;nexus_2k_000800;nexus_2k_001093,snapshot/candidates/c1/run/updates-from0000000-1791371601630269956.jsonl
C1,47,46,1.5343531847000123,4.7e-05,7.74718379881233,478.6395306047052,71556001280,78741766144,nexus_2k_000869;nexus_2k_000872;nexus_2k_001211;nexus_2k_000280;nexus_2k_001232,snapshot/candidates/c1/run/updates-from0000000-1791371601630269956.jsonl
C1,48,47,1.691437578201294,4.8e-05,5.567532670684159,484.2076214933768,59695890944,78741766144,nexus_2k_001792;nexus_2k_000074;nexus_2k_001317;nexus_2k_000346;nexus_2k_001178,snapshot/candidates/c1/run/updates-from0000000-1791371601630269956.jsonl
C1,49,48,1.6381781339645385,4.9e-05,4.417122087441385,488.62523453217,60959091200,78741766144,nexus_2k_000519;nexus_2k_000840;nexus_2k_001085;nexus_2k_000242;nexus_2k_000815,snapshot/candidates/c1/run/updates-from0000000-1791371601630269956.jsonl
C1,50,49,1.5697794675827026,5e-05,5.902830903418362,494.52885064296424,60590425600,78741766144,nexus_2k_000167;nexus_2k_001216;nexus_2k_000447;nexus_2k_000952;nexus_2k_000935,snapshot/candidates/c1/run/updates-from0000000-1791371601630269956.jsonl
C1,51,50,1.6551774263381958,5.1000000000000006e-05,4.747659577056766,499.27743844036013,57062843392,78741766144,nexus_2k_000869;nexus_2k_001045;nexus_2k_001577;nexus_2k_001087;nexus_2k_001178,snapshot/candidates/c1/run/updates-from0000000-1791371601630269956.jsonl
C1,52,51,1.6137457847595216,5.2000000000000004e-05,5.010052756406367,504.28831703867763,59696344064,78741766144,nexus_2k_000242;nexus_2k_000142;nexus_2k_001692;nexus_2k_000283;nexus_2k_001317,snapshot/candidates/c1/run/updates-from0000000-1791371601630269956.jsonl
C1,53,52,1.5448686599731445,5.300000000000001e-05,4.641544478945434,508.93076479434967,59156729856,78741766144,nexus_2k_001825;nexus_2k_000447;nexus_2k_001216;nexus_2k_001415;nexus_2k_001843,snapshot/candidates/c1/run/updates-from0000000-1791371601630269956.jsonl
C1,54,53,1.6119653940200807,5.4000000000000005e-05,4.399119505658746,513.3303386829793,59601938944,78741766144,nexus_2k_000083;nexus_2k_001536;nexus_2k_000020;nexus_2k_000346;nexus_2k_001716,snapshot/candidates/c1/run/updates-from0000000-1791371601630269956.jsonl
C1,55,54,1.547781777381897,5.500000000000001e-05,6.815366339869797,520.146207286045,64409350656,78741766144,nexus_2k_000280;nexus_2k_000053;nexus_2k_001439;nexus_2k_001093;nexus_2k_000800,snapshot/candidates/c1/run/updates-from0000000-1791371601630269956.jsonl
C1,56,55,1.7252586364746094,5.6000000000000006e-05,4.950556947849691,525.0971716996282,60954619392,78741766144,nexus_2k_001085;nexus_2k_000519;nexus_2k_000935;nexus_2k_000815;nexus_2k_000840,snapshot/candidates/c1/run/updates-from0000000-1791371601630269956.jsonl
C1,57,56,1.5034685611724854,5.6999999999999996e-05,4.216302826069295,529.3139959322289,69426082816,78741766144,nexus_2k_000796;nexus_2k_000167;nexus_2k_000118;nexus_2k_001150;nexus_2k_000675,snapshot/candidates/c1/run/updates-from0000000-1791371601630269956.jsonl
C1,58,57,1.6204156637191773,5.8e-05,7.246552929282188,536.5615608431399,74171672576,78741766144,nexus_2k_001550;nexus_2k_000084;nexus_2k_001232;nexus_2k_000898;nexus_2k_000783,snapshot/candidates/c1/run/updates-from0000000-1791371601630269956.jsonl
C1,59,58,1.5471660614013671,5.9e-05,5.229095494374633,541.7912701088935,59695890944,78741766144,nexus_2k_001792;nexus_2k_001483;nexus_2k_001331;nexus_2k_001179;nexus_2k_000074,snapshot/candidates/c1/run/updates-from0000000-1791371601630269956.jsonl
C1,60,59,1.5360107898712159,6e-05,5.212741638533771,547.0049358084798,62389619200,78741766144,nexus_2k_000823;nexus_2k_000872;nexus_2k_000952;nexus_2k_001211;nexus_2k_001780,snapshot/candidates/c1/run/updates-from0000000-1791371601630269956.jsonl
C1,61,60,1.5018518686294555,6.1e-05,4.021147185005248,551.0270362803712,68930761216,78741766144,nexus_2k_001045;nexus_2k_000346;nexus_2k_000118;nexus_2k_001792;nexus_2k_001150,snapshot/candidates/c1/run/updates-from0000000-1791371601630269956.jsonl
C1,62,61,1.5995019197463989,6.2e-05,5.377083148807287,556.4051400208846,69446712320,78741766144,nexus_2k_000083;nexus_2k_001087;nexus_2k_001692;nexus_2k_000519;nexus_2k_000167,snapshot/candidates/c1/run/updates-from0000000-1791371601630269956.jsonl
C1,63,62,1.538639760017395,6.3e-05,6.4054620284587145,562.8115956373513,74187937792,78741766144,nexus_2k_000447;nexus_2k_000869;nexus_2k_001577;nexus_2k_001211;nexus_2k_000898,snapshot/candidates/c1/run/updates-from0000000-1791371601630269956.jsonl
C1,64,63,1.3980431079864502,6.400000000000001e-05,3.8944442169740796,566.7068301318213,51346278400,78741766144,nexus_2k_000935;nexus_2k_001780;nexus_2k_000053;nexus_2k_000675;nexus_2k_001843,snapshot/candidates/c1/run/updates-from0000000-1791371601630269956.jsonl
C1,65,64,1.4899825572967529,6.500000000000001e-05,5.767545753158629,572.4748320365325,69520754688,78741766144,nexus_2k_000242;nexus_2k_001439;nexus_2k_000796;nexus_2k_000280;nexus_2k_001415,snapshot/candidates/c1/run/updates-from0000000-1791371601630269956.jsonl
C1,66,65,1.5381683588027955,6.6e-05,5.559732190333307,578.0353687535971,59686634496,78741766144,nexus_2k_001716;nexus_2k_000283;nexus_2k_001550;nexus_2k_001178;nexus_2k_000872,snapshot/candidates/c1/run/updates-from0000000-1791371601630269956.jsonl
C1,67,66,1.4570836305618287,6.7e-05,4.943285746499896,582.9793862914667,60962116608,78741766144,nexus_2k_000840;nexus_2k_001825;nexus_2k_000815;nexus_2k_000074;nexus_2k_000823,snapshot/candidates/c1/run/updates-from0000000-1791371601630269956.jsonl
C1,68,67,1.388826060295105,6.800000000000001e-05,4.97870135679841,587.9590465491638,64416523776,78743863296,nexus_2k_000142;nexus_2k_001085;nexus_2k_000084;nexus_2k_001317;nexus_2k_001093,snapshot/candidates/c1/run/updates-from0000000-1791371601630269956.jsonl
C1,69,68,1.5509299755096435,6.9e-05,3.983061227016151,591.9428966687992,50848930816,78743863296,nexus_2k_001179;nexus_2k_000020;nexus_2k_001216;nexus_2k_001536;nexus_2k_001331,snapshot/candidates/c1/run/updates-from0000000-1791371601630269956.jsonl
C1,70,69,1.5323369264602662,7e-05,7.569617978297174,599.5130946459249,71530667520,78743863296,nexus_2k_000952;nexus_2k_000783;nexus_2k_000800;nexus_2k_001232;nexus_2k_001483,snapshot/candidates/c1/run/updates-from0000000-1791371601630269956.jsonl
C1,71,70,1.4566899299621583,7.1e-05,3.921857758425176,603.4356257785112,68940444160,78743863296,nexus_2k_000084;nexus_2k_001045;nexus_2k_000118;nexus_2k_001843;nexus_2k_001792,snapshot/candidates/c1/run/updates-from0000000-1791371601630269956.jsonl
C1,72,71,1.7207191228866576,7.2e-05,6.556234297342598,609.99230424501,67731201024,78743863296,nexus_2k_000167;nexus_2k_000053;nexus_2k_000952;nexus_2k_000783;nexus_2k_001483,snapshot/candidates/c1/run/updates-from0000000-1791371601630269956.jsonl
C1,73,72,1.5281503915786743,7.3e-05,4.659841970540583,614.6535654244944,62390550528,78743863296,nexus_2k_001536;nexus_2k_001150;nexus_2k_000823;nexus_2k_000142;nexus_2k_000800,snapshot/candidates/c1/run/updates-from0000000-1791371601630269956.jsonl
C1,74,73,1.4286216974258423,7.4e-05,6.310294304043055,620.9645615005866,68843039232,78743863296,nexus_2k_000242;nexus_2k_001439;nexus_2k_001093;nexus_2k_000083;nexus_2k_001577,snapshot/candidates/c1/run/updates-from0000000-1791371601630269956.jsonl
C1,75,74,1.4402244091033936,7.500000000000001e-05,4.607354738749564,625.5728920716792,74184249344,79056338944,nexus_2k_001692;nexus_2k_000898;nexus_2k_000519;nexus_2k_000020;nexus_2k_000447,snapshot/candidates/c1/run/updates-from0000000-1791371601630269956.jsonl
C1,76,75,1.4473666906356812,7.6e-05,4.297131586819887,629.8704884173349,69522333696,79056338944,nexus_2k_000346;nexus_2k_000074;nexus_2k_000675;nexus_2k_001085;nexus_2k_000280,snapshot/candidates/c1/run/updates-from0000000-1791371601630269956.jsonl
C1,77,76,1.7470765113830566,7.7e-05,4.288017249666154,634.1589197712019,54648446976,79056338944,nexus_2k_001216;nexus_2k_001825;nexus_2k_000796;nexus_2k_001716;nexus_2k_000840,snapshot/candidates/c1/run/updates-from0000000-1791371601630269956.jsonl
C1,78,77,1.5219781398773193,7.800000000000001e-05,5.16967998072505,639.3291135085747,60958422528,79056338944,nexus_2k_001179;nexus_2k_000815;nexus_2k_001087;nexus_2k_000872;nexus_2k_001178,snapshot/candidates/c1/run/updates-from0000000-1791371601630269956.jsonl
C1,79,78,1.2626028537750245,7.900000000000001e-05,6.564350349828601,645.893952216953,62402028032,79056338944,nexus_2k_001415;nexus_2k_001331;nexus_2k_001317;nexus_2k_001211;nexus_2k_000935,snapshot/candidates/c1/run/updates-from0000000-1791371601630269956.jsonl
C1,80,79,1.4996254444122314,8e-05,6.269411653280258,652.164347724989,71543909888,79056338944,nexus_2k_001780;nexus_2k_000283;nexus_2k_000869;nexus_2k_001232;nexus_2k_001550,snapshot/candidates/c1/run/updates-from0000000-1791371601630269956.jsonl
C1,81,80,1.3711179733276366,8.1e-05,6.332398102618754,658.4973978847265,74185371648,79056338944,nexus_2k_000346;nexus_2k_000142;nexus_2k_000815;nexus_2k_000898;nexus_2k_001483,snapshot/candidates/c1/run/updates-from0000000-1791371601630269956.jsonl
C1,82,81,1.585903000831604,8.2e-05,5.089462424628437,663.5873807799071,59713043456,79056338944,nexus_2k_001415;nexus_2k_000242;nexus_2k_000675;nexus_2k_000283;nexus_2k_000840,snapshot/candidates/c1/run/updates-from0000000-1791371601630269956.jsonl
C1,83,82,1.3370474338531495,8.3e-05,5.365778393112123,668.9538766406476,69430639616,79056338944,nexus_2k_001093;nexus_2k_001179;nexus_2k_001087;nexus_2k_001716;nexus_2k_000167,snapshot/candidates/c1/run/updates-from0000000-1791371601630269956.jsonl
C1,84,83,1.500000810623169,8.4e-05,6.890637096017599,675.846203783527,71563622912,79056338944,nexus_2k_001536;nexus_2k_001792;nexus_2k_001577;nexus_2k_001232;nexus_2k_001211,snapshot/candidates/c1/run/updates-from0000000-1791371601630269956.jsonl
C1,85,84,1.3149068117141725,8.5e-05,5.456885324791074,681.3037604764104,62361888768,79056338944,nexus_2k_000280;nexus_2k_001780;nexus_2k_000796;nexus_2k_000800;nexus_2k_001550,snapshot/candidates/c1/run/updates-from0000000-1791371601630269956.jsonl
C1,86,85,1.521169662475586,8.6e-05,4.168175985105336,685.4725658586249,56922623488,79056338944,nexus_2k_001085;nexus_2k_000823;nexus_2k_001216;nexus_2k_001439;nexus_2k_001150,snapshot/candidates/c1/run/updates-from0000000-1791371601630269956.jsonl
C1,87,86,1.4281917572021485,8.7e-05,5.157560448162258,690.6310652773827,60593986048,79056338944,nexus_2k_000952;nexus_2k_000869;nexus_2k_000447;nexus_2k_000935;nexus_2k_000074,snapshot/candidates/c1/run/updates-from0000000-1791371601630269956.jsonl
C1,88,87,1.4420463562011718,8.800000000000001e-05,4.835370751097798,695.4670191174373,68852255232,79056338944,nexus_2k_000519;nexus_2k_001317;nexus_2k_001843;nexus_2k_000020;nexus_2k_000083,snapshot/candidates/c1/run/updates-from0000000-1791371601630269956.jsonl
C1,89,88,1.353358268737793,8.900000000000001e-05,4.453189897350967,699.9206510959193,54670832128,79056338944,nexus_2k_000872;nexus_2k_001825;nexus_2k_000118;nexus_2k_001331;nexus_2k_001692,snapshot/candidates/c1/run/updates-from0000000-1791371601630269956.jsonl
C1,90,89,1.604817771911621,9e-05,4.913036508485675,704.8342258902267,67770721280,79056338944,nexus_2k_000053;nexus_2k_001045;nexus_2k_000783;nexus_2k_001178;nexus_2k_000084,snapshot/candidates/c1/run/updates-from0000000-1791371601630269956.jsonl
C1,91,90,1.440277886390686,9.1e-05,6.561249163933098,711.3960100477561,67743958016,79056338944,nexus_2k_000800;nexus_2k_001483;nexus_2k_001536;nexus_2k_000783;nexus_2k_001439,snapshot/candidates/c1/run/updates-from0000000-1791371601630269956.jsonl
C1,92,91,1.398270058631897,9.200000000000001e-05,4.762955165468156,716.1597160901874,59181733888,79056338944,nexus_2k_001577;nexus_2k_001178;nexus_2k_001179;nexus_2k_001085;nexus_2k_001415,snapshot/candidates/c1/run/updates-from0000000-1791371601630269956.jsonl
C1,93,92,1.3937140941619872,9.300000000000001e-05,4.027190560474992,720.1876951344311,60614314496,79056338944,nexus_2k_000840;nexus_2k_001780;nexus_2k_000020;nexus_2k_000447;nexus_2k_000935,snapshot/candidates/c1/run/updates-from0000000-1791371601630269956.jsonl
C1,94,93,1.3227418184280395,9.4e-05,5.920355336740613,726.1084240050986,68847923200,79056338944,nexus_2k_001792;nexus_2k_000869;nexus_2k_000084;nexus_2k_001692;nexus_2k_000083,snapshot/candidates/c1/run/updates-from0000000-1791371601630269956.jsonl
C1,95,94,1.5134180068969727,9.5e-05,4.821619397029281,730.9305815156549,59697482240,79056338944,nexus_2k_000519;nexus_2k_001716;nexus_2k_000283;nexus_2k_001550;nexus_2k_000142,snapshot/candidates/c1/run/updates-from0000000-1791371601630269956.jsonl
C1,96,95,1.4239405393600464,9.6e-05,6.291418905369937,737.222444509156,74196558848,79056338944,nexus_2k_001087;nexus_2k_001232;nexus_2k_000898;nexus_2k_000872;nexus_2k_001045,snapshot/candidates/c1/run/updates-from0000000-1791371601630269956.jsonl
C1,97,96,1.3409078121185303,9.7e-05,6.118906979449093,743.3418818516657,69419695104,79056338944,nexus_2k_000280;nexus_2k_000167;nexus_2k_001211;nexus_2k_000796;nexus_2k_001150,snapshot/candidates/c1/run/updates-from0000000-1791371601630269956.jsonl
C1,98,97,1.3798196077346803,9.8e-05,5.2526484820991755,748.5950888469815,58100467712,79056338944,nexus_2k_001825;nexus_2k_001317;nexus_2k_001216;nexus_2k_000952;nexus_2k_000118,snapshot/candidates/c1/run/updates-from0000000-1791371601630269956.jsonl
C1,99,98,1.4527934789657593,9.900000000000001e-05,4.676644099876285,753.2725638784468,64438858240,79056338944,nexus_2k_000053;nexus_2k_001093;nexus_2k_001331;nexus_2k_001843;nexus_2k_000823,snapshot/candidates/c1/run/updates-from0000000-1791371601630269956.jsonl
C1,100,99,1.3649746656417847,0.0001,4.205450021661818,757.4792866548523,60961579008,79056338944,nexus_2k_000675;nexus_2k_000074;nexus_2k_000346;nexus_2k_000815;nexus_2k_000242,snapshot/candidates/c1/run/updates-from0000000-1791371601630269956.jsonl
C1,101,100,1.2991428136825562,0.0001,6.043359876610339,763.5231246175244,67755826176,79056338944,nexus_2k_000283;nexus_2k_001178;nexus_2k_000783;nexus_2k_000872;nexus_2k_000084,snapshot/candidates/c1/run/updates-from0000000-1791371601630269956.jsonl
C1,102,101,1.4855560541152955,0.0001,4.526112983934581,768.0501986490563,53119331328,79056338944,nexus_2k_000800;nexus_2k_001716;nexus_2k_001216;nexus_2k_000823;nexus_2k_000346,snapshot/candidates/c1/run/updates-from0000000-1791371601630269956.jsonl
C1,103,102,1.5881426572799682,0.0001,5.877614862285554,773.9284391961992,68960154112,79056338944,nexus_2k_000869;nexus_2k_001415;nexus_2k_001792;nexus_2k_001577;nexus_2k_001780,snapshot/candidates/c1/run/updates-from0000000-1791371601630269956.jsonl
C1,104,103,1.3889671087265014,0.0001,4.897825837135315,778.8270658776164,60300259328,79056338944,nexus_2k_000280;nexus_2k_001536;nexus_2k_000242;nexus_2k_000142;nexus_2k_001692,snapshot/candidates/c1/run/updates-from0000000-1791371601630269956.jsonl
C1,105,104,1.6373574256896972,0.0001,4.8686884911730886,783.696483142674,69426082816,79056338944,nexus_2k_000796;nexus_2k_000167;nexus_2k_000053;nexus_2k_001439;nexus_2k_001843,snapshot/candidates/c1/run/updates-from0000000-1791371601630269956.jsonl
C1,106,105,1.3012085676193237,0.0001,6.01723332516849,789.7150137415156,64925759488,79056338944,nexus_2k_000898;nexus_2k_001093;nexus_2k_001085;nexus_2k_001317;nexus_2k_001045,snapshot/candidates/c1/run/updates-from0000000-1791371601630269956.jsonl
C1,107,106,1.5212072134017944,0.0001,4.974499326199293,794.6899783797562,60614929920,79056338944,nexus_2k_000447;nexus_2k_001331;nexus_2k_000935;nexus_2k_000675;nexus_2k_001483,snapshot/candidates/c1/run/updates-from0000000-1791371601630269956.jsonl
C1,108,107,1.2223698139190673,0.0001,4.452011683024466,799.1431506425142,60957729792,79056338944,nexus_2k_001150;nexus_2k_000815;nexus_2k_000118;nexus_2k_001825;nexus_2k_001087,snapshot/candidates/c1/run/updates-from0000000-1791371601630269956.jsonl
C1,109,108,1.2160140514373778,0.0001,5.173086192458868,804.3173442492262,62297938944,79056338944,nexus_2k_001232;nexus_2k_000519;nexus_2k_000074;nexus_2k_001550;nexus_2k_000840,snapshot/candidates/c1/run/updates-from0000000-1791371601630269956.jsonl
C1,110,109,1.3150580883026124,0.0001,5.651125267148018,809.9693367574364,68834620416,79056338944,nexus_2k_000952;nexus_2k_001179;nexus_2k_000020;nexus_2k_000083;nexus_2k_001211,snapshot/candidates/c1/run/updates-from0000000-1791371601630269956.jsonl
C1,111,110,1.4688355207443238,0.0001,3.5236069401726127,813.4939960539341,53904057856,79056338944,nexus_2k_000053;nexus_2k_001843;nexus_2k_001780;nexus_2k_000118;nexus_2k_000872,snapshot/candidates/c1/run/updates-from0000000-1791371601630269956.jsonl
C1,112,111,1.4002854108810425,0.0001,5.415697741322219,818.9108820157126,74184634368,79056338944,nexus_2k_000020;nexus_2k_000898;nexus_2k_001085;nexus_2k_000800;nexus_2k_000519,snapshot/candidates/c1/run/updates-from0000000-1791371601630269956.jsonl
C1,113,112,1.222344946861267,0.0001,4.854759404435754,823.7665278445929,62401217024,79056338944,nexus_2k_001415;nexus_2k_000823;nexus_2k_000074;nexus_2k_001211;nexus_2k_001045,snapshot/candidates/c1/run/updates-from0000000-1791371601630269956.jsonl
C1,114,113,1.2920393466949462,0.0001,6.581899203360081,830.3489946359769,68977195520,79056338944,nexus_2k_001536;nexus_2k_000083;nexus_2k_001331;nexus_2k_001439;nexus_2k_001792,snapshot/candidates/c1/run/updates-from0000000-1791371601630269956.jsonl
C1,115,114,1.4804514169692993,0.0001,6.699144416488707,837.0487100901082,69432069120,79056338944,nexus_2k_001093;nexus_2k_000167;nexus_2k_001692;nexus_2k_001317;nexus_2k_000815,snapshot/candidates/c1/run/updates-from0000000-1791371601630269956.jsonl
C1,116,115,1.3622517108917236,0.0001,6.509263850748539,843.5587206678465,71584538112,79609987072,nexus_2k_001483;nexus_2k_000280;nexus_2k_000084;nexus_2k_001550;nexus_2k_001232,snapshot/candidates/c1/run/updates-from0000000-1791371601630269956.jsonl
C1,117,116,1.3288087368011474,0.0001,4.871222929097712,848.4308081986383,54668865536,79609987072,nexus_2k_001178;nexus_2k_000952;nexus_2k_001825;nexus_2k_000346;nexus_2k_001716,snapshot/candidates/c1/run/updates-from0000000-1791371601630269956.jsonl
C1,118,117,1.2046311140060424,0.0001,5.135969002731144,853.5672508077696,60614929920,79609987072,nexus_2k_000447;nexus_2k_000840;nexus_2k_000283;nexus_2k_001577;nexus_2k_000935,snapshot/candidates/c1/run/updates-from0000000-1791371601630269956.jsonl
C1,119,118,1.3269859075546264,0.0001,4.4746581725776196,858.0427686274052,58861256704,79609987072,nexus_2k_000242;nexus_2k_000869;nexus_2k_001216;nexus_2k_001179;nexus_2k_000675,snapshot/candidates/c1/run/updates-from0000000-1791371601630269956.jsonl
C1,120,119,1.2521217107772826,0.0001,4.476191355846822,862.5194858834147,58478887936,79609987072,nexus_2k_000783;nexus_2k_001087;nexus_2k_000142;nexus_2k_000796;nexus_2k_001150,snapshot/candidates/c1/run/updates-from0000000-1791371601630269956.jsonl
C1,121,120,1.1613726615905762,0.0001,4.170075122267008,866.6902263248339,58866964480,79609987072,nexus_2k_001780;nexus_2k_001085;nexus_2k_000053;nexus_2k_001331;nexus_2k_000869,snapshot/candidates/c1/run/updates-from0000000-1791371601630269956.jsonl
C1,122,121,1.1733950138092042,0.0001,6.268323249183595,872.9600719772279,69446876672,79609987072,nexus_2k_001415;nexus_2k_000083;nexus_2k_000167;nexus_2k_000447;nexus_2k_000242,snapshot/candidates/c1/run/updates-from0000000-1791371601630269956.jsonl
C1,123,122,1.3336602449417114,0.0001,4.012488977983594,876.9732787888497,60957555712,79609987072,nexus_2k_001692;nexus_2k_000815;nexus_2k_000084;nexus_2k_001087;nexus_2k_001716,snapshot/candidates/c1/run/updates-from0000000-1791371601630269956.jsonl
C1,124,123,1.3457847595214845,0.0001,7.270359991118312,884.2452963367105,74187125248,79609987072,nexus_2k_001179;nexus_2k_001232;nexus_2k_001550;nexus_2k_000898;nexus_2k_001093,snapshot/candidates/c1/run/updates-from0000000-1791371601630269956.jsonl
C1,125,124,1.22189302444458,0.0001,6.118641916662455,890.3646777886897,60588430848,79609987072,nexus_2k_000280;nexus_2k_000935;nexus_2k_000840;nexus_2k_001536;nexus_2k_001178,snapshot/candidates/c1/run/updates-from0000000-1791371601630269956.jsonl
C1,126,125,1.2405622959136964,0.0001,5.1765131149441,895.5417918041348,68946129408,79609987072,nexus_2k_000796;nexus_2k_000346;nexus_2k_000800;nexus_2k_001577;nexus_2k_001792,snapshot/candidates/c1/run/updates-from0000000-1791371601630269956.jsonl
C1,127,126,1.101431918144226,0.0001,5.088127292692661,900.6303967935964,62388046336,79609987072,nexus_2k_001045;nexus_2k_001439;nexus_2k_000118;nexus_2k_001211;nexus_2k_000872,snapshot/candidates/c1/run/updates-from0000000-1791371601630269956.jsonl
C1,128,127,1.3701539993286134,0.0001,4.382464833557606,905.0141193363816,59689516032,79609987072,nexus_2k_000823;nexus_2k_001843;nexus_2k_000283;nexus_2k_000142;nexus_2k_000519,snapshot/candidates/c1/run/updates-from0000000-1791371601630269956.jsonl
C1,129,128,1.2080618858337402,0.0001,5.331362732686102,910.3462997684255,58478887936,79609987072,nexus_2k_000783;nexus_2k_000020;nexus_2k_001825;nexus_2k_001483;nexus_2k_000074,snapshot/candidates/c1/run/updates-from0000000-1791371601630269956.jsonl
C1,130,129,1.2695817708969117,0.0001,4.722917046397924,915.0705423513427,54304163840,79609987072,nexus_2k_001317;nexus_2k_001150;nexus_2k_000952;nexus_2k_001216;nexus_2k_000675,snapshot/candidates/c1/run/updates-from0000000-1791371601630269956.jsonl
C1,131,130,1.1310799598693848,0.0001,3.709832388907671,918.7820591917261,52915638272,79609987072,nexus_2k_001085;nexus_2k_001550;nexus_2k_001087;nexus_2k_001843;nexus_2k_000242,snapshot/candidates/c1/run/updates-from0000000-1791371601630269956.jsonl
C1,132,131,1.3840263128280639,0.0001,6.534363797865808,925.3172000274062,67761347584,79609987072,nexus_2k_000872;nexus_2k_001317;nexus_2k_000783;nexus_2k_000283;nexus_2k_001331,snapshot/candidates/c1/run/updates-from0000000-1791371601630269956.jsonl
C1,133,132,1.1963333368301392,0.0001,5.017497954890132,930.3353611622006,69470699008,79609987072,nexus_2k_001211;nexus_2k_000167;nexus_2k_000084;nexus_2k_001716;nexus_2k_000346,snapshot/candidates/c1/run/updates-from0000000-1791371601630269956.jsonl
C1,134,133,1.2702720165252686,0.0001,5.987825479358435,936.3239925736561,68948607488,79609987072,nexus_2k_000840;nexus_2k_000074;nexus_2k_001792;nexus_2k_001825;nexus_2k_001093,snapshot/candidates/c1/run/updates-from0000000-1791371601630269956.jsonl
C1,135,134,1.5243493556976317,0.0001,3.689756104722619,940.0143732968718,58866964480,79609987072,nexus_2k_001780;nexus_2k_001692;nexus_2k_000869;nexus_2k_000796;nexus_2k_000053,snapshot/candidates/c1/run/updates-from0000000-1791371601630269956.jsonl
C1,136,135,1.1332181215286254,0.0001,6.108647444285452,946.1238350290805,68840975360,79609987072,nexus_2k_001150;nexus_2k_001439;nexus_2k_000815;nexus_2k_001216;nexus_2k_000083,snapshot/candidates/c1/run/updates-from0000000-1791371601630269956.jsonl
C1,137,136,1.2350241899490357,0.0001,4.85013313870877,950.9745194092393,62374176768,79609987072,nexus_2k_001045;nexus_2k_001415;nexus_2k_000118;nexus_2k_001536;nexus_2k_000800,snapshot/candidates/c1/run/updates-from0000000-1791371601630269956.jsonl
C1,138,137,1.2155107259750366,0.0001,4.650578483939171,955.6255525965244,71540790272,79609987072,nexus_2k_000020;nexus_2k_001179;nexus_2k_000823;nexus_2k_000447;nexus_2k_001232,snapshot/candidates/c1/run/updates-from0000000-1791371601630269956.jsonl
C1,139,138,1.2598567247390746,0.0001,6.326499549672008,961.9526888336986,74191955968,79609987072,nexus_2k_001577;nexus_2k_000142;nexus_2k_001483;nexus_2k_000952;nexus_2k_000898,snapshot/candidates/c1/run/updates-from0000000-1791371601630269956.jsonl
C1,140,139,1.397297167778015,0.0001,5.80695378407836,967.7604640694335,60587951616,79609987072,nexus_2k_000280;nexus_2k_000519;nexus_2k_000675;nexus_2k_001178;nexus_2k_000935,snapshot/candidates/c1/run/updates-from0000000-1791371601630269956.jsonl
C1,141,140,1.4562122106552124,0.0001,6.526835042051971,974.2878769980744,60590891008,79609987072,nexus_2k_000167;nexus_2k_000935;nexus_2k_000869;nexus_2k_000142;nexus_2k_001216,snapshot/candidates/c1/run/updates-from0000000-1791371601630269956.jsonl
C1,142,141,1.2153470754623412,0.0001,4.94286522269249,979.2313433401287,64463325696,79609987072,nexus_2k_000800;nexus_2k_001843;nexus_2k_001093;nexus_2k_000053;nexus_2k_000447,snapshot/candidates/c1/run/updates-from0000000-1791371601630269956.jsonl
C1,143,142,1.2341282367706299,0.0001,4.364842342212796,983.5968288723379,57045310976,79609987072,nexus_2k_001550;nexus_2k_001179;nexus_2k_001178;nexus_2k_001085;nexus_2k_001577,snapshot/candidates/c1/run/updates-from0000000-1791371601630269956.jsonl
C1,144,143,1.2662554502487182,0.0001,7.112682417035103,990.7110827742144,74171516928,79609987072,nexus_2k_000952;nexus_2k_000872;nexus_2k_000898;nexus_2k_001211;nexus_2k_001439,snapshot/candidates/c1/run/updates-from0000000-1791371601630269956.jsonl
C1,145,144,1.169830584526062,0.0001,4.723640346899629,995.4359499886632,69523816960,79609987072,nexus_2k_000084;nexus_2k_001150;nexus_2k_000283;nexus_2k_000280;nexus_2k_000346,snapshot/candidates/c1/run/updates-from0000000-1791371601630269956.jsonl
C1,146,145,1.0901615619659424,0.0001,3.164301381446421,998.6007193215191,46839204864,79609987072,nexus_2k_000118;nexus_2k_001716;nexus_2k_000675;nexus_2k_001780;nexus_2k_001045,snapshot/candidates/c1/run/updates-from0000000-1791371601630269956.jsonl
C1,147,146,1.2496576070785523,0.0001,4.572741626761854,1003.1742267105728,68945588736,79609987072,nexus_2k_000796;nexus_2k_000823;nexus_2k_001087;nexus_2k_001536;nexus_2k_001792,snapshot/candidates/c1/run/updates-from0000000-1791371601630269956.jsonl
C1,148,147,1.319291853904724,0.0001,6.8655366050079465,1010.0407808115706,71583760896,79609987072,nexus_2k_001483;nexus_2k_000519;nexus_2k_001317;nexus_2k_000783;nexus_2k_001232,snapshot/candidates/c1/run/updates-from0000000-1791371601630269956.jsonl
C1,149,148,1.2144611597061157,0.0001,5.05438585486263,1015.0959069170058,60939740160,79609987072,nexus_2k_001331;nexus_2k_000020;nexus_2k_000074;nexus_2k_000815;nexus_2k_001415,snapshot/candidates/c1/run/updates-from0000000-1791371601630269956.jsonl
C1,150,149,1.069139051437378,0.0001,5.0660958448424935,1020.1626695496961,59601938944,79609987072,nexus_2k_000083;nexus_2k_001825;nexus_2k_001692;nexus_2k_000840;nexus_2k_000242,snapshot/candidates/c1/run/updates-from0000000-1791371601630269956.jsonl
C1,151,150,1.225426983833313,0.0001,4.0135662807151675,1024.1768824951723,64439964160,79609987072,nexus_2k_000084;nexus_2k_001093;nexus_2k_000242;nexus_2k_001045;nexus_2k_001085,snapshot/candidates/c1/run/updates-from0000000-1791371601630269956.jsonl
C1,152,151,1.0953291416168214,0.0001,6.147236842662096,1030.3246273091063,71563745792,79609987072,nexus_2k_001211;nexus_2k_001780;nexus_2k_001577;nexus_2k_001439;nexus_2k_001232,snapshot/candidates/c1/run/updates-from0000000-1791371601630269956.jsonl
C1,153,152,1.279666829109192,0.0001,4.62681380379945,1034.9519288213924,68939756032,79609987072,nexus_2k_000020;nexus_2k_000074;nexus_2k_000142;nexus_2k_000519;nexus_2k_001792,snapshot/candidates/c1/run/updates-from0000000-1791371601630269956.jsonl
C1,154,153,1.1790581226348877,0.0001,6.519943685270846,1041.4723267294466,67759543296,79609987072,nexus_2k_000083;nexus_2k_001415;nexus_2k_001087;nexus_2k_000783;nexus_2k_001550,snapshot/candidates/c1/run/updates-from0000000-1791371601630269956.jsonl
C1,155,154,1.1403776168823243,0.0001,6.838397190906107,1048.3116706255823,74167236608,79609987072,nexus_2k_001825;nexus_2k_000898;nexus_2k_000869;nexus_2k_001536;nexus_2k_000815,snapshot/candidates/c1/run/updates-from0000000-1791371601630269956.jsonl
C1,156,155,1.1222310781478881,0.0001,7.03700306173414,1055.3492942694575,69564823040,79609987072,nexus_2k_000800;nexus_2k_001179;nexus_2k_000280;nexus_2k_000935;nexus_2k_000167,snapshot/candidates/c1/run/updates-from0000000-1791371601630269956.jsonl
C1,157,156,1.323921537399292,0.0001,4.656942926347256,1060.0067430716008,53935692288,79609987072,nexus_2k_001483;nexus_2k_000118;nexus_2k_000823;nexus_2k_000840;nexus_2k_000872,snapshot/candidates/c1/run/updates-from0000000-1791371601630269956.jsonl
C1,158,157,1.3339833736419677,0.0001,4.384447689168155,1064.391616500914,58114486272,79609987072,nexus_2k_000053;nexus_2k_000346;nexus_2k_001317;nexus_2k_001178;nexus_2k_000796,snapshot/candidates/c1/run/updates-from0000000-1791371601630269956.jsonl
C1,159,158,1.076971411705017,0.0001,4.177361802197993,1068.569366214797,59698885632,79609987072,nexus_2k_001843;nexus_2k_001716;nexus_2k_000283;nexus_2k_001692;nexus_2k_001331,snapshot/candidates/c1/run/updates-from0000000-1791371601630269956.jsonl
C1,160,159,1.1260082721710205,0.0001,3.9681826746091247,1072.5384311126545,50490510848,79609987072,nexus_2k_000952;nexus_2k_000675;nexus_2k_001150;nexus_2k_001216;nexus_2k_000447,snapshot/candidates/c1/run/updates-from0000000-1791371601630269956.jsonl
C1,161,160,1.1154925584793092,0.0001,4.9172158651053905,1077.456234993413,74184634368,79609987072,nexus_2k_000020;nexus_2k_000447;nexus_2k_000898;nexus_2k_000084;nexus_2k_000952,snapshot/candidates/c1/run/updates-from0000000-1791371601630269956.jsonl
C1,162,161,1.0512943506240844,0.0001,5.6434841845184565,1083.1008371179923,57080269824,79609987072,nexus_2k_000800;nexus_2k_001577;nexus_2k_001178;nexus_2k_001825;nexus_2k_001536,snapshot/candidates/c1/run/updates-from0000000-1791371601630269956.jsonl
C1,163,162,1.2643102526664733,0.0001,6.386940034106374,1089.4884485676885,71532064256,79609987072,nexus_2k_001317;nexus_2k_000142;nexus_2k_001232;nexus_2k_001692;nexus_2k_001093,snapshot/candidates/c1/run/updates-from0000000-1791371601630269956.jsonl
C1,164,163,1.1581044435501098,0.0001,4.711663368158042,1094.2006015544757,56494201344,79609987072,nexus_2k_001550;nexus_2k_001216;nexus_2k_000242;nexus_2k_000519;nexus_2k_001483,snapshot/candidates/c1/run/updates-from0000000-1791371601630269956.jsonl
C1,165,164,1.1132233619689942,0.0001,5.0642086416482925,1099.2654472719878,58478887936,79609987072,nexus_2k_000783;nexus_2k_000840;nexus_2k_000074;nexus_2k_001439;nexus_2k_000796,snapshot/candidates/c1/run/updates-from0000000-1791371601630269956.jsonl
C1,166,165,1.2689340591430665,0.0001,4.0179757960140705,1103.2840778138489,60957819904,79609987072,nexus_2k_000823;nexus_2k_001780;nexus_2k_000815;nexus_2k_000053;nexus_2k_001843,snapshot/candidates/c1/run/updates-from0000000-1791371601630269956.jsonl
C1,167,166,1.0355259656906128,0.0001,5.9866364654153585,1109.2713816333562,69445449216,79609987072,nexus_2k_000869;nexus_2k_000167;nexus_2k_001716;nexus_2k_001211;nexus_2k_001087,snapshot/candidates/c1/run/updates-from0000000-1791371601630269956.jsonl
C1,168,167,1.2717790007591248,0.0001,3.8727513942867517,1113.1448201844469,53893598720,79609987072,nexus_2k_000118;nexus_2k_001045;nexus_2k_001331;nexus_2k_000872;nexus_2k_000346,snapshot/candidates/c1/run/updates-from0000000-1791371601630269956.jsonl
C1,169,168,1.115744173526764,0.0001,4.887641935609281,1118.03343419265,69522575872,79609987072,nexus_2k_001179;nexus_2k_001150;nexus_2k_000935;nexus_2k_001085;nexus_2k_000280,snapshot/candidates/c1/run/updates-from0000000-1791371601630269956.jsonl
C1,170,169,1.1674848198890686,0.0001,6.92337198741734,1124.9574914239347,68953930240,79609987072,nexus_2k_000283;nexus_2k_001792;nexus_2k_001415;nexus_2k_000083;nexus_2k_000675,snapshot/candidates/c1/run/updates-from0000000-1791371601630269956.jsonl
C1,171,170,0.9776854753494263,0.0001,4.585308313369751,1129.5439199870452,60616708608,79609987072,nexus_2k_000675;nexus_2k_001085;nexus_2k_000935;nexus_2k_001843;nexus_2k_001415,snapshot/candidates/c1/run/updates-from0000000-1791371601630269956.jsonl
C1,172,171,1.1900155901908875,0.0001,4.073785408399999,1133.6183689432219,59712920576,79609987072,nexus_2k_000084;nexus_2k_001780;nexus_2k_001331;nexus_2k_000283;nexus_2k_001150,snapshot/candidates/c1/run/updates-from0000000-1791371601630269956.jsonl
C1,173,172,1.177193808555603,0.0001,7.089500488713384,1140.7089820979163,62362544640,79609987072,nexus_2k_001093;nexus_2k_000815;nexus_2k_000800;nexus_2k_000142;nexus_2k_001211,snapshot/candidates/c1/run/updates-from0000000-1791371601630269956.jsonl
C1,174,173,1.0593588948249817,0.0001,3.7101550437510014,1144.4199029915035,58109757440,79609987072,nexus_2k_001045;nexus_2k_000118;nexus_2k_000346;nexus_2k_001317;nexus_2k_001716,snapshot/candidates/c1/run/updates-from0000000-1791371601630269956.jsonl
C1,175,174,1.1720741987228394,0.0001,6.066632576286793,1150.4871807862073,69512087552,79609987072,nexus_2k_000952;nexus_2k_000840;nexus_2k_000280;nexus_2k_000083;nexus_2k_000796,snapshot/candidates/c1/run/updates-from0000000-1791371601630269956.jsonl
C1,176,175,1.2554165482521058,0.0001,6.586260734125972,1157.074241979979,69004935168,79609987072,nexus_2k_001232;nexus_2k_001550;nexus_2k_001483;nexus_2k_001179;nexus_2k_001792,snapshot/candidates/c1/run/updates-from0000000-1791371601630269956.jsonl
C1,177,176,1.0590197801589967,0.0001,3.677591124549508,1160.7528417250142,49325902848,79609987072,nexus_2k_000447;nexus_2k_000074;nexus_2k_001536;nexus_2k_001577;nexus_2k_001087,snapshot/candidates/c1/run/updates-from0000000-1791371601630269956.jsonl
C1,178,177,1.2309273719787597,0.0001,5.017733572050929,1165.7709888601676,67756658176,79609987072,nexus_2k_001439;nexus_2k_000783;nexus_2k_000242;nexus_2k_000519;nexus_2k_000020,snapshot/candidates/c1/run/updates-from0000000-1791371601630269956.jsonl
C1,179,178,1.0712540030479432,0.0001,6.570156065747142,1172.3420504918322,69398502912,79609987072,nexus_2k_000898;nexus_2k_000823;nexus_2k_000053;nexus_2k_000167;nexus_2k_001178,snapshot/candidates/c1/run/updates-from0000000-1791371601630269956.jsonl
C1,180,179,0.9879987359046936,0.0001,5.1623964216560125,1177.505436421372,54666701824,79609987072,nexus_2k_000869;nexus_2k_001216;nexus_2k_000872;nexus_2k_001825;nexus_2k_001692,snapshot/candidates/c1/run/updates-from0000000-1791371601630269956.jsonl
C1,181,180,0.9676197528839111,0.0001,5.6271278616040945,1183.1336741438136,69512516096,79609987072,nexus_2k_001317;nexus_2k_000280;nexus_2k_001415;nexus_2k_000020;nexus_2k_000118,snapshot/candidates/c1/run/updates-from0000000-1791371601630269956.jsonl
C1,182,181,0.9703088283538819,0.0001,5.358247215859592,1188.492350133136,62383937536,79609987072,nexus_2k_001577;nexus_2k_000800;nexus_2k_000242;nexus_2k_000142;nexus_2k_001825,snapshot/candidates/c1/run/updates-from0000000-1791371601630269956.jsonl
C1,183,182,1.0439071893692016,0.0001,4.518188327550888,1193.0110289417207,56923025920,79609987072,nexus_2k_001843;nexus_2k_001439;nexus_2k_001716;nexus_2k_001331;nexus_2k_001216,snapshot/candidates/c1/run/updates-from0000000-1791371601630269956.jsonl
C1,184,183,1.044188666343689,0.0001,5.816111319698393,1198.827532111667,69419701760,79609987072,nexus_2k_000823;nexus_2k_000952;nexus_2k_000675;nexus_2k_000167;nexus_2k_000935,snapshot/candidates/c1/run/updates-from0000000-1791371601630269956.jsonl
C1,185,184,1.1647320985794067,0.0001,6.423655683174729,1205.251583213918,74220558336,79609987072,nexus_2k_001483;nexus_2k_001536;nexus_2k_000447;nexus_2k_001792;nexus_2k_000898,snapshot/candidates/c1/run/updates-from0000000-1791371601630269956.jsonl
C1,186,185,1.0774729251861572,0.0001,5.309520266018808,1210.561644854024,67751885824,79609987072,nexus_2k_001780;nexus_2k_000283;nexus_2k_000783;nexus_2k_000872;nexus_2k_000796,snapshot/candidates/c1/run/updates-from0000000-1791371601630269956.jsonl
C1,187,186,1.1720054864883422,0.0001,7.181695497594774,1217.7439350057393,71556805632,79609987072,nexus_2k_000869;nexus_2k_001093;nexus_2k_001232;nexus_2k_000083;nexus_2k_000084,snapshot/candidates/c1/run/updates-from0000000-1791371601630269956.jsonl
C1,188,187,1.0664799451828002,0.0001,4.306001367047429,1222.0508380020037,52920794624,79609987072,nexus_2k_001178;nexus_2k_000074;nexus_2k_001550;nexus_2k_000053;nexus_2k_000519,snapshot/candidates/c1/run/updates-from0000000-1791371601630269956.jsonl
C1,189,188,0.9899743437767029,0.0001,4.081773464567959,1226.133755557239,62389225984,79609987072,nexus_2k_001692;nexus_2k_001087;nexus_2k_001211;nexus_2k_000346;nexus_2k_000840,snapshot/candidates/c1/run/updates-from0000000-1791371601630269956.jsonl
C1,190,189,1.0263864755630494,0.0001,3.7969236578792334,1229.9312927918509,60957729792,79609987072,nexus_2k_001045;nexus_2k_001085;nexus_2k_001150;nexus_2k_000815;nexus_2k_001179,snapshot/candidates/c1/run/updates-from0000000-1791371601630269956.jsonl
C1,191,190,1.1354112148284912,0.0001,5.362244963645935,1235.294118524529,68945588736,79609987072,nexus_2k_000796;nexus_2k_001792;nexus_2k_000118;nexus_2k_001178;nexus_2k_001825,snapshot/candidates/c1/run/updates-from0000000-1791371601630269956.jsonl
C1,192,191,1.0471842169761658,0.0001,4.558943354524672,1239.854716077447,60614314496,79609987072,nexus_2k_000840;nexus_2k_001216;nexus_2k_000935;nexus_2k_000675;nexus_2k_000447,snapshot/candidates/c1/run/updates-from0000000-1791371601630269956.jsonl
C1,193,192,1.07361501455307,0.0001,4.846891427412629,1244.7022399147972,56522328576,79609987072,nexus_2k_000872;nexus_2k_001536;nexus_2k_001483;nexus_2k_001550;nexus_2k_001179,snapshot/candidates/c1/run/updates-from0000000-1791371601630269956.jsonl
C1,194,193,1.0811010003089905,0.0001,5.1594521421939135,1249.8626849232242,56926497280,79609987072,nexus_2k_001415;nexus_2k_000823;nexus_2k_000952;nexus_2k_000346;nexus_2k_001439,snapshot/candidates/c1/run/updates-from0000000-1791371601630269956.jsonl
C1,195,194,1.0338512301445006,0.0001,6.452075575478375,1256.315963299945,68823970816,79609987072,nexus_2k_000898;nexus_2k_001780;nexus_2k_000083;nexus_2k_000815;nexus_2k_000074,snapshot/candidates/c1/run/updates-from0000000-1791371601630269956.jsonl
C1,196,195,0.9963780760765075,0.0001,4.745311473496258,1261.0624992856756,69543821824,79609987072,nexus_2k_000053;nexus_2k_001150;nexus_2k_001331;nexus_2k_000280;nexus_2k_000242,snapshot/candidates/c1/run/updates-from0000000-1791371601630269956.jsonl
C1,197,196,1.2462937951087951,0.0001,4.637338619679213,1265.7008844548836,58478887936,79609987072,nexus_2k_000783;nexus_2k_000020;nexus_2k_001317;nexus_2k_001045;nexus_2k_001085,snapshot/candidates/c1/run/updates-from0000000-1791371601630269956.jsonl
C1,198,197,1.1177677631378173,0.0001,6.257731769233942,1271.9594259038568,69434295808,79609987072,nexus_2k_000283;nexus_2k_001716;nexus_2k_000800;nexus_2k_000167;nexus_2k_001577,snapshot/candidates/c1/run/updates-from0000000-1791371601630269956.jsonl
C1,199,198,1.0943565368652344,0.0001,3.4076606212183833,1275.3682150999084,51591872000,79609987072,nexus_2k_000084;nexus_2k_001692;nexus_2k_001843;nexus_2k_000142;nexus_2k_000519,snapshot/candidates/c1/run/updates-from0000000-1791371601630269956.jsonl
C1,200,199,0.9598618865013122,0.0001,7.070879920385778,1282.4396838797256,64436454400,79609987072,nexus_2k_001232;nexus_2k_001211;nexus_2k_001087;nexus_2k_000869;nexus_2k_001093,snapshot/candidates/c1/run/updates-from0000000-1791371601630269956.jsonl
C1,201,200,1.1679520010948181,0.0001,4.652850133366883,1287.093491544947,59179130880,79609987072,nexus_2k_000840;nexus_2k_001317;nexus_2k_001415;nexus_2k_001843;nexus_2k_001780,snapshot/candidates/c1/run/updates-from0000000-1791371601630269956.jsonl
C1,202,201,0.9334457516670227,0.0001,6.399940742179751,1293.4942772397771,64925759488,79609987072,nexus_2k_000898;nexus_2k_000283;nexus_2k_001716;nexus_2k_000935;nexus_2k_001577,snapshot/candidates/c1/run/updates-from0000000-1791371601630269956.jsonl
C1,203,202,1.1415594816207886,0.0001,4.72761482745409,1298.2228455198929,56513010176,79609987072,nexus_2k_000242;nexus_2k_000142;nexus_2k_001150;nexus_2k_000872;nexus_2k_001483,snapshot/candidates/c1/run/updates-from0000000-1791371601630269956.jsonl
C1,204,203,1.0386526942253114,0.0001,5.123006232082844,1303.3466321807355,60301193728,79609987072,nexus_2k_000280;nexus_2k_001179;nexus_2k_000823;nexus_2k_001439;nexus_2k_000118,snapshot/candidates/c1/run/updates-from0000000-1791371601630269956.jsonl
C1,205,204,0.9786476016044616,0.0001,5.731901550665498,1309.0796947404742,62299547648,79609987072,nexus_2k_001232;nexus_2k_001178;nexus_2k_000519;nexus_2k_000952;nexus_2k_000053,snapshot/candidates/c1/run/updates-from0000000-1791371601630269956.jsonl
C1,206,205,1.118989610671997,0.0001,5.119055853225291,1314.1998130930588,62389225984,79609987072,nexus_2k_001692;nexus_2k_001211;nexus_2k_001216;nexus_2k_000815;nexus_2k_000074,snapshot/candidates/c1/run/updates-from0000000-1791371601630269956.jsonl
C1,207,206,0.9310548305511475,0.0001,4.997663767077029,1319.1981338886544,69404831232,79609987072,nexus_2k_001331;nexus_2k_000447;nexus_2k_000167;nexus_2k_000346;nexus_2k_001550,snapshot/candidates/c1/run/updates-from0000000-1791371601630269956.jsonl
C1,208,207,1.07632976770401,0.0001,3.348707804456353,1322.5473162373528,54663942656,79609987072,nexus_2k_000084;nexus_2k_000020;nexus_2k_001825;nexus_2k_000796;nexus_2k_001085,snapshot/candidates/c1/run/updates-from0000000-1791371601630269956.jsonl
C1,209,208,1.0628807544708252,0.0001,6.351386130787432,1328.899419683963,68993373696,79609987072,nexus_2k_000800;nexus_2k_001087;nexus_2k_001792;nexus_2k_000783;nexus_2k_000675,snapshot/candidates/c1/run/updates-from0000000-1791371601630269956.jsonl
C1,210,209,0.9653311371803284,0.0001,6.131867298856378,1335.0316863805056,64422891008,79609987072,nexus_2k_000083;nexus_2k_001536;nexus_2k_000869;nexus_2k_001045;nexus_2k_001093,snapshot/candidates/c1/run/updates-from0000000-1791371601630269956.jsonl
C1,211,210,1.0888845443725585,0.0001,5.1477951761335135,1340.1799037437886,68943380992,79609987072,nexus_2k_001780;nexus_2k_001216;nexus_2k_001792;nexus_2k_000118;nexus_2k_001178,snapshot/candidates/c1/run/updates-from0000000-1791371601630269956.jsonl
C1,212,211,1.0251896619796752,0.0001,4.3085214383900166,1344.48897785414,64427433472,79609987072,nexus_2k_000020;nexus_2k_000675;nexus_2k_001093;nexus_2k_000242;nexus_2k_000519,snapshot/candidates/c1/run/updates-from0000000-1791371601630269956.jsonl
C1,213,212,1.039721143245697,0.0001,5.010322637856007,1349.5004486106336,68849710080,79609987072,nexus_2k_000840;nexus_2k_000872;nexus_2k_000796;nexus_2k_000083;nexus_2k_001087,snapshot/candidates/c1/run/updates-from0000000-1791371601630269956.jsonl
C1,214,213,0.929062020778656,0.0001,6.015674466267228,1355.5168320601806,69448433152,79609987072,nexus_2k_000053;nexus_2k_000142;nexus_2k_000167;nexus_2k_000935;nexus_2k_000952,snapshot/candidates/c1/run/updates-from0000000-1791371601630269956.jsonl
C1,215,214,0.9386157155036926,0.0001,5.821825014427304,1361.3393240869045,62390867968,79609987072,nexus_2k_001211;nexus_2k_000800;nexus_2k_001439;nexus_2k_001843;nexus_2k_001331,snapshot/candidates/c1/run/updates-from0000000-1791371601630269956.jsonl
C1,216,215,1.016821813583374,0.0001,7.284992876462638,1368.6247595623136,74201599488,79609987072,nexus_2k_001232;nexus_2k_001483;nexus_2k_000898;nexus_2k_000074;nexus_2k_000283,snapshot/candidates/c1/run/updates-from0000000-1791371601630269956.jsonl
C1,217,216,0.962907350063324,0.0001,6.129252835176885,1374.7544574905187,69522733568,79609987072,nexus_2k_000447;nexus_2k_000783;nexus_2k_000280;nexus_2k_000815;nexus_2k_001085,snapshot/candidates/c1/run/updates-from0000000-1791371601630269956.jsonl
C1,218,217,1.0088700890541076,0.0001,4.914330665022135,1379.6695691645145,59181733888,79609987072,nexus_2k_001577;nexus_2k_001716;nexus_2k_001415;nexus_2k_001536;nexus_2k_001825,snapshot/candidates/c1/run/updates-from0000000-1791371601630269956.jsonl
C1,219,218,1.0242753624916077,0.0001,3.3683084631338716,1383.0386687833816,52899094016,79609987072,nexus_2k_000823;nexus_2k_001045;nexus_2k_001150;nexus_2k_001692;nexus_2k_001550,snapshot/candidates/c1/run/updates-from0000000-1791371601630269956.jsonl
C1,220,219,1.0076256036758422,0.0001,4.378543354570866,1387.4177108928561,58124130304,79609987072,nexus_2k_000869;nexus_2k_001179;nexus_2k_000346;nexus_2k_001317;nexus_2k_000084,snapshot/candidates/c1/run/updates-from0000000-1791371601630269956.jsonl
C1,221,220,0.9193452358245849,0.0001,5.906510075554252,1393.3246025517583,68863410688,79609987072,nexus_2k_000872;nexus_2k_001216;nexus_2k_000083;nexus_2k_001536;nexus_2k_001483,snapshot/candidates/c1/run/updates-from0000000-1791371601630269956.jsonl
C1,222,221,0.9595451474189758,0.0001,3.4586007688194513,1396.784818121232,52911324160,79609987072,nexus_2k_001087;nexus_2k_001550;nexus_2k_000796;nexus_2k_000346;nexus_2k_001150,snapshot/candidates/c1/run/updates-from0000000-1791371601630269956.jsonl
C1,223,222,0.9009193420410156,0.0001,6.950832687318325,1403.7364955963567,69523816960,79609987072,nexus_2k_000084;nexus_2k_000280;nexus_2k_000167;nexus_2k_001093;nexus_2k_001178,snapshot/candidates/c1/run/updates-from0000000-1791371601630269956.jsonl
C1,224,223,0.8939751982688904,0.0001,5.274626131169498,1409.0121012637392,67756658176,79609987072,nexus_2k_001439;nexus_2k_000783;nexus_2k_001716;nexus_2k_001331;nexus_2k_000020,snapshot/candidates/c1/run/updates-from0000000-1791371601630269956.jsonl
C1,225,224,0.8956064581871033,0.0001,6.856123473495245,1415.8687259182334,62417375232,79609987072,nexus_2k_001232;nexus_2k_001211;nexus_2k_000935;nexus_2k_000815;nexus_2k_001085,snapshot/candidates/c1/run/updates-from0000000-1791371601630269956.jsonl
C1,226,225,1.0513920068740845,0.0001,4.756203995086253,1420.625655672513,59172597760,79609987072,nexus_2k_001843;nexus_2k_000675;nexus_2k_001317;nexus_2k_001415;nexus_2k_000242,snapshot/candidates/c1/run/updates-from0000000-1791371601630269956.jsonl
C1,227,226,1.082470440864563,0.0001,4.308539406396449,1424.9346333835274,58861185536,79609987072,nexus_2k_000519;nexus_2k_001577;nexus_2k_000823;nexus_2k_000869;nexus_2k_000447,snapshot/candidates/c1/run/updates-from0000000-1791371601630269956.jsonl
C1,228,227,0.9854214191436768,0.0001,5.7493182849138975,1430.6849486930296,68931131904,79609987072,nexus_2k_001825;nexus_2k_000840;nexus_2k_001045;nexus_2k_001792;nexus_2k_000800,snapshot/candidates/c1/run/updates-from0000000-1791371601630269956.jsonl
C1,229,228,0.9238505840301514,0.0001,5.7254709573462605,1436.4114277716726,64925759488,79609987072,nexus_2k_000898;nexus_2k_000142;nexus_2k_001179;nexus_2k_000053;nexus_2k_000283,snapshot/candidates/c1/run/updates-from0000000-1791371601630269956.jsonl
C1,230,229,1.071146845817566,0.0001,3.490943195298314,1439.903062902391,54320353280,79609987072,nexus_2k_000074;nexus_2k_001692;nexus_2k_000952;nexus_2k_000118;nexus_2k_001780,snapshot/candidates/c1/run/updates-from0000000-1791371601630269956.jsonl
C1,231,230,0.8975747227668762,0.0001,6.4946563616395,1446.398484124802,68934717952,79609987072,nexus_2k_001045;nexus_2k_001792;nexus_2k_000869;nexus_2k_000783;nexus_2k_000952,snapshot/candidates/c1/run/updates-from0000000-1791371601630269956.jsonl
C1,232,231,0.9420371055603027,0.0001,4.774945262819529,1451.1740317931399,60204918272,79609987072,nexus_2k_000167;nexus_2k_001825;nexus_2k_001179;nexus_2k_001780;nexus_2k_000074,snapshot/candidates/c1/run/updates-from0000000-1791371601630269956.jsonl
C1,233,232,0.8746304273605346,0.0001,4.944280439987779,1456.1187816699967,71542147584,79609987072,nexus_2k_001085;nexus_2k_000796;nexus_2k_001232;nexus_2k_000084;nexus_2k_001439,snapshot/candidates/c1/run/updates-from0000000-1791371601630269956.jsonl
C1,234,233,1.0997178554534912,0.0001,4.823780284263194,1460.943320972845,74192934912,79609987072,nexus_2k_001577;nexus_2k_000053;nexus_2k_000898;nexus_2k_000447;nexus_2k_000118,snapshot/candidates/c1/run/updates-from0000000-1791371601630269956.jsonl
C1,235,234,1.045591616630554,0.0001,4.238355379551649,1465.1827448420227,69526367744,79609987072,nexus_2k_000675;nexus_2k_000519;nexus_2k_000280;nexus_2k_001692;nexus_2k_000020,snapshot/candidates/c1/run/updates-from0000000-1791371601630269956.jsonl
C1,236,235,0.9810816168785095,0.0001,4.829963727854192,1470.0133989602327,62376540160,79609987072,nexus_2k_000823;nexus_2k_000142;nexus_2k_000800;nexus_2k_000346;nexus_2k_001216,snapshot/candidates/c1/run/updates-from0000000-1791371601630269956.jsonl
C1,237,236,0.9014423489570618,0.0001,5.5042157750576735,1475.5181632051244,62403021312,79609987072,nexus_2k_001536;nexus_2k_001211;nexus_2k_000283;nexus_2k_001150;nexus_2k_001317,snapshot/candidates/c1/run/updates-from0000000-1791371601630269956.jsonl
C1,238,237,0.9387669324874878,0.0001,4.883960501290858,1480.4026244292036,57063078400,79609987072,nexus_2k_000840;nexus_2k_001716;nexus_2k_001178;nexus_2k_001550;nexus_2k_001331,snapshot/candidates/c1/run/updates-from0000000-1791371601630269956.jsonl
C1,239,238,0.8207945704460144,0.0001,5.6365167666226625,1486.0397280100733,68838994944,79609987072,nexus_2k_001843;nexus_2k_000083;nexus_2k_001087;nexus_2k_000935;nexus_2k_001483,snapshot/candidates/c1/run/updates-from0000000-1791371601630269956.jsonl
C1,240,239,0.834038507938385,0.0001,6.37802470382303,1492.418311775662,64426623488,79609987072,nexus_2k_000242;nexus_2k_001415;nexus_2k_000815;nexus_2k_001093;nexus_2k_000872,snapshot/candidates/c1/run/updates-from0000000-1791371601630269956.jsonl
C1,241,240,0.9429543614387512,0.0001,4.39317536726594,1496.8124346826226,56511433728,79609987072,nexus_2k_000519;nexus_2k_001483;nexus_2k_000840;nexus_2k_001550;nexus_2k_000118,snapshot/candidates/c1/run/updates-from0000000-1791371601630269956.jsonl
C1,242,241,0.9790368914604187,0.0001,5.796142952516675,1502.6095939353108,68905613312,79609987072,nexus_2k_001211;nexus_2k_001179;nexus_2k_001780;nexus_2k_000083;nexus_2k_000869,snapshot/candidates/c1/run/updates-from0000000-1791371601630269956.jsonl
C1,243,242,0.8567184686660767,0.0001,4.758690810762346,1507.3692594598979,62299547648,79609987072,nexus_2k_001232;nexus_2k_000053;nexus_2k_001331;nexus_2k_001085;nexus_2k_001692,snapshot/candidates/c1/run/updates-from0000000-1791371601630269956.jsonl
C1,244,243,0.9110264658927918,0.0001,5.469141677953303,1512.8389675458893,64500538880,79609987072,nexus_2k_000815;nexus_2k_001093;nexus_2k_000872;nexus_2k_001087;nexus_2k_000447,snapshot/candidates/c1/run/updates-from0000000-1791371601630269956.jsonl
C1,245,244,0.9544440031051635,0.0001,6.123526439070702,1518.9636808698997,74167236608,79609987072,nexus_2k_001825;nexus_2k_000935;nexus_2k_000898;nexus_2k_000242;nexus_2k_001716,snapshot/candidates/c1/run/updates-from0000000-1791371601630269956.jsonl
C1,246,245,0.8642037153244019,0.0001,5.088595910929143,1524.0527551658452,69520048640,79609987072,nexus_2k_001843;nexus_2k_000142;nexus_2k_000280;nexus_2k_000346;nexus_2k_000952,snapshot/candidates/c1/run/updates-from0000000-1791371601630269956.jsonl
C1,247,246,0.7777246952056884,0.0001,4.367926808074117,1528.4213631283492,58128631808,79609987072,nexus_2k_000084;nexus_2k_000675;nexus_2k_000796;nexus_2k_001317;nexus_2k_001439,snapshot/candidates/c1/run/updates-from0000000-1791371601630269956.jsonl
C1,248,247,1.0090991735458374,0.0001,5.972403364256024,1534.3941922457889,62363533824,79609987072,nexus_2k_000167;nexus_2k_000283;nexus_2k_001045;nexus_2k_000823;nexus_2k_000800,snapshot/candidates/c1/run/updates-from0000000-1791371601630269956.jsonl
C1,249,248,0.9072826385498047,0.0001,4.741584028117359,1539.1362844724208,59181733888,79609987072,nexus_2k_001577;nexus_2k_000020;nexus_2k_001415;nexus_2k_001178;nexus_2k_000074,snapshot/candidates/c1/run/updates-from0000000-1791371601630269956.jsonl
C1,250,249,0.9402430295944214,0.0001,5.851256201043725,1544.9882983397692,68935037440,79609987072,nexus_2k_001150;nexus_2k_001216;nexus_2k_000783;nexus_2k_001792;nexus_2k_001536,snapshot/candidates/c1/run/updates-from0000000-1791371601630269956.jsonl
C1,251,250,0.9551486492156982,0.0001,4.493233197368681,1549.4820722518489,58120607744,79609987072,nexus_2k_001780;nexus_2k_001843;nexus_2k_001317;nexus_2k_000823;nexus_2k_001825,snapshot/candidates/c1/run/updates-from0000000-1791371601630269956.jsonl
C1,252,251,0.9024767398834228,0.0001,6.302072562277317,1555.784777758643,60951722496,79609987072,nexus_2k_000083;nexus_2k_001439;nexus_2k_000952;nexus_2k_001087;nexus_2k_000815,snapshot/candidates/c1/run/updates-from0000000-1791371601630269956.jsonl
C1,253,252,1.0517317056655884,0.0001,7.269965806975961,1563.0552213704214,74201599488,79609987072,nexus_2k_001232;nexus_2k_001550;nexus_2k_000898;nexus_2k_001792;nexus_2k_001150,snapshot/candidates/c1/run/updates-from0000000-1791371601630269956.jsonl
C1,254,253,0.9581902027130127,0.0001,4.652837326750159,1567.7086857520044,67731926016,79609987072,nexus_2k_001216;nexus_2k_001536;nexus_2k_000783;nexus_2k_000118;nexus_2k_000084,snapshot/candidates/c1/run/updates-from0000000-1791371601630269956.jsonl
C1,255,254,0.9145671129226685,0.0001,6.538973517715931,1574.248126638122,59187995648,79609987072,nexus_2k_000800;nexus_2k_001483;nexus_2k_001178;nexus_2k_000872;nexus_2k_001415,snapshot/candidates/c1/run/updates-from0000000-1791371601630269956.jsonl
C1,256,255,0.8794585108757019,0.0001,4.201650034636259,1578.4503407450393,50852770304,79609987072,nexus_2k_000869;nexus_2k_001331;nexus_2k_000675;nexus_2k_000796;nexus_2k_001179,snapshot/candidates/c1/run/updates-from0000000-1791371601630269956.jsonl
C1,257,256,0.9026174068450927,0.0001,3.604826383292675,1582.0563786365092,51594553856,79609987072,nexus_2k_001085;nexus_2k_000020;nexus_2k_000840;nexus_2k_000346;nexus_2k_000142,snapshot/candidates/c1/run/updates-from0000000-1791371601630269956.jsonl
C1,258,257,0.9248247385025025,0.0001,4.950681058689952,1587.0080645093694,69515387392,79609987072,nexus_2k_001045;nexus_2k_000935;nexus_2k_000053;nexus_2k_001692;nexus_2k_000280,snapshot/candidates/c1/run/updates-from0000000-1791371601630269956.jsonl
C1,259,258,0.8601146101951599,0.0001,4.775544350966811,1591.7843331005424,69422396928,79609987072,nexus_2k_001716;nexus_2k_000447;nexus_2k_000242;nexus_2k_001577;nexus_2k_000167,snapshot/candidates/c1/run/updates-from0000000-1791371601630269956.jsonl
C1,260,259,0.9716361045837403,0.0001,5.80728349275887,1597.5926738325506,64435426816,79609987072,nexus_2k_000283;nexus_2k_001211;nexus_2k_000074;nexus_2k_000519;nexus_2k_001093,snapshot/candidates/c1/run/updates-from0000000-1791371601630269956.jsonl
C1,261,260,0.7998077511787415,0.0001,5.860274393111467,1603.4543562475592,71583937024,79609987072,nexus_2k_001483;nexus_2k_001843;nexus_2k_001211;nexus_2k_001232;nexus_2k_000118,snapshot/candidates/c1/run/updates-from0000000-1791371601630269956.jsonl
C1,262,261,0.7994531869888306,0.0001,4.040813985280693,1607.4960807655007,56930149888,79609987072,nexus_2k_000675;nexus_2k_001087;nexus_2k_000840;nexus_2k_001439;nexus_2k_000346,snapshot/candidates/c1/run/updates-from0000000-1791371601630269956.jsonl
C1,263,262,0.8437470197677612,0.0001,5.832614193670452,1613.330201654695,69541845504,79609987072,nexus_2k_000869;nexus_2k_000796;nexus_2k_000280;nexus_2k_001317;nexus_2k_001536,snapshot/candidates/c1/run/updates-from0000000-1791371601630269956.jsonl
C1,264,263,1.0049243330955506,0.0001,5.059188783168793,1618.3905625399202,57042529792,79609987072,nexus_2k_001825;nexus_2k_001780;nexus_2k_001577;nexus_2k_001178;nexus_2k_000872,snapshot/candidates/c1/run/updates-from0000000-1791371601630269956.jsonl
C1,265,264,0.8141289949417114,0.0001,5.570709558203816,1623.9618298076093,59254056960,79609987072,nexus_2k_000935;nexus_2k_000952;nexus_2k_000142;nexus_2k_000519;nexus_2k_001415,snapshot/candidates/c1/run/updates-from0000000-1791371601630269956.jsonl
C1,266,265,0.9453207492828369,0.0001,5.749742681160569,1629.712577293627,69420926464,79609987072,nexus_2k_001692;nexus_2k_001792;nexus_2k_001179;nexus_2k_000167;nexus_2k_001550,snapshot/candidates/c1/run/updates-from0000000-1791371601630269956.jsonl
C1,267,266,0.8919051885604858,0.0001,4.293133944272995,1634.0064505580813,64925759488,79609987072,nexus_2k_000898;nexus_2k_000020;nexus_2k_001085;nexus_2k_000084;nexus_2k_001045,snapshot/candidates/c1/run/updates-from0000000-1791371601630269956.jsonl
C1,268,267,0.9100046753883362,0.0001,4.764990325085819,1638.7721788501367,67734640128,79609987072,nexus_2k_001331;nexus_2k_000783;nexus_2k_000242;nexus_2k_000447;nexus_2k_000074,snapshot/candidates/c1/run/updates-from0000000-1791371601630269956.jsonl
C1,269,268,0.8325699090957641,0.0001,5.109057804569602,1643.8817094704136,60939793408,79609987072,nexus_2k_001216;nexus_2k_000283;nexus_2k_001150;nexus_2k_000823;nexus_2k_000815,snapshot/candidates/c1/run/updates-from0000000-1791371601630269956.jsonl
C1,270,269,0.9430832624435425,0.0001,6.238029439933598,1650.120163072832,68878318080,79609987072,nexus_2k_000053;nexus_2k_000800;nexus_2k_000083;nexus_2k_001093;nexus_2k_001716,snapshot/candidates/c1/run/updates-from0000000-1791371601630269956.jsonl
C1,271,270,0.7479368567466735,0.0001,5.966306655667722,1656.0870753452182,62397110784,79609987072,nexus_2k_000869;nexus_2k_000872;nexus_2k_001483;nexus_2k_001211;nexus_2k_001716,snapshot/candidates/c1/run/updates-from0000000-1791371601630269956.jsonl
C1,272,271,0.8367035746574402,0.0001,4.49366798158735,1660.5816222811118,69515387392,79609987072,nexus_2k_001045;nexus_2k_000280;nexus_2k_000519;nexus_2k_001536;nexus_2k_001087,snapshot/candidates/c1/run/updates-from0000000-1791371601630269956.jsonl
C1,273,272,0.776760196685791,0.0001,4.7740947138518095,1665.3562546456233,69420367360,79609987072,nexus_2k_000823;nexus_2k_001331;nexus_2k_000167;nexus_2k_001780;nexus_2k_001179,snapshot/candidates/c1/run/updates-from0000000-1791371601630269956.jsonl
C1,274,273,0.7556345939636231,0.0001,5.209353880956769,1670.5664875367656,62438238208,79609987072,nexus_2k_000815;nexus_2k_000118;nexus_2k_001550;nexus_2k_000796;nexus_2k_000800,snapshot/candidates/c1/run/updates-from0000000-1791371601630269956.jsonl
C1,275,274,0.9314815878868103,0.0001,5.595699967816472,1676.162713907659,71542147584,79609987072,nexus_2k_001085;nexus_2k_000675;nexus_2k_000142;nexus_2k_000283;nexus_2k_001232,snapshot/candidates/c1/run/updates-from0000000-1791371601630269956.jsonl
C1,276,275,0.8717950820922852,0.0001,4.077216889709234,1680.2404522188008,68937067008,79609987072,nexus_2k_001843;nexus_2k_000053;nexus_2k_001150;nexus_2k_001792;nexus_2k_000020,snapshot/candidates/c1/run/updates-from0000000-1791371601630269956.jsonl
C1,277,276,0.8100935220718384,0.0001,5.534878850914538,1685.7758259205148,68846022144,79609987072,nexus_2k_000783;nexus_2k_000083;nexus_2k_000074;nexus_2k_000084;nexus_2k_001577,snapshot/candidates/c1/run/updates-from0000000-1791371601630269956.jsonl
C1,278,277,0.7809371590614319,0.0001,4.5996471382677555,1690.3765622470528,56929632768,79609987072,nexus_2k_000840;nexus_2k_000242;nexus_2k_001692;nexus_2k_001439;nexus_2k_001825,snapshot/candidates/c1/run/updates-from0000000-1791371601630269956.jsonl
C1,279,278,0.8214478969573975,0.0001,7.2719822665676475,1697.649212851189,74171062272,79609987072,nexus_2k_000952;nexus_2k_001415;nexus_2k_000898;nexus_2k_000935;nexus_2k_001178,snapshot/candidates/c1/run/updates-from0000000-1791371601630269956.jsonl
C1,280,279,0.8863543510437012,0.0001,5.019489926286042,1702.6693374151364,64430903808,79609987072,nexus_2k_000447;nexus_2k_001216;nexus_2k_001093;nexus_2k_000346;nexus_2k_001317,snapshot/candidates/c1/run/updates-from0000000-1791371601630269956.jsonl
C1,281,280,0.744847047328949,0.0001,3.9440102484077215,1706.6138728158548,51591596544,79609987072,nexus_2k_001692;nexus_2k_001577;nexus_2k_000242;nexus_2k_000675;nexus_2k_000142,snapshot/candidates/c1/run/updates-from0000000-1791371601630269956.jsonl
C1,282,281,0.7438689589500427,0.0001,5.611680000089109,1712.226332466118,68946827776,79609987072,nexus_2k_000815;nexus_2k_000952;nexus_2k_000053;nexus_2k_000020;nexus_2k_000083,snapshot/candidates/c1/run/updates-from0000000-1791371601630269956.jsonl
C1,283,282,0.7926806926727294,0.0001,4.961579452268779,1717.1888574929908,60617837056,79609987072,nexus_2k_001439;nexus_2k_001843;nexus_2k_000872;nexus_2k_001085;nexus_2k_000935,snapshot/candidates/c1/run/updates-from0000000-1791371601630269956.jsonl
C1,284,283,0.7819606065750122,0.0001,5.718054820783436,1722.9073734479025,64925759488,79609987072,nexus_2k_000898;nexus_2k_001211;nexus_2k_001087;nexus_2k_001216;nexus_2k_000796,snapshot/candidates/c1/run/updates-from0000000-1791371601630269956.jsonl
C1,285,284,0.7607327222824096,0.0001,5.694213476032019,1728.6021083379164,68963121664,79609987072,nexus_2k_000869;nexus_2k_000800;nexus_2k_001792;nexus_2k_001150;nexus_2k_000447,snapshot/candidates/c1/run/updates-from0000000-1791371601630269956.jsonl
C1,286,285,0.7786120176315308,0.0001,6.891722230240703,1735.4945878703147,69576774144,79609987072,nexus_2k_001232;nexus_2k_000084;nexus_2k_000280;nexus_2k_001093;nexus_2k_001550,snapshot/candidates/c1/run/updates-from0000000-1791371601630269956.jsonl
C1,287,286,0.9300182342529297,0.0001,5.089552736841142,1740.5845826026052,69455291904,79609987072,nexus_2k_001178;nexus_2k_001780;nexus_2k_001045;nexus_2k_000167;nexus_2k_001331,snapshot/candidates/c1/run/updates-from0000000-1791371601630269956.jsonl
C1,288,287,0.7802808284759521,0.0001,4.501385373994708,1745.0867653153837,59705924608,79609987072,nexus_2k_000346;nexus_2k_000823;nexus_2k_001825;nexus_2k_000283;nexus_2k_000118,snapshot/candidates/c1/run/updates-from0000000-1791371601630269956.jsonl
C1,289,288,0.7113823056221008,0.0001,4.355083147063851,1749.442262114957,58110924800,79609987072,nexus_2k_000074;nexus_2k_000840;nexus_2k_001536;nexus_2k_001716;nexus_2k_001317,snapshot/candidates/c1/run/updates-from0000000-1791371601630269956.jsonl
C1,290,289,0.7864591956138611,0.0001,5.622911026701331,1755.0659572351724,67755588608,79609987072,nexus_2k_001415;nexus_2k_001483;nexus_2k_000783;nexus_2k_001179;nexus_2k_000519,snapshot/candidates/c1/run/updates-from0000000-1791371601630269956.jsonl
C1,291,290,0.9120067715644836,0.0001,6.227821690961719,1761.29459281452,69431303680,79609987072,nexus_2k_000840;nexus_2k_001178;nexus_2k_000447;nexus_2k_000167;nexus_2k_000783,snapshot/candidates/c1/run/updates-from0000000-1791371601630269956.jsonl
C1,292,291,0.7841764450073242,0.0001,5.366746774874628,1766.6623459104449,68835944960,79609987072,nexus_2k_001825;nexus_2k_000083;nexus_2k_000796;nexus_2k_000952;nexus_2k_000053,snapshot/candidates/c1/run/updates-from0000000-1791371601630269956.jsonl
C1,293,292,0.6416668057441711,0.0001,4.257256540469825,1770.9205745011568,62380664832,79609987072,nexus_2k_001780;nexus_2k_000800;nexus_2k_001843;nexus_2k_000020;nexus_2k_001550,snapshot/candidates/c1/run/updates-from0000000-1791371601630269956.jsonl
C1,294,293,0.8118231534957886,0.0001,5.728133030235767,1776.6493417611346,62416986112,79609987072,nexus_2k_001232;nexus_2k_001331;nexus_2k_001045;nexus_2k_001211;nexus_2k_000823,snapshot/candidates/c1/run/updates-from0000000-1791371601630269956.jsonl
C1,295,294,0.8423848748207092,0.0001,4.076220921240747,1780.7259854311123,59698613248,79609987072,nexus_2k_000074;nexus_2k_001536;nexus_2k_000675;nexus_2k_000084;nexus_2k_000283,snapshot/candidates/c1/run/updates-from0000000-1791371601630269956.jsonl
C1,296,295,0.9817679762840271,0.0001,5.398385014384985,1786.1247810749337,68948691456,79609987072,nexus_2k_000118;nexus_2k_001792;nexus_2k_001093;nexus_2k_000242;nexus_2k_000519,snapshot/candidates/c1/run/updates-from0000000-1791371601630269956.jsonl
C1,297,296,0.875623083114624,0.0001,5.023859241977334,1791.1490845941007,58119399424,79609987072,nexus_2k_001439;nexus_2k_001317;nexus_2k_000142;nexus_2k_001085;nexus_2k_001577,snapshot/candidates/c1/run/updates-from0000000-1791371601630269956.jsonl
C1,298,297,0.7126929879188537,0.0001,6.010269690304995,1797.1599100260064,60634737152,79609987072,nexus_2k_001483;nexus_2k_001415;nexus_2k_000869;nexus_2k_001179;nexus_2k_000935,snapshot/candidates/c1/run/updates-from0000000-1791371601630269956.jsonl
C1,299,298,0.878768515586853,0.0001,4.861765160225332,1802.022058439441,60970365952,79609987072,nexus_2k_000872;nexus_2k_000346;nexus_2k_000815;nexus_2k_001716;nexus_2k_001216,snapshot/candidates/c1/run/updates-from0000000-1791371601630269956.jsonl
C1,300,299,0.8309643983840942,0.0001,5.590825563296676,1807.6133235991,74185068544,79609987072,nexus_2k_001150;nexus_2k_001692;nexus_2k_000898;nexus_2k_001087;nexus_2k_000280,snapshot/candidates/c1/run/updates-from0000000-1791371601630269956.jsonl
C1,301,300,0.855061662197113,0.0001,5.798843314871192,1813.4127066703513,74186244096,79609987072,nexus_2k_000823;nexus_2k_000142;nexus_2k_001178;nexus_2k_000898;nexus_2k_001087,snapshot/candidates/c1/run/updates-from0000000-1791371601630269956.jsonl
C1,302,301,0.7860242605209351,0.0001,5.316432515159249,1818.7295748116449,71540842496,79609987072,nexus_2k_001045;nexus_2k_000084;nexus_2k_000783;nexus_2k_001179;nexus_2k_001232,snapshot/candidates/c1/run/updates-from0000000-1791371601630269956.jsonl
C1,303,302,0.7863588213920594,0.0001,4.728057220578194,1823.4580626497045,62384073216,79609987072,nexus_2k_001716;nexus_2k_000074;nexus_2k_000675;nexus_2k_001211;nexus_2k_000952,snapshot/candidates/c1/run/updates-from0000000-1791371601630269956.jsonl
C1,304,303,0.8304145932197571,0.0001,6.301297375001013,1829.7598591204733,60600247808,79609987072,nexus_2k_001792;nexus_2k_001331;nexus_2k_000869;nexus_2k_000935;nexus_2k_001536,snapshot/candidates/c1/run/updates-from0000000-1791371601630269956.jsonl
C1,305,304,0.7686400532722473,0.0001,3.8866878291592,1833.6479105791077,68843412480,79609987072,nexus_2k_001692;nexus_2k_001780;nexus_2k_000083;nexus_2k_000796;nexus_2k_001150,snapshot/candidates/c1/run/updates-from0000000-1791371601630269956.jsonl
C1,306,305,0.851543390750885,0.0001,4.227167394012213,1837.8759043412283,53888263680,79609987072,nexus_2k_000242;nexus_2k_001550;nexus_2k_000053;nexus_2k_000872;nexus_2k_001843,snapshot/candidates/c1/run/updates-from0000000-1791371601630269956.jsonl
C1,307,306,0.6847010612487793,0.0001,5.465894628316164,1843.3427268033847,59179130880,79609987072,nexus_2k_000840;nexus_2k_000519;nexus_2k_001317;nexus_2k_001415;nexus_2k_001439,snapshot/candidates/c1/run/updates-from0000000-1791371601630269956.jsonl
C1,308,307,0.9141838073730468,0.0001,4.541421167552471,1847.8854429814965,60204918272,79609987072,nexus_2k_000167;nexus_2k_001577;nexus_2k_000118;nexus_2k_000346;nexus_2k_000020,snapshot/candidates/c1/run/updates-from0000000-1791371601630269956.jsonl
C1,309,308,0.6977172255516052,0.0001,6.765501389279962,1854.6515265628695,69522629120,79609987072,nexus_2k_000447;nexus_2k_000815;nexus_2k_000283;nexus_2k_000280;nexus_2k_000800,snapshot/candidates/c1/run/updates-from0000000-1791371601630269956.jsonl
C1,310,309,0.854121994972229,0.0001,5.574257646687329,1860.2262644395232,64416148992,79609987072,nexus_2k_001825;nexus_2k_001093;nexus_2k_001085;nexus_2k_001483;nexus_2k_001216,snapshot/candidates/c1/run/updates-from0000000-1791371601630269956.jsonl
C1,311,310,0.8299458980560303,0.0001,6.209024727344513,1866.435755128041,60590891008,79609987072,nexus_2k_000167;nexus_2k_001536;nexus_2k_000840;nexus_2k_001415;nexus_2k_000935,snapshot/candidates/c1/run/updates-from0000000-1791371601630269956.jsonl
C1,312,311,0.8566754221916199,0.0001,4.840682569891214,1871.2770566344261,59716686848,79609987072,nexus_2k_001792;nexus_2k_001780;nexus_2k_000283;nexus_2k_000447;nexus_2k_001150,snapshot/candidates/c1/run/updates-from0000000-1791371601630269956.jsonl
C1,313,312,0.8868551850318909,0.0001,6.169289576821029,1877.4468783875927,64925759488,79609987072,nexus_2k_000898;nexus_2k_000053;nexus_2k_000142;nexus_2k_001439;nexus_2k_000872,snapshot/candidates/c1/run/updates-from0000000-1791371601630269956.jsonl
C1,314,313,0.7145269751548767,0.0001,4.642178453505039,1882.0896368864924,60950182912,79609987072,nexus_2k_001716;nexus_2k_000346;nexus_2k_000118;nexus_2k_001317;nexus_2k_000815,snapshot/candidates/c1/run/updates-from0000000-1791371601630269956.jsonl
C1,315,314,0.7519881129264832,0.0001,4.716145855374634,1886.8067124728113,68838994944,79609987072,nexus_2k_001843;nexus_2k_001483;nexus_2k_001085;nexus_2k_000020;nexus_2k_000083,snapshot/candidates/c1/run/updates-from0000000-1791371601630269956.jsonl
C1,316,315,0.886283028125763,0.0001,4.393060008995235,1891.2003580080345,58478887936,79609987072,nexus_2k_000783;nexus_2k_001087;nexus_2k_000675;nexus_2k_001045;nexus_2k_000242,snapshot/candidates/c1/run/updates-from0000000-1791371601630269956.jsonl
C1,317,316,0.7260209321975708,0.0001,4.038342323154211,1895.2391714528203,50846188032,79609987072,nexus_2k_000074;nexus_2k_001216;nexus_2k_001577;nexus_2k_000796;nexus_2k_001331,snapshot/candidates/c1/run/updates-from0000000-1791371601630269956.jsonl
C1,318,317,0.7454529166221618,0.0001,5.116252487525344,1900.3558006519452,71530774016,79609987072,nexus_2k_000952;nexus_2k_000084;nexus_2k_000519;nexus_2k_000823;nexus_2k_001232,snapshot/candidates/c1/run/updates-from0000000-1791371601630269956.jsonl
C1,319,318,0.6662537097930908,0.0001,6.015431477688253,1906.3720047147945,69522575872,79609987072,nexus_2k_001179;nexus_2k_001093;nexus_2k_001692;nexus_2k_000280;nexus_2k_001211,snapshot/candidates/c1/run/updates-from0000000-1791371601630269956.jsonl
C1,320,319,0.767978024482727,0.0001,6.353836692869663,1912.7263864856213,62384013312,79609987072,nexus_2k_000869;nexus_2k_001178;nexus_2k_000800;nexus_2k_001550;nexus_2k_001825,snapshot/candidates/c1/run/updates-from0000000-1791371601630269956.jsonl
C1,321,320,0.7369204759597778,0.0001,5.875977521762252,1918.6028581270948,60606498304,79609987072,nexus_2k_000869;nexus_2k_000935;nexus_2k_000242;nexus_2k_000952;nexus_2k_001825,snapshot/candidates/c1/run/updates-from0000000-1791371601630269956.jsonl
C1,322,321,0.7825620889663696,0.0001,5.331262265332043,1923.9348284108564,71544115712,79609987072,nexus_2k_000675;nexus_2k_001439;nexus_2k_001716;nexus_2k_000053;nexus_2k_001232,snapshot/candidates/c1/run/updates-from0000000-1791371601630269956.jsonl
C1,323,322,0.7723558783531189,0.0001,6.106449635699391,1930.0418412880972,69470699008,79609987072,nexus_2k_001211;nexus_2k_000167;nexus_2k_000840;nexus_2k_000815;nexus_2k_000084,snapshot/candidates/c1/run/updates-from0000000-1791371601630269956.jsonl
C1,324,323,0.6286549806594849,0.0001,4.311398104764521,1934.3538551405072,50861089280,79609987072,nexus_2k_001483;nexus_2k_001331;nexus_2k_001179;nexus_2k_000519;nexus_2k_000823,snapshot/candidates/c1/run/updates-from0000000-1791371601630269956.jsonl
C1,325,324,0.8335350751876831,0.0001,4.114510272629559,1938.4692664267495,55221811712,79609987072,nexus_2k_001093;nexus_2k_000074;nexus_2k_000346;nexus_2k_001536;nexus_2k_001150,snapshot/candidates/c1/run/updates-from0000000-1791371601630269956.jsonl
C1,326,325,0.6478512287139893,0.0001,3.6479333266615868,1942.1181153832003,59166004736,79609987072,nexus_2k_000020;nexus_2k_000118;nexus_2k_001415;nexus_2k_001843;nexus_2k_001045,snapshot/candidates/c1/run/updates-from0000000-1791371601630269956.jsonl
C1,327,326,0.7047967433929443,0.0001,3.4367138436064124,1945.5558501835912,52915638272,79609987072,nexus_2k_001085;nexus_2k_000447;nexus_2k_001550;nexus_2k_001780;nexus_2k_001087,snapshot/candidates/c1/run/updates-from0000000-1791371601630269956.jsonl
C1,328,327,0.7372349262237549,0.0001,7.320632558315992,1952.8774014990777,74195890688,79609987072,nexus_2k_000872;nexus_2k_000898;nexus_2k_000083;nexus_2k_000283;nexus_2k_000142,snapshot/candidates/c1/run/updates-from0000000-1791371601630269956.jsonl
C1,329,328,0.6924335122108459,0.0001,4.374007349833846,1957.2519283397123,58113951744,79609987072,nexus_2k_001692;nexus_2k_001577;nexus_2k_001216;nexus_2k_000796;nexus_2k_001317,snapshot/candidates/c1/run/updates-from0000000-1791371601630269956.jsonl
C1,330,329,0.81458420753479,0.0001,8.040009513497353,1965.292576547712,69543348736,79609987072,nexus_2k_001792;nexus_2k_000800;nexus_2k_000280;nexus_2k_001178;nexus_2k_000783,snapshot/candidates/c1/run/updates-from0000000-1791371601630269956.jsonl
C1,331,330,0.6337762475013733,0.0001,5.072238378226757,1970.3653190629557,69523816960,79609987072,nexus_2k_000084;nexus_2k_000280;nexus_2k_001093;nexus_2k_001085;nexus_2k_000074,snapshot/candidates/c1/run/updates-from0000000-1791371601630269956.jsonl
C1,332,331,0.8813048839569092,0.0001,3.859219465404749,1974.2250280538574,54313885696,79609987072,nexus_2k_001716;nexus_2k_001536;nexus_2k_001692;nexus_2k_001087;nexus_2k_000952,snapshot/candidates/c1/run/updates-from0000000-1791371601630269956.jsonl
C1,333,332,0.8021344900131225,0.0001,5.366714343428612,1979.5921499868855,58138600448,79609987072,nexus_2k_000800;nexus_2k_000840;nexus_2k_000675;nexus_2k_001331;nexus_2k_001317,snapshot/candidates/c1/run/updates-from0000000-1791371601630269956.jsonl
C1,334,333,0.6620593547821045,0.0001,5.6211150623857975,1985.2140099434182,68843500544,79609987072,nexus_2k_001179;nexus_2k_001439;nexus_2k_001415;nexus_2k_000083;nexus_2k_000020,snapshot/candidates/c1/run/updates-from0000000-1791371601630269956.jsonl
C1,335,334,0.80174880027771,0.0001,3.3635910227894783,1988.5784878768027,50496751104,79609987072,nexus_2k_001843;nexus_2k_001150;nexus_2k_001216;nexus_2k_001045;nexus_2k_000519,snapshot/candidates/c1/run/updates-from0000000-1791371601630269956.jsonl
C1,336,335,0.7184537529945374,0.0001,5.613383560441434,1994.1927033495158,71545093632,79609987072,nexus_2k_000346;nexus_2k_001232;nexus_2k_001577;nexus_2k_000872;nexus_2k_001550,snapshot/candidates/c1/run/updates-from0000000-1791371601630269956.jsonl
C1,337,336,0.7127476811408997,0.0001,4.780963998287916,1998.974339004606,59695890944,79609987072,nexus_2k_001792;nexus_2k_000053;nexus_2k_001825;nexus_2k_000796;nexus_2k_000447,snapshot/candidates/c1/run/updates-from0000000-1791371601630269956.jsonl
C1,338,337,0.6758641481399537,0.0001,7.8478946182876825,2006.8228515433148,67715853312,79609987072,nexus_2k_000898;nexus_2k_000283;nexus_2k_000783;nexus_2k_000815;nexus_2k_001483,snapshot/candidates/c1/run/updates-from0000000-1791371601630269956.jsonl
C1,339,338,0.8284040093421936,0.0001,4.8591751251369715,2011.6825994849205,62463123968,79609987072,nexus_2k_000935;nexus_2k_000118;nexus_2k_001211;nexus_2k_000823;nexus_2k_001780,snapshot/candidates/c1/run/updates-from0000000-1791371601630269956.jsonl
C1,340,339,0.7997645139694214,0.0001,6.211101689375937,2017.894960806705,69424504320,79609987072,nexus_2k_000242;nexus_2k_000869;nexus_2k_000142;nexus_2k_000167;nexus_2k_001178,snapshot/candidates/c1/run/updates-from0000000-1791371601630269956.jsonl
C1,341,340,0.656549620628357,0.0001,6.1989261489361525,2024.0945879453793,64433090560,79609987072,nexus_2k_001179;nexus_2k_001093;nexus_2k_000283;nexus_2k_001178;nexus_2k_000869,snapshot/candidates/c1/run/updates-from0000000-1791371601630269956.jsonl
C1,342,341,0.6367515206336976,0.0001,5.6299465242773294,2029.7253242013976,74171672576,79609987072,nexus_2k_001550;nexus_2k_000020;nexus_2k_000935;nexus_2k_000346;nexus_2k_000898,snapshot/candidates/c1/run/updates-from0000000-1791371601630269956.jsonl
C1,343,342,0.6332211375236512,0.0001,3.513280219398439,2033.239235076122,59171092480,79609987072,nexus_2k_001085;nexus_2k_001415;nexus_2k_000084;nexus_2k_001843;nexus_2k_001692,snapshot/candidates/c1/run/updates-from0000000-1791371601630269956.jsonl
C1,344,343,0.563930070400238,0.0001,4.27454393915832,2037.5142800677568,53119610880,79609987072,nexus_2k_000800;nexus_2k_001716;nexus_2k_001780;nexus_2k_001216;nexus_2k_000796,snapshot/candidates/c1/run/updates-from0000000-1791371601630269956.jsonl
C1,345,344,0.7466516137123108,0.0001,5.486779020167887,2043.0014815740287,69429772800,79609987072,nexus_2k_000675;nexus_2k_001577;nexus_2k_001211;nexus_2k_000167;nexus_2k_000519,snapshot/candidates/c1/run/updates-from0000000-1791371601630269956.jsonl
C1,346,345,0.6593095183372497,0.0001,6.450147584080696,2049.4522452196106,69535752704,79609987072,nexus_2k_000872;nexus_2k_001536;nexus_2k_001792;nexus_2k_000142;nexus_2k_000280,snapshot/candidates/c1/run/updates-from0000000-1791371601630269956.jsonl
C1,347,346,0.6310621976852417,0.0001,5.3342353738844395,2054.786973144859,56905220608,79609987072,nexus_2k_001825;nexus_2k_000242;nexus_2k_001439;nexus_2k_000840;nexus_2k_001483,snapshot/candidates/c1/run/updates-from0000000-1791371601630269956.jsonl
C1,348,347,0.7386129915714263,0.0001,3.4353832146152854,2058.222911823541,50845864448,79609987072,nexus_2k_000823;nexus_2k_001045;nexus_2k_001150;nexus_2k_001331;nexus_2k_000447,snapshot/candidates/c1/run/updates-from0000000-1791371601630269956.jsonl
C1,349,348,0.621503210067749,0.0001,6.3367866994813085,2064.56016868446,71548631040,79609987072,nexus_2k_001087;nexus_2k_001232;nexus_2k_000053;nexus_2k_000083;nexus_2k_001317,snapshot/candidates/c1/run/updates-from0000000-1791371601630269956.jsonl
C1,350,349,0.6075162410736084,0.0001,5.580411736853421,2070.141028647311,60937378816,79609987072,nexus_2k_000783;nexus_2k_000118;nexus_2k_000074;nexus_2k_000815;nexus_2k_000952,snapshot/candidates/c1/run/updates-from0000000-1791371601630269956.jsonl
C1,351,350,0.6292778134346009,0.0001,6.930248133838177,2077.071716606617,64925759488,79609987072,nexus_2k_000898;nexus_2k_000242;nexus_2k_001415;nexus_2k_001093;nexus_2k_000872,snapshot/candidates/c1/run/updates-from0000000-1791371601630269956.jsonl
C1,352,351,0.6485296964645386,0.0001,5.977122736163437,2083.0503966417164,69422667264,79609987072,nexus_2k_001716;nexus_2k_001216;nexus_2k_000167;nexus_2k_000283;nexus_2k_000952,snapshot/candidates/c1/run/updates-from0000000-1791371601630269956.jsonl
C1,353,352,0.7105446934700013,0.0001,5.118676179088652,2088.1705898027867,62380664832,79609987072,nexus_2k_001780;nexus_2k_001843;nexus_2k_000800;nexus_2k_001483;nexus_2k_001178,snapshot/candidates/c1/run/updates-from0000000-1791371601630269956.jsonl
C1,354,353,0.6260476350784302,0.0001,5.013156722299755,2093.1845510993153,60976794624,79609987072,nexus_2k_000053;nexus_2k_001825;nexus_2k_001087;nexus_2k_000815;nexus_2k_001550,snapshot/candidates/c1/run/updates-from0000000-1791371601630269956.jsonl
C1,355,354,0.779045307636261,0.0001,4.754910902120173,2097.9401570754126,58844708864,79609987072,nexus_2k_000142;nexus_2k_000869;nexus_2k_000519;nexus_2k_000840;nexus_2k_001577,snapshot/candidates/c1/run/updates-from0000000-1791371601630269956.jsonl
C1,356,355,0.6979432940483093,0.0001,6.0748861422762275,2104.01564668864,69627214848,79609987072,nexus_2k_000935;nexus_2k_001179;nexus_2k_000020;nexus_2k_000280;nexus_2k_001792,snapshot/candidates/c1/run/updates-from0000000-1791371601630269956.jsonl
C1,357,356,0.6892480731010437,0.0001,6.823742235079408,2110.84046510607,71547455488,79609987072,nexus_2k_000796;nexus_2k_001317;nexus_2k_001439;nexus_2k_001232;nexus_2k_000783,snapshot/candidates/c1/run/updates-from0000000-1791371601630269956.jsonl
C1,358,357,0.6787942886352539,0.0001,3.9591337153688073,2114.800113696605,62393738752,79609987072,nexus_2k_001085;nexus_2k_001211;nexus_2k_001692;nexus_2k_000675;nexus_2k_000447,snapshot/candidates/c1/run/updates-from0000000-1791371601630269956.jsonl
C1,359,358,0.6152560234069824,0.0001,3.259214193560183,2118.0603442965075,48102056448,79609987072,nexus_2k_001150;nexus_2k_001536;nexus_2k_000823;nexus_2k_000084;nexus_2k_000074,snapshot/candidates/c1/run/updates-from0000000-1791371601630269956.jsonl
C1,360,359,0.5276222884654999,0.0001,4.43482543155551,2122.495694220066,68854396416,79609987072,nexus_2k_000118;nexus_2k_000083;nexus_2k_000346;nexus_2k_001045;nexus_2k_001331,snapshot/candidates/c1/run/updates-from0000000-1791371601630269956.jsonl
C1,361,360,0.5905724048614502,0.0001,5.175255514681339,2127.6713820220903,69035852288,79609987072,nexus_2k_000815;nexus_2k_000519;nexus_2k_000074;nexus_2k_001792;nexus_2k_000118,snapshot/candidates/c1/run/updates-from0000000-1791371601630269956.jsonl
C1,362,361,0.6700277686119079,0.0001,6.022998722270131,2133.6952412091196,60204918272,79609987072,nexus_2k_000167;nexus_2k_000142;nexus_2k_000283;nexus_2k_001825;nexus_2k_000675,snapshot/candidates/c1/run/updates-from0000000-1791371601630269956.jsonl
C1,363,362,0.6353349566459656,0.0001,4.688883222639561,2138.3850898826495,62387425280,79609987072,nexus_2k_000053;nexus_2k_000800;nexus_2k_000084;nexus_2k_001692;nexus_2k_001415,snapshot/candidates/c1/run/updates-from0000000-1791371601630269956.jsonl
C1,364,363,0.5789407730102539,0.0001,6.183859545737505,2144.5697063254192,64436819968,79609987072,nexus_2k_001232;nexus_2k_001045;nexus_2k_001780;nexus_2k_001211;nexus_2k_001093,snapshot/candidates/c1/run/updates-from0000000-1791371601630269956.jsonl
C1,365,364,0.6618335247039795,0.0001,4.690030581317842,2149.260333612561,60301193728,79609987072,nexus_2k_000280;nexus_2k_001577;nexus_2k_001536;nexus_2k_000346;nexus_2k_001716,snapshot/candidates/c1/run/updates-from0000000-1791371601630269956.jsonl
C1,366,365,0.6288205862045289,0.0001,6.031219720840454,2155.2922388529405,58106316800,79609987072,nexus_2k_000952;nexus_2k_001331;nexus_2k_001317;nexus_2k_001439;nexus_2k_001178,snapshot/candidates/c1/run/updates-from0000000-1791371601630269956.jsonl
C1,367,366,0.6951336145401001,0.0001,5.119688827544451,2160.412459993735,60593059328,79609987072,nexus_2k_001216;nexus_2k_000823;nexus_2k_000869;nexus_2k_001179;nexus_2k_000935,snapshot/candidates/c1/run/updates-from0000000-1791371601630269956.jsonl
C1,368,367,0.6729141592979431,0.0001,5.563760288991034,2165.9772020122036,59601938944,79609987072,nexus_2k_000083;nexus_2k_000242;nexus_2k_000840;nexus_2k_000872;nexus_2k_001550,snapshot/candidates/c1/run/updates-from0000000-1791371601630269956.jsonl
C1,369,368,0.8210355281829834,0.0001,3.9361015604808927,2169.914583688602,67753696256,79609987072,nexus_2k_000796;nexus_2k_000783;nexus_2k_001085;nexus_2k_000020;nexus_2k_001843,snapshot/candidates/c1/run/updates-from0000000-1791371601630269956.jsonl
C1,370,369,0.6195730566978455,0.0001,5.179045165888965,2175.0941842040047,74196558848,79609987072,nexus_2k_001087;nexus_2k_000898;nexus_2k_000447;nexus_2k_001150;nexus_2k_001483,snapshot/candidates/c1/run/updates-from0000000-1791371601630269956.jsonl
C1,371,370,0.6880814909934998,0.0001,6.659733899869025,2181.75532289315,69413877248,79609987072,nexus_2k_001317;nexus_2k_001179;nexus_2k_001211;nexus_2k_000167;nexus_2k_000815,snapshot/candidates/c1/run/updates-from0000000-1791371601630269956.jsonl
C1,372,371,0.6440532445907593,0.0001,7.9744385508820415,2189.7309973696247,74148589056,79609987072,nexus_2k_000783;nexus_2k_000869;nexus_2k_001178;nexus_2k_000898;nexus_2k_001093,snapshot/candidates/c1/run/updates-from0000000-1791371601630269956.jsonl
C1,373,372,0.6699139595031738,0.0001,4.368908886797726,2194.100401777774,54662935552,79609987072,nexus_2k_001780;nexus_2k_001216;nexus_2k_000796;nexus_2k_001825;nexus_2k_000952,snapshot/candidates/c1/run/updates-from0000000-1791371601630269956.jsonl
C1,374,373,0.5355950951576233,0.0001,3.680939515121281,2197.7823193287477,59698613248,79609987072,nexus_2k_000074;nexus_2k_001045;nexus_2k_000519;nexus_2k_001843;nexus_2k_000283,snapshot/candidates/c1/run/updates-from0000000-1791371601630269956.jsonl
C1,375,374,0.6077097475528717,0.0001,6.106539053842425,2203.889476213604,69507537920,79609987072,nexus_2k_001331;nexus_2k_000280;nexus_2k_000800;nexus_2k_000872;nexus_2k_001716,snapshot/candidates/c1/run/updates-from0000000-1791371601630269956.jsonl
C1,376,375,0.66493359208107,0.0001,3.5191095219925046,2207.4095330964774,48075355648,79609987072,nexus_2k_001550;nexus_2k_001536;nexus_2k_000118;nexus_2k_001150;nexus_2k_000084,snapshot/candidates/c1/run/updates-from0000000-1791371601630269956.jsonl
C1,377,376,0.685754144191742,0.0001,5.676665180362761,2213.086787994951,68948607488,79609987072,nexus_2k_000840;nexus_2k_000823;nexus_2k_000142;nexus_2k_001439;nexus_2k_001792,snapshot/candidates/c1/run/updates-from0000000-1791371601630269956.jsonl
C1,378,377,0.7733390688896179,0.0001,5.800474775023758,2218.8879659473896,62299547648,79609987072,nexus_2k_001232;nexus_2k_001483;nexus_2k_001415;nexus_2k_000675;nexus_2k_000346,snapshot/candidates/c1/run/updates-from0000000-1791371601630269956.jsonl
C1,379,378,0.552736634016037,0.0001,4.2709694765508175,2223.1594784474,59601938944,79609987072,nexus_2k_000083;nexus_2k_000242;nexus_2k_000447;nexus_2k_001085;nexus_2k_000020,snapshot/candidates/c1/run/updates-from0000000-1791371601630269956.jsonl
C1,380,379,0.6988367915153504,0.0001,4.291058169677854,2227.451294700615,60622273024,79609987072,nexus_2k_001087;nexus_2k_000935;nexus_2k_000053;nexus_2k_001692;nexus_2k_001577,snapshot/candidates/c1/run/updates-from0000000-1791371601630269956.jsonl
C1,381,380,0.6176799535751343,0.0001,3.8521819412708282,2231.3042642818764,47351152640,79609987072,nexus_2k_001825;nexus_2k_000053;nexus_2k_000242;nexus_2k_000118;nexus_2k_000447,snapshot/candidates/c1/run/updates-from0000000-1791371601630269956.jsonl
C1,382,381,0.6521379113197326,0.0001,5.244209732860327,2236.54887353722,58126370816,79609987072,nexus_2k_000840;nexus_2k_000796;nexus_2k_001439;nexus_2k_001317;nexus_2k_001483,snapshot/candidates/c1/run/updates-from0000000-1791371601630269956.jsonl
C1,383,382,0.6754584670066833,0.0001,5.123836638405919,2241.6733285309747,68837470720,79609987072,nexus_2k_001085;nexus_2k_000142;nexus_2k_000083;nexus_2k_000346;nexus_2k_001178,snapshot/candidates/c1/run/updates-from0000000-1791371601630269956.jsonl
C1,384,383,0.6370265126228333,0.0001,5.308329095132649,2246.982514518313,59689344000,79609987072,nexus_2k_000952;nexus_2k_000074;nexus_2k_001331;nexus_2k_000872;nexus_2k_000283,snapshot/candidates/c1/run/updates-from0000000-1791371601630269956.jsonl
C1,385,384,0.7169345140457153,0.0001,5.615412044338882,2252.599335935898,71542200832,79609987072,nexus_2k_001792;nexus_2k_001150;nexus_2k_001780;nexus_2k_001577;nexus_2k_001232,snapshot/candidates/c1/run/updates-from0000000-1791371601630269956.jsonl
C1,386,385,0.5640022277832031,0.0001,4.573784079402685,2257.1739542167634,67731926016,79609987072,nexus_2k_001216;nexus_2k_000084;nexus_2k_001087;nexus_2k_000783;nexus_2k_000675,snapshot/candidates/c1/run/updates-from0000000-1791371601630269956.jsonl
C1,387,386,0.531367564201355,0.0001,6.062190980650485,2263.236706084572,64925759488,79609987072,nexus_2k_000898;nexus_2k_001093;nexus_2k_000823;nexus_2k_001550;nexus_2k_001179,snapshot/candidates/c1/run/updates-from0000000-1791371601630269956.jsonl
C1,388,387,0.5940852761268616,0.0001,7.631657997146249,2270.8690275596455,69566194176,79609987072,nexus_2k_001211;nexus_2k_000935;nexus_2k_000815;nexus_2k_000800;nexus_2k_000280,snapshot/candidates/c1/run/updates-from0000000-1791371601630269956.jsonl
C1,389,388,0.4873312830924988,0.0001,5.045301786623895,2275.915293720551,69422937600,79609987072,nexus_2k_000020;nexus_2k_000519;nexus_2k_000167;nexus_2k_000869;nexus_2k_001716,snapshot/candidates/c1/run/updates-from0000000-1791371601630269956.jsonl
C1,390,389,0.7104040145874023,0.0001,3.7489869724959135,2279.6653791498393,59191261184,79609987072,nexus_2k_001536;nexus_2k_001843;nexus_2k_001692;nexus_2k_001415;nexus_2k_001045,snapshot/candidates/c1/run/updates-from0000000-1791371601630269956.jsonl
C1,391,390,0.5579537689685822,0.0001,5.15847622230649,2284.824634237215,67731438592,79609987072,nexus_2k_001825;nexus_2k_001550;nexus_2k_000783;nexus_2k_000074;nexus_2k_000020,snapshot/candidates/c1/run/updates-from0000000-1791371601630269956.jsonl
C1,392,391,0.8940179705619812,0.0001,4.0613506101071835,2288.886493398808,59711843328,79609987072,nexus_2k_001577;nexus_2k_000796;nexus_2k_001179;nexus_2k_001087;nexus_2k_000283,snapshot/candidates/c1/run/updates-from0000000-1791371601630269956.jsonl
C1,393,392,0.5911542892456054,0.0001,5.142063387669623,2294.029031617567,69420367360,79609987072,nexus_2k_000823;nexus_2k_001536;nexus_2k_001150;nexus_2k_000167;nexus_2k_001439,snapshot/candidates/c1/run/updates-from0000000-1791371601630269956.jsonl
C1,394,393,0.6237904369831085,0.0001,7.448651957325637,2301.4782035620883,74183473152,79609987072,nexus_2k_000869;nexus_2k_000280;nexus_2k_001792;nexus_2k_000084;nexus_2k_000898,snapshot/candidates/c1/run/updates-from0000000-1791371601630269956.jsonl
C1,395,394,0.551341438293457,0.0001,6.492684575729072,2307.971910458058,68837470720,79609987072,nexus_2k_001085;nexus_2k_000083;nexus_2k_000815;nexus_2k_001317;nexus_2k_000935,snapshot/candidates/c1/run/updates-from0000000-1791371601630269956.jsonl
C1,396,395,0.5376492619514466,0.0001,3.82132316660136,2311.79366554413,53119610880,79609987072,nexus_2k_000800;nexus_2k_000519;nexus_2k_001045;nexus_2k_000118;nexus_2k_001692,snapshot/candidates/c1/run/updates-from0000000-1791371601630269956.jsonl
C1,397,396,0.49319387078285215,0.0001,5.243845732882619,2317.0379220834,64428514816,79609987072,nexus_2k_001716;nexus_2k_000675;nexus_2k_001093;nexus_2k_001331;nexus_2k_001483,snapshot/candidates/c1/run/updates-from0000000-1791371601630269956.jsonl
C1,398,397,0.6717287003993988,0.0001,4.767080155201256,2321.8053533798084,62395247104,79609987072,nexus_2k_001780;nexus_2k_000872;nexus_2k_001216;nexus_2k_001211;nexus_2k_000447,snapshot/candidates/c1/run/updates-from0000000-1791371601630269956.jsonl
C1,399,398,0.5128901660442352,0.0001,5.863942561671138,2327.669821341522,71555344896,79609987072,nexus_2k_000053;nexus_2k_001232;nexus_2k_001415;nexus_2k_000346;nexus_2k_001178,snapshot/candidates/c1/run/updates-from0000000-1791371601630269956.jsonl
C1,400,399,0.7784265518188477,0.0001,4.334938226267695,2332.005245326087,51535967744,79609987072,nexus_2k_000952;nexus_2k_000840;nexus_2k_000242;nexus_2k_001843;nexus_2k_000142,snapshot/candidates/c1/run/updates-from0000000-1791371601630269956.jsonl
C1,401,400,0.7239391565322876,0.0001,3.5654729288071394,2335.5710829645395,48847816704,79609987072,nexus_2k_001317;nexus_2k_001179;nexus_2k_001843;nexus_2k_000796;nexus_2k_001692,snapshot/candidates/c1/run/updates-from0000000-1791371601630269956.jsonl
C1,402,401,0.671614283323288,0.0001,5.712832356803119,2341.2844014829025,62364886528,79609987072,nexus_2k_000952;nexus_2k_000815;nexus_2k_001216;nexus_2k_000447;nexus_2k_000800,snapshot/candidates/c1/run/updates-from0000000-1791371601630269956.jsonl
C1,403,402,0.6025202214717865,0.0001,6.369138809852302,2347.6540092471987,69478573056,79609987072,nexus_2k_001232;nexus_2k_000823;nexus_2k_000167;nexus_2k_001085;nexus_2k_001483,snapshot/candidates/c1/run/updates-from0000000-1791371601630269956.jsonl
C1,404,403,0.6148461937904358,0.0001,4.72329081967473,2352.3777644392103,60618591744,79609987072,nexus_2k_001178;nexus_2k_000935;nexus_2k_000242;nexus_2k_000675;nexus_2k_000084,snapshot/candidates/c1/run/updates-from0000000-1791371601630269956.jsonl
C1,405,404,0.6118422329425812,0.0001,3.790201206691563,2356.1684905523434,51591790080,79609987072,nexus_2k_000346;nexus_2k_001577;nexus_2k_001716;nexus_2k_000142;nexus_2k_000519,snapshot/candidates/c1/run/updates-from0000000-1791371601630269956.jsonl
C1,406,405,0.7460046648979187,0.0001,5.200964750722051,2361.3699281532317,58848520192,79609987072,nexus_2k_001825;nexus_2k_000869;nexus_2k_001331;nexus_2k_001550;nexus_2k_000074,snapshot/candidates/c1/run/updates-from0000000-1791371601630269956.jsonl
C1,407,406,0.7620843112468719,0.0001,3.2635287875309587,2364.6342504918575,48108540416,79609987072,nexus_2k_000840;nexus_2k_000020;nexus_2k_001045;nexus_2k_001536;nexus_2k_001150,snapshot/candidates/c1/run/updates-from0000000-1791371601630269956.jsonl
C1,408,407,0.6866464257240296,0.0001,6.342087739147246,2370.9768219264224,68854752768,79609987072,nexus_2k_000118;nexus_2k_001093;nexus_2k_000783;nexus_2k_000083;nexus_2k_001087,snapshot/candidates/c1/run/updates-from0000000-1791371601630269956.jsonl
C1,409,408,0.7576996862888337,0.0001,6.322107435204089,2377.299456158653,69535138304,79609987072,nexus_2k_000872;nexus_2k_000280;nexus_2k_000053;nexus_2k_001415;nexus_2k_000283,snapshot/candidates/c1/run/updates-from0000000-1791371601630269956.jsonl
C1,410,409,0.5034239768981934,0.0001,7.108796581625938,2384.409203820862,74192801792,79609987072,nexus_2k_001439;nexus_2k_001792;nexus_2k_000898;nexus_2k_001211;nexus_2k_001780,snapshot/candidates/c1/run/updates-from0000000-1791371601630269956.jsonl
C1,411,410,0.4736738085746765,0.0001,6.213020830415189,2390.6229051686823,64414917120,79609987072,nexus_2k_001216;nexus_2k_001550;nexus_2k_000872;nexus_2k_001093;nexus_2k_000815,snapshot/candidates/c1/run/updates-from0000000-1791371601630269956.jsonl
C1,412,411,0.6439156830310822,0.0001,5.243403345346451,2395.8667569626123,69515387392,79609987072,nexus_2k_001045;nexus_2k_000447;nexus_2k_000280;nexus_2k_000118;nexus_2k_000083,snapshot/candidates/c1/run/updates-from0000000-1791371601630269956.jsonl
C1,413,412,0.6078388929367066,0.0001,4.428182560019195,2400.295576894656,60613821952,79609987072,nexus_2k_000346;nexus_2k_000053;nexus_2k_000935;nexus_2k_001178;nexus_2k_001150,snapshot/candidates/c1/run/updates-from0000000-1791371601630269956.jsonl
C1,414,413,0.6340005695819855,0.0001,5.481960474513471,2405.7784586064517,62397938176,79609987072,nexus_2k_000283;nexus_2k_001716;nexus_2k_001577;nexus_2k_000142;nexus_2k_001211,snapshot/candidates/c1/run/updates-from0000000-1791371601630269956.jsonl
C1,415,414,0.6737996697425842,0.0001,5.359136676415801,2411.138483724557,67742595072,79609987072,nexus_2k_000800;nexus_2k_000020;nexus_2k_001536;nexus_2k_000675;nexus_2k_000783,snapshot/candidates/c1/run/updates-from0000000-1791371601630269956.jsonl
C1,416,415,0.5783293068408966,0.0001,4.226209771819413,2415.3657543323934,50837615104,79609987072,nexus_2k_001317;nexus_2k_001331;nexus_2k_001179;nexus_2k_000074;nexus_2k_001692,snapshot/candidates/c1/run/updates-from0000000-1791371601630269956.jsonl
C1,417,416,0.6771310210227967,0.0001,7.150162416510284,2422.516802840866,74183921664,79609987072,nexus_2k_001415;nexus_2k_001843;nexus_2k_000869;nexus_2k_000898;nexus_2k_001792,snapshot/candidates/c1/run/updates-from0000000-1791371601630269956.jsonl
C1,418,417,0.722275722026825,0.0001,4.071869166567922,2426.5893783830106,48862467584,79609987072,nexus_2k_001439;nexus_2k_000840;nexus_2k_000084;nexus_2k_000519;nexus_2k_000242,snapshot/candidates/c1/run/updates-from0000000-1791371601630269956.jsonl
C1,419,418,0.5513053297996521,0.0001,6.062965599820018,2432.65285695903,62299547648,79609987072,nexus_2k_001232;nexus_2k_001483;nexus_2k_000796;nexus_2k_000952;nexus_2k_001825,snapshot/candidates/c1/run/updates-from0000000-1791371601630269956.jsonl
C1,420,419,0.6502562284469604,0.0001,4.347000760026276,2437.0004582703114,69420367360,79609987072,nexus_2k_000823;nexus_2k_000167;nexus_2k_001087;nexus_2k_001085;nexus_2k_001780,snapshot/candidates/c1/run/updates-from0000000-1791371601630269956.jsonl
C1,421,420,0.6566473543643951,0.0001,5.684074682183564,2442.685149455443,67756489728,79609987072,nexus_2k_000118;nexus_2k_001178;nexus_2k_001179;nexus_2k_000783;nexus_2k_000815,snapshot/candidates/c1/run/updates-from0000000-1791371601630269956.jsonl
C1,422,421,0.644712221622467,0.0001,5.122578383423388,2447.808326615952,60634737152,79609987072,nexus_2k_001483;nexus_2k_001536;nexus_2k_001087;nexus_2k_000935;nexus_2k_001216,snapshot/candidates/c1/run/updates-from0000000-1791371601630269956.jsonl
C1,423,422,0.5079647779464722,0.0001,3.914732404053211,2451.723609542474,52907734528,79609987072,nexus_2k_000447;nexus_2k_000053;nexus_2k_001716;nexus_2k_001577;nexus_2k_001550,snapshot/candidates/c1/run/updates-from0000000-1791371601630269956.jsonl
C1,424,423,0.652854859828949,0.0001,6.449313823133707,2458.173519352451,74180793344,79609987072,nexus_2k_001085;nexus_2k_001211;nexus_2k_000020;nexus_2k_000898;nexus_2k_000167,snapshot/candidates/c1/run/updates-from0000000-1791371601630269956.jsonl
C1,425,424,0.5463934898376465,0.0001,4.7219253005459905,2462.8961550528184,54648821248,79609987072,nexus_2k_000952;nexus_2k_000840;nexus_2k_001331;nexus_2k_001825;nexus_2k_000346,snapshot/candidates/c1/run/updates-from0000000-1791371601630269956.jsonl
C1,426,425,0.5370927929878235,0.0001,4.721614491194487,2467.6191762713715,59601938944,79609987072,nexus_2k_000083;nexus_2k_001692;nexus_2k_000823;nexus_2k_000074;nexus_2k_000142,snapshot/candidates/c1/run/updates-from0000000-1791371601630269956.jsonl
C1,427,426,0.620494681596756,0.0001,5.682054167613387,2473.3016708940268,69522127360,79609987072,nexus_2k_001780;nexus_2k_000796;nexus_2k_000280;nexus_2k_001317;nexus_2k_000800,snapshot/candidates/c1/run/updates-from0000000-1791371601630269956.jsonl
C1,428,427,0.6098283767700196,0.0001,5.609255291521549,2478.911485062912,68955642368,79609987072,nexus_2k_000872;nexus_2k_000519;nexus_2k_000675;nexus_2k_001792;nexus_2k_001415,snapshot/candidates/c1/run/updates-from0000000-1791371601630269956.jsonl
C1,429,428,0.6966145634651184,0.0001,5.765578149817884,2484.677525919862,71556805632,79609987072,nexus_2k_000869;nexus_2k_001843;nexus_2k_001232;nexus_2k_001150;nexus_2k_000283,snapshot/candidates/c1/run/updates-from0000000-1791371601630269956.jsonl
C1,430,429,0.5712090015411377,0.0001,4.6970069240778685,2489.3750175731257,56887894528,79609987072,nexus_2k_001093;nexus_2k_000242;nexus_2k_001439;nexus_2k_000084;nexus_2k_001045,snapshot/candidates/c1/run/updates-from0000000-1791371601630269956.jsonl
C1,431,430,0.5909968554973603,0.0001,4.262231475673616,2493.63770343177,58866060288,79609987072,nexus_2k_001045;nexus_2k_000869;nexus_2k_001317;nexus_2k_001692;nexus_2k_001843,snapshot/candidates/c1/run/updates-from0000000-1791371601630269956.jsonl
C1,432,431,0.5741268813610076,0.0001,7.617191367782652,2501.2552385926247,69535138304,79609987072,nexus_2k_000872;nexus_2k_000280;nexus_2k_001792;nexus_2k_000783;nexus_2k_001178,snapshot/candidates/c1/run/updates-from0000000-1791371601630269956.jsonl
C1,433,432,0.5388999938964844,0.0001,3.679478974081576,2504.935085424222,50451924480,79609987072,nexus_2k_000283;nexus_2k_000020;nexus_2k_001780;nexus_2k_000118;nexus_2k_000796,snapshot/candidates/c1/run/updates-from0000000-1791371601630269956.jsonl
C1,434,433,0.5193078517913818,0.0001,5.480676526203752,2510.416301764548,62362544640,79609987072,nexus_2k_001093;nexus_2k_001577;nexus_2k_001087;nexus_2k_000840;nexus_2k_001211,snapshot/candidates/c1/run/updates-from0000000-1791371601630269956.jsonl
C1,435,434,0.5202040553092957,0.0001,3.4687755834311247,2513.8858413686976,54664485376,79609987072,nexus_2k_001150;nexus_2k_001825;nexus_2k_000084;nexus_2k_000519;nexus_2k_001179,snapshot/candidates/c1/run/updates-from0000000-1791371601630269956.jsonl
C1,436,435,0.5488711297512054,0.0001,8.692377577535808,2522.57877739612,74169776128,79609987072,nexus_2k_000083;nexus_2k_000815;nexus_2k_000800;nexus_2k_000898;nexus_2k_001232,snapshot/candidates/c1/run/updates-from0000000-1791371601630269956.jsonl
C1,437,436,0.5085309386253357,0.0001,3.841000101529062,2526.4205882409588,52905903104,79609987072,nexus_2k_000242;nexus_2k_000447;nexus_2k_001550;nexus_2k_001536;nexus_2k_001085,snapshot/candidates/c1/run/updates-from0000000-1791371601630269956.jsonl
C1,438,437,0.5277111768722534,0.0001,5.280155691318214,2531.7011408228427,69423510528,79609987072,nexus_2k_000142;nexus_2k_000167;nexus_2k_000952;nexus_2k_001716;nexus_2k_000074,snapshot/candidates/c1/run/updates-from0000000-1791371601630269956.jsonl
C1,439,438,0.5173525273799896,0.0001,4.5462986109778285,2536.2482611211017,50854011392,79609987072,nexus_2k_001415;nexus_2k_001331;nexus_2k_000823;nexus_2k_000675;nexus_2k_000053,snapshot/candidates/c1/run/updates-from0000000-1791371601630269956.jsonl
C1,440,439,0.5551949381828308,0.0001,5.47138702776283,2541.7205744842067,60613821952,79609987072,nexus_2k_000346;nexus_2k_001483;nexus_2k_001439;nexus_2k_001216;nexus_2k_000935,snapshot/candidates/c1/run/updates-from0000000-1791371601630269956.jsonl
C1,441,440,0.6093120574951172,0.0001,4.6733223255723715,2546.394933006726,64430670336,79609987072,nexus_2k_001692;nexus_2k_001045;nexus_2k_001087;nexus_2k_001093;nexus_2k_001415,snapshot/candidates/c1/run/updates-from0000000-1791371601630269956.jsonl
C1,442,441,0.7388176381587982,0.0001,5.466228521429002,2551.861762803048,67768986624,79609987072,nexus_2k_001483;nexus_2k_000783;nexus_2k_001780;nexus_2k_001536;nexus_2k_001825,snapshot/candidates/c1/run/updates-from0000000-1791371601630269956.jsonl
C1,443,442,0.7177866041660309,0.0001,6.525700569152832,2558.3883205931634,68981223936,79609987072,nexus_2k_001439;nexus_2k_000869;nexus_2k_000800;nexus_2k_001792;nexus_2k_001085,snapshot/candidates/c1/run/updates-from0000000-1791371601630269956.jsonl
C1,444,443,0.7435984373092651,0.0001,5.421408724039793,2563.810429567471,62400320000,79609987072,nexus_2k_000053;nexus_2k_001216;nexus_2k_001211;nexus_2k_000823;nexus_2k_000815,snapshot/candidates/c1/run/updates-from0000000-1791371601630269956.jsonl
C1,445,444,0.5710564196109772,0.0001,4.952267189510167,2568.7634983146563,60610602496,79609987072,nexus_2k_001843;nexus_2k_000283;nexus_2k_000020;nexus_2k_001550;nexus_2k_000935,snapshot/candidates/c1/run/updates-from0000000-1791371601630269956.jsonl
C1,446,445,0.5441477119922637,0.0001,4.71021162904799,2573.4741295287386,57065612288,79609987072,nexus_2k_001577;nexus_2k_000118;nexus_2k_000952;nexus_2k_000242;nexus_2k_001178,snapshot/candidates/c1/run/updates-from0000000-1791371601630269956.jsonl
C1,447,446,0.5664716601371765,0.0001,5.545262000523508,2579.02000053972,71527664640,79609987072,nexus_2k_000142;nexus_2k_001232;nexus_2k_001150;nexus_2k_001317;nexus_2k_001716,snapshot/candidates/c1/run/updates-from0000000-1791371601630269956.jsonl
C1,448,447,0.6439292848110199,0.0001,6.515208805911243,2585.5358064696193,69419220480,79609987072,nexus_2k_000280;nexus_2k_000346;nexus_2k_000167;nexus_2k_000083;nexus_2k_001179,snapshot/candidates/c1/run/updates-from0000000-1791371601630269956.jsonl
C1,449,448,0.5805109143257141,0.0001,3.3073612144216895,2588.8435574425384,48862998016,79609987072,nexus_2k_000519;nexus_2k_000084;nexus_2k_000840;nexus_2k_000447;nexus_2k_000074,snapshot/candidates/c1/run/updates-from0000000-1791371601630269956.jsonl
C1,450,449,0.6610003113746643,0.0001,5.459549596533179,2594.3036898970604,74195890688,79609987072,nexus_2k_000872;nexus_2k_000898;nexus_2k_000796;nexus_2k_001331;nexus_2k_000675,snapshot/candidates/c1/run/updates-from0000000-1791371601630269956.jsonl
C1,451,450,0.4351553738117218,0.0001,5.776824687607586,2600.0809529516846,58136503296,79609987072,nexus_2k_000800;nexus_2k_000952;nexus_2k_001178;nexus_2k_001317;nexus_2k_001692,snapshot/candidates/c1/run/updates-from0000000-1791371601630269956.jsonl
C1,452,451,0.5860296785831451,0.0001,4.557156855240464,2604.6386772403494,60615644672,79609987072,nexus_2k_000074;nexus_2k_000084;nexus_2k_000519;nexus_2k_000869;nexus_2k_000935,snapshot/candidates/c1/run/updates-from0000000-1791371601630269956.jsonl
C1,453,452,0.6758885622024536,0.0001,6.100541075691581,2610.7396475505084,68855376384,79609987072,nexus_2k_000283;nexus_2k_000083;nexus_2k_001716;nexus_2k_000020;nexus_2k_000783,snapshot/candidates/c1/run/updates-from0000000-1791371601630269956.jsonl
C1,454,453,0.5069941520690918,0.0001,5.8934017438441515,2616.6335149956867,68942513152,79609987072,nexus_2k_000167;nexus_2k_001792;nexus_2k_001536;nexus_2k_000142;nexus_2k_000346,snapshot/candidates/c1/run/updates-from0000000-1791371601630269956.jsonl
C1,455,454,0.5450808823108673,0.0001,4.178195036016405,2620.8124041948467,60954903552,79609987072,nexus_2k_001843;nexus_2k_000675;nexus_2k_000796;nexus_2k_000840;nexus_2k_000815,snapshot/candidates/c1/run/updates-from0000000-1791371601630269956.jsonl
C1,456,455,0.5210858762264252,0.0001,6.791308354586363,2627.6043544551358,74148165632,79609987072,nexus_2k_000280;nexus_2k_001087;nexus_2k_000898;nexus_2k_001439;nexus_2k_001331,snapshot/candidates/c1/run/updates-from0000000-1791371601630269956.jsonl
C1,457,456,0.41638638973236086,0.0001,5.846915154717863,2633.45228534285,71544444416,79609987072,nexus_2k_000447;nexus_2k_001093;nexus_2k_000872;nexus_2k_001232;nexus_2k_001085,snapshot/candidates/c1/run/updates-from0000000-1791371601630269956.jsonl
C1,458,457,0.4647843837738037,0.0001,3.487661045975983,2636.940488648601,52899094016,79609987072,nexus_2k_000823;nexus_2k_001045;nexus_2k_000118;nexus_2k_001150;nexus_2k_001550,snapshot/candidates/c1/run/updates-from0000000-1791371601630269956.jsonl
C1,459,458,0.5944383025169373,0.0001,5.613094609230757,2642.5539649911225,62400635392,79609987072,nexus_2k_001415;nexus_2k_001216;nexus_2k_001179;nexus_2k_001825;nexus_2k_001211,snapshot/candidates/c1/run/updates-from0000000-1791371601630269956.jsonl
C1,460,459,0.6187779903411865,0.0001,4.113597161136568,2646.668112446554,56513411584,79609987072,nexus_2k_000242;nexus_2k_001483;nexus_2k_001577;nexus_2k_000053;nexus_2k_001780,snapshot/candidates/c1/run/updates-from0000000-1791371601630269956.jsonl
C1,461,460,0.4213844656944275,0.0001,3.9937394903972745,2650.6622230289504,62383306240,79609987072,nexus_2k_000796;nexus_2k_000800;nexus_2k_000053;nexus_2k_000118;nexus_2k_000074,snapshot/candidates/c1/run/updates-from0000000-1791371601630269956.jsonl
C1,462,461,0.4688186407089233,0.0001,5.560367638245225,2656.2229418428615,60634737152,79609987072,nexus_2k_001483;nexus_2k_001331;nexus_2k_001085;nexus_2k_001439;nexus_2k_000935,snapshot/candidates/c1/run/updates-from0000000-1791371601630269956.jsonl
C1,463,462,0.45646830797195437,0.0001,3.548137598671019,2659.7717185933143,59175290880,79609987072,nexus_2k_001150;nexus_2k_001415;nexus_2k_001843;nexus_2k_001045;nexus_2k_000020,snapshot/candidates/c1/run/updates-from0000000-1791371601630269956.jsonl
C1,464,463,0.7117281317710876,0.0001,5.031664915382862,2664.8046667287126,69425659392,79609987072,nexus_2k_000346;nexus_2k_000675;nexus_2k_000167;nexus_2k_001087;nexus_2k_001317,snapshot/candidates/c1/run/updates-from0000000-1791371601630269956.jsonl
C1,465,464,0.5095198571681976,0.0001,5.255703752860427,2670.0608036192134,71608887808,79609987072,nexus_2k_000815;nexus_2k_000084;nexus_2k_001780;nexus_2k_000242;nexus_2k_001232,snapshot/candidates/c1/run/updates-from0000000-1791371601630269956.jsonl
C1,466,465,0.5513738989830017,0.0001,5.305938075296581,2675.367244593799,74167236608,79609987072,nexus_2k_001825;nexus_2k_000898;nexus_2k_001179;nexus_2k_000519;nexus_2k_000823,snapshot/candidates/c1/run/updates-from0000000-1791371601630269956.jsonl
C1,467,466,0.49891900420188906,0.0001,5.919025676324964,2681.2868027724326,68956133888,79609987072,nexus_2k_000872;nexus_2k_001536;nexus_2k_001792;nexus_2k_000869;nexus_2k_001577,snapshot/candidates/c1/run/updates-from0000000-1791371601630269956.jsonl
C1,468,467,0.6889912605285644,0.0001,5.584498995915055,2686.8717008475214,64428785152,79609987072,nexus_2k_001716;nexus_2k_001216;nexus_2k_001093;nexus_2k_001178;nexus_2k_000142,snapshot/candidates/c1/run/updates-from0000000-1791371601630269956.jsonl
C1,469,468,0.5210625231266022,0.0001,6.004875796847045,2692.8770871711895,67754525696,79609987072,nexus_2k_000447;nexus_2k_001550;nexus_2k_000952;nexus_2k_001211;nexus_2k_000783,snapshot/candidates/c1/run/updates-from0000000-1791371601630269956.jsonl
C1,470,469,0.487556254863739,0.0001,6.259764803573489,2699.13731565699,69534816768,79609987072,nexus_2k_000283;nexus_2k_000280;nexus_2k_001692;nexus_2k_000840;nexus_2k_000083,snapshot/candidates/c1/run/updates-from0000000-1791371601630269956.jsonl
C1,471,470,0.47631469964981077,0.0001,5.778848832473159,2704.9167040744796,60601654784,79609987072,nexus_2k_000083;nexus_2k_000935;nexus_2k_001415;nexus_2k_000118;nexus_2k_001179,snapshot/candidates/c1/run/updates-from0000000-1791371601630269956.jsonl
C1,472,471,0.6692640125751496,0.0001,4.378514815121889,2709.29633403942,58845323264,79609987072,nexus_2k_001331;nexus_2k_001577;nexus_2k_001843;nexus_2k_000869;nexus_2k_001085,snapshot/candidates/c1/run/updates-from0000000-1791371601630269956.jsonl
C1,473,472,0.5265654146671295,0.0001,5.246614847332239,2714.5439436445013,69425812992,79609987072,nexus_2k_000447;nexus_2k_001716;nexus_2k_000167;nexus_2k_001045;nexus_2k_000800,snapshot/candidates/c1/run/updates-from0000000-1791371601630269956.jsonl
C1,474,473,0.6388216257095337,0.0001,3.7290267953649163,2718.2741559473798,47470096384,79609987072,nexus_2k_000872;nexus_2k_000823;nexus_2k_001692;nexus_2k_001780;nexus_2k_001150,snapshot/candidates/c1/run/updates-from0000000-1791371601630269956.jsonl
C1,475,474,0.4235234439373016,0.0001,4.984660143963993,2723.260247051716,60961424384,79609987072,nexus_2k_000840;nexus_2k_000815;nexus_2k_001439;nexus_2k_000242;nexus_2k_000020,snapshot/candidates/c1/run/updates-from0000000-1791371601630269956.jsonl
C1,476,475,0.39303554892539977,0.0001,5.984390886500478,2729.245424212888,64441388544,79609987072,nexus_2k_001178;nexus_2k_001211;nexus_2k_001550;nexus_2k_000084;nexus_2k_001093,snapshot/candidates/c1/run/updates-from0000000-1791371601630269956.jsonl
C1,477,476,0.5325680375099182,0.0001,7.944319918751717,2737.190725143999,74148634624,79609987072,nexus_2k_000783;nexus_2k_000898;nexus_2k_001317;nexus_2k_001792;nexus_2k_000952,snapshot/candidates/c1/run/updates-from0000000-1791371601630269956.jsonl
C1,478,477,0.7278747618198395,0.0001,4.724723936058581,2741.915931721218,56490221056,79609987072,nexus_2k_001216;nexus_2k_001483;nexus_2k_001087;nexus_2k_001825;nexus_2k_000074,snapshot/candidates/c1/run/updates-from0000000-1791371601630269956.jsonl
C1,479,478,0.5110081851482391,0.0001,4.421105629764497,2746.337995700538,51555831296,79609987072,nexus_2k_000283;nexus_2k_000675;nexus_2k_000519;nexus_2k_000142;nexus_2k_000053,snapshot/candidates/c1/run/updates-from0000000-1791371601630269956.jsonl
C1,480,479,0.4955932378768921,0.0001,5.618642209097743,2751.957221617922,71563729408,79609987072,nexus_2k_001536;nexus_2k_001232;nexus_2k_000280;nexus_2k_000796;nexus_2k_000346,snapshot/candidates/c1/run/updates-from0000000-1791371601630269956.jsonl
C1,481,480,0.5471959054470062,0.0001,4.044279948808253,2756.002320558764,58853259264,79609987072,nexus_2k_001716;nexus_2k_000869;nexus_2k_000118;nexus_2k_000242;nexus_2k_000084,snapshot/candidates/c1/run/updates-from0000000-1791371601630269956.jsonl
C1,482,481,0.4015174567699432,0.0001,4.688806629739702,2760.6918518813327,67752782848,79609987072,nexus_2k_000796;nexus_2k_001150;nexus_2k_001415;nexus_2k_000783;nexus_2k_001692,snapshot/candidates/c1/run/updates-from0000000-1791371601630269956.jsonl
C1,483,482,0.49487383365631105,0.0001,4.1205747509375215,2764.8134539397433,56492725760,79609987072,nexus_2k_001331;nexus_2k_001085;nexus_2k_001483;nexus_2k_000053;nexus_2k_000447,snapshot/candidates/c1/run/updates-from0000000-1791371601630269956.jsonl
C1,484,483,0.6575600862503052,0.0001,5.268344169482589,2770.0825749868527,68847208448,79609987072,nexus_2k_000519;nexus_2k_000815;nexus_2k_001536;nexus_2k_001179;nexus_2k_000083,snapshot/candidates/c1/run/updates-from0000000-1791371601630269956.jsonl
C1,485,484,0.5801224410533905,0.0001,4.677916615270078,2774.761248026043,62392809984,79609987072,nexus_2k_001178;nexus_2k_001780;nexus_2k_000800;nexus_2k_000675;nexus_2k_000020,snapshot/candidates/c1/run/updates-from0000000-1791371601630269956.jsonl
C1,486,485,0.47456876039505,0.0001,5.096724139526486,2779.8588739307597,60204918272,79609987072,nexus_2k_000167;nexus_2k_000346;nexus_2k_001087;nexus_2k_001439;nexus_2k_000840,snapshot/candidates/c1/run/updates-from0000000-1791371601630269956.jsonl
C1,487,486,0.4897551715373993,0.0001,7.274173930287361,2787.133678625338,68953930240,79609987072,nexus_2k_000283;nexus_2k_000935;nexus_2k_001093;nexus_2k_000952;nexus_2k_001792,snapshot/candidates/c1/run/updates-from0000000-1791371601630269956.jsonl
C1,488,487,0.4564807116985321,0.0001,6.387766926549375,2793.5224415306,74179323904,79609987072,nexus_2k_001211;nexus_2k_000898;nexus_2k_001550;nexus_2k_001825;nexus_2k_000074,snapshot/candidates/c1/run/updates-from0000000-1791371601630269956.jsonl
C1,489,488,0.5671278297901153,0.0001,5.1803117422387,2798.7032881956547,69503927296,79609987072,nexus_2k_001216;nexus_2k_000142;nexus_2k_001577;nexus_2k_001045;nexus_2k_000280,snapshot/candidates/c1/run/updates-from0000000-1791371601630269956.jsonl
C1,490,489,0.4412486732006073,0.0001,5.772379827685654,2804.4767064377666,71541874176,79609987072,nexus_2k_001843;nexus_2k_000872;nexus_2k_001317;nexus_2k_000823;nexus_2k_001232,snapshot/candidates/c1/run/updates-from0000000-1791371601630269956.jsonl
C1,491,490,0.5394429802894593,0.0001,7.172629008069634,2811.6498141884804,74204860928,79609987072,nexus_2k_000053;nexus_2k_000083;nexus_2k_000898;nexus_2k_001317;nexus_2k_000935,snapshot/candidates/c1/run/updates-from0000000-1791371601630269956.jsonl
C1,492,491,0.608662348985672,0.0001,5.475465068593621,2817.126054925844,62377134080,79609987072,nexus_2k_000823;nexus_2k_000800;nexus_2k_000815;nexus_2k_001550;nexus_2k_000519,snapshot/candidates/c1/run/updates-from0000000-1791371601630269956.jsonl
C1,493,492,0.5525494039058685,0.0001,5.285962565802038,2822.412584484555,71536800768,79609987072,nexus_2k_001716;nexus_2k_000283;nexus_2k_000447;nexus_2k_000118;nexus_2k_001232,snapshot/candidates/c1/run/updates-from0000000-1791371601630269956.jsonl
C1,494,493,0.5527296483516693,0.0001,3.250828478485346,2825.6639444576576,48872217088,79609987072,nexus_2k_000242;nexus_2k_001045;nexus_2k_000346;nexus_2k_001692;nexus_2k_000840,snapshot/candidates/c1/run/updates-from0000000-1791371601630269956.jsonl
C1,495,494,0.5366129457950592,0.0001,5.918466363102198,2831.583388308063,69507537920,79609987072,nexus_2k_001331;nexus_2k_000280;nexus_2k_001415;nexus_2k_001150;nexus_2k_001483,snapshot/candidates/c1/run/updates-from0000000-1791371601630269956.jsonl
C1,496,495,0.6488589227199555,0.0001,5.222178776748478,2836.8063982464373,59695890944,79609987072,nexus_2k_001792;nexus_2k_001087;nexus_2k_000675;nexus_2k_001216;nexus_2k_000872,snapshot/candidates/c1/run/updates-from0000000-1791371601630269956.jsonl
C1,497,496,0.4709558129310608,0.0001,5.258106010966003,2842.0653401203454,58478887936,79609987072,nexus_2k_000783;nexus_2k_001536;nexus_2k_001825;nexus_2k_001780;nexus_2k_000142,snapshot/candidates/c1/run/updates-from0000000-1791371601630269956.jsonl
C1,498,497,0.5228858768939972,0.0001,3.961322537623346,2846.0273595359176,57065612288,79609987072,nexus_2k_001577;nexus_2k_001085;nexus_2k_000020;nexus_2k_001178;nexus_2k_001179,snapshot/candidates/c1/run/updates-from0000000-1791371601630269956.jsonl
C1,499,498,0.44946035742759705,0.0001,6.8274955647066236,2852.8552336208522,69422439936,79609987072,nexus_2k_001843;nexus_2k_000167;nexus_2k_001093;nexus_2k_001211;nexus_2k_000869,snapshot/candidates/c1/run/updates-from0000000-1791371601630269956.jsonl
C1,500,499,0.53604536652565,0.0001,4.272309062071145,2857.1279342686757,54331177984,79609987072,nexus_2k_001439;nexus_2k_000952;nexus_2k_000796;nexus_2k_000074;nexus_2k_000084,snapshot/candidates/c1/run/updates-from0000000-1791371601630269956.jsonl
C1,501,500,0.4832080900669098,0.0001,4.794526673853397,2946.933851053007,59176009728,79609987072,nexus_2k_000118;nexus_2k_001843;nexus_2k_001415;nexus_2k_001577;nexus_2k_001317,snapshot/candidates/c1/run/updates-from0000000-1791371601630269956.jsonl
C1,502,501,0.6796858608722687,0.0001,6.4703686609864235,2953.404971060343,74186645504,79609987072,nexus_2k_001178;nexus_2k_000898;nexus_2k_000447;nexus_2k_000242;nexus_2k_000280,snapshot/candidates/c1/run/updates-from0000000-1791371601630269956.jsonl
C1,503,502,0.49314641356468203,0.0001,4.498738402500749,2957.9041439872235,60959122944,79609987072,nexus_2k_001179;nexus_2k_001825;nexus_2k_000815;nexus_2k_000053;nexus_2k_000020,snapshot/candidates/c1/run/updates-from0000000-1791371601630269956.jsonl
C1,504,503,0.3874988675117493,0.0001,5.6310258926823735,2963.53580432944,68847208448,79609987072,nexus_2k_000519;nexus_2k_001716;nexus_2k_000872;nexus_2k_000935;nexus_2k_000083,snapshot/candidates/c1/run/updates-from0000000-1791371601630269956.jsonl
C1,505,504,0.5380215585231781,0.0001,3.747008653357625,2967.2838574424386,48869166080,79609987072,nexus_2k_000952;nexus_2k_000675;nexus_2k_001692;nexus_2k_001150;nexus_2k_000840,snapshot/candidates/c1/run/updates-from0000000-1791371601630269956.jsonl
C1,506,505,0.5308453679084778,0.0001,5.639402583241463,2972.9236605102196,69425634816,79609987072,nexus_2k_000346;nexus_2k_001331;nexus_2k_000167;nexus_2k_000869;nexus_2k_001216,snapshot/candidates/c1/run/updates-from0000000-1791371601630269956.jsonl
C1,507,506,0.5464266777038574,0.0001,4.983526909723878,2977.9076449908316,71540842496,79609987072,nexus_2k_001045;nexus_2k_000796;nexus_2k_000283;nexus_2k_000084;nexus_2k_001232,snapshot/candidates/c1/run/updates-from0000000-1791371601630269956.jsonl
C1,508,507,0.5738934695720672,0.0001,4.560474296100438,2982.469318200834,52923916800,79609987072,nexus_2k_001439;nexus_2k_000142;nexus_2k_001085;nexus_2k_001087;nexus_2k_001550,snapshot/candidates/c1/run/updates-from0000000-1791371601630269956.jsonl
C1,509,508,0.644400680065155,0.0001,6.188544590957463,2988.658909478225,68933200384,79609987072,nexus_2k_000823;nexus_2k_001093;nexus_2k_001483;nexus_2k_001792;nexus_2k_001536,snapshot/candidates/c1/run/updates-from0000000-1791371601630269956.jsonl
C1,510,509,0.3698590636253357,0.0001,5.935585394501686,2994.595448255539,62364620800,79609987072,nexus_2k_000783;nexus_2k_001780;nexus_2k_000800;nexus_2k_000074;nexus_2k_001211,snapshot/candidates/c1/run/updates-from0000000-1791371601630269956.jsonl
C1,511,510,0.42865018248558046,0.0001,5.889508171007037,3000.4855890953913,69425812992,79609987072,nexus_2k_000447;nexus_2k_001415;nexus_2k_001178;nexus_2k_001536;nexus_2k_000167,snapshot/candidates/c1/run/updates-from0000000-1791371601630269956.jsonl
C1,512,511,0.4803839385509491,0.0001,4.741757315583527,3005.2285565165803,62394526208,79609987072,nexus_2k_000346;nexus_2k_001331;nexus_2k_000084;nexus_2k_000872;nexus_2k_001211,snapshot/candidates/c1/run/updates-from0000000-1791371601630269956.jsonl
C1,513,512,0.562327218055725,0.0001,6.259286331944168,3011.4888471625745,69528162816,79609987072,nexus_2k_000118;nexus_2k_000142;nexus_2k_000815;nexus_2k_000283;nexus_2k_000280,snapshot/candidates/c1/run/updates-from0000000-1791371601630269956.jsonl
C1,514,513,0.43984957933425906,0.0001,5.237504423595965,3016.7269547041506,71548631040,79609987072,nexus_2k_001087;nexus_2k_000952;nexus_2k_000242;nexus_2k_001232;nexus_2k_000053,snapshot/candidates/c1/run/updates-from0000000-1791371601630269956.jsonl
C1,515,514,0.4740554988384247,0.0001,5.436769888736308,3022.1641193181276,67733319168,79609987072,nexus_2k_001317;nexus_2k_001825;nexus_2k_000783;nexus_2k_001716;nexus_2k_001692,snapshot/candidates/c1/run/updates-from0000000-1791371601630269956.jsonl
C1,516,515,0.33873720169067384,0.0001,4.956994394771755,3027.122412936762,68840975360,79609987072,nexus_2k_001150;nexus_2k_001843;nexus_2k_000935;nexus_2k_000083;nexus_2k_000796,snapshot/candidates/c1/run/updates-from0000000-1791371601630269956.jsonl
C1,517,516,0.4275196254253387,0.0001,3.1906013609841466,3030.313496576622,48866626048,79609987072,nexus_2k_000020;nexus_2k_001780;nexus_2k_001085;nexus_2k_000840;nexus_2k_000074,snapshot/candidates/c1/run/updates-from0000000-1791371601630269956.jsonl
C1,518,517,0.5248991549015045,0.0001,7.110134829767048,3037.4244412360713,74192959488,79609987072,nexus_2k_001439;nexus_2k_001550;nexus_2k_000800;nexus_2k_000898;nexus_2k_001483,snapshot/candidates/c1/run/updates-from0000000-1791371601630269956.jsonl
C1,519,518,0.5686252117156982,0.0001,5.053294104523957,3042.478585208766,64433456128,79609987072,nexus_2k_001179;nexus_2k_000869;nexus_2k_001045;nexus_2k_001216;nexus_2k_001093,snapshot/candidates/c1/run/updates-from0000000-1791371601630269956.jsonl
C1,520,519,0.46366153955459594,0.0001,4.753873433917761,3047.2335112169385,68951259648,79609987072,nexus_2k_001577;nexus_2k_001792;nexus_2k_000519;nexus_2k_000675;nexus_2k_000823,snapshot/candidates/c1/run/updates-from0000000-1791371601630269956.jsonl
C1,521,520,0.37854225039482114,0.0001,4.802059188485146,3052.036191608757,68942840320,79609987072,nexus_2k_001780;nexus_2k_000840;nexus_2k_001792;nexus_2k_001825;nexus_2k_001045,snapshot/candidates/c1/run/updates-from0000000-1791371601630269956.jsonl
C1,522,521,0.531062912940979,0.0001,4.844956618733704,3056.8817642964423,64427139584,79609987072,nexus_2k_000242;nexus_2k_000519;nexus_2k_000053;nexus_2k_001093;nexus_2k_000872,snapshot/candidates/c1/run/updates-from0000000-1791371601630269956.jsonl
C1,523,522,0.42452864050865174,0.0001,4.904628713615239,3061.78712020535,59601938944,79609987072,nexus_2k_000083;nexus_2k_000675;nexus_2k_001536;nexus_2k_001216;nexus_2k_001087,snapshot/candidates/c1/run/updates-from0000000-1791371601630269956.jsonl
C1,524,523,0.7276205658912659,0.0001,4.733401969075203,3066.5219699377194,62391491584,79609987072,nexus_2k_001179;nexus_2k_001331;nexus_2k_001211;nexus_2k_001550;nexus_2k_000020,snapshot/candidates/c1/run/updates-from0000000-1791371601630269956.jsonl
C1,525,524,0.34327303171157836,0.0001,4.7231648322194815,3071.246047622524,69518543360,79609987072,nexus_2k_001692;nexus_2k_001415;nexus_2k_000280;nexus_2k_001150;nexus_2k_000084,snapshot/candidates/c1/run/updates-from0000000-1791371601630269956.jsonl
C1,526,525,0.4881122767925262,0.0001,6.040694542229176,3077.2873824266717,71543409152,79609987072,nexus_2k_000074;nexus_2k_000869;nexus_2k_001232;nexus_2k_000118;nexus_2k_000815,snapshot/candidates/c1/run/updates-from0000000-1791371601630269956.jsonl
C1,527,526,0.7548351466655732,0.0001,6.33874487131834,3083.6267466060817,69427123712,79609987072,nexus_2k_000796;nexus_2k_000783;nexus_2k_000167;nexus_2k_001317;nexus_2k_000142,snapshot/candidates/c1/run/updates-from0000000-1791371601630269956.jsonl
C1,528,527,0.3471535682678223,0.0001,4.463138883002102,3088.090327671729,57053941760,79609987072,nexus_2k_000346;nexus_2k_000447;nexus_2k_001178;nexus_2k_000952;nexus_2k_001577,snapshot/candidates/c1/run/updates-from0000000-1791371601630269956.jsonl
C1,529,528,0.5905961632728577,0.0001,5.36480766069144,3093.455812299624,62384674816,79609987072,nexus_2k_000283;nexus_2k_001843;nexus_2k_000800;nexus_2k_000935;nexus_2k_001085,snapshot/candidates/c1/run/updates-from0000000-1791371601630269956.jsonl
C1,530,529,0.37271254062652587,0.0001,6.080656023696065,3099.5373464841396,74220558336,79609987072,nexus_2k_001483;nexus_2k_001439;nexus_2k_000823;nexus_2k_001716;nexus_2k_000898,snapshot/candidates/c1/run/updates-from0000000-1791371601630269956.jsonl
C1,531,530,0.36601304411888125,0.0001,4.572469932958484,3104.1104425173253,54660043776,79609987072,nexus_2k_000074;nexus_2k_000053;nexus_2k_000872;nexus_2k_001825;nexus_2k_001577,snapshot/candidates/c1/run/updates-from0000000-1791371601630269956.jsonl
C1,532,531,0.3739118158817291,0.0001,5.399256223812699,3109.5101863341406,62299547648,79609987072,nexus_2k_001232;nexus_2k_001331;nexus_2k_000020;nexus_2k_001550;nexus_2k_000840,snapshot/candidates/c1/run/updates-from0000000-1791371601630269956.jsonl
C1,533,532,0.542431628704071,0.0001,5.219173731282353,3114.7298436881974,67751599104,79609987072,nexus_2k_001045;nexus_2k_000800;nexus_2k_000823;nexus_2k_000675;nexus_2k_000783,snapshot/candidates/c1/run/updates-from0000000-1791371601630269956.jsonl
C1,534,533,0.6447153568267823,0.0001,6.049305384047329,3120.7796461060643,69519804416,79609987072,nexus_2k_000142;nexus_2k_000869;nexus_2k_001843;nexus_2k_000280;nexus_2k_000283,snapshot/candidates/c1/run/updates-from0000000-1791371601630269956.jsonl
C1,535,534,0.5128438591957092,0.0001,4.679124732501805,3125.4597470331937,69478825472,79609987072,nexus_2k_001483;nexus_2k_000167;nexus_2k_001085;nexus_2k_001780;nexus_2k_000084,snapshot/candidates/c1/run/updates-from0000000-1791371601630269956.jsonl
C1,536,535,0.4483121752738953,0.0001,5.571580758318305,3131.031749228947,64500538880,79609987072,nexus_2k_000815;nexus_2k_000935;nexus_2k_001692;nexus_2k_001093;nexus_2k_001179,snapshot/candidates/c1/run/updates-from0000000-1791371601630269956.jsonl
C1,537,536,0.40651112198829653,0.0001,4.625777153298259,3135.658254583366,56927302144,79609987072,nexus_2k_000242;nexus_2k_001439;nexus_2k_001536;nexus_2k_000346;nexus_2k_000952,snapshot/candidates/c1/run/updates-from0000000-1791371601630269956.jsonl
C1,538,537,0.3971487820148468,0.0001,7.147125823423266,3142.805960618891,68922190336,79609987072,nexus_2k_001216;nexus_2k_001317;nexus_2k_001792;nexus_2k_001415;nexus_2k_000083,snapshot/candidates/c1/run/updates-from0000000-1791371601630269956.jsonl
C1,539,538,0.37931798696517943,0.0001,3.9005214031785727,3146.7071383008733,62391017984,79609987072,nexus_2k_000447;nexus_2k_000796;nexus_2k_001211;nexus_2k_000519;nexus_2k_000118,snapshot/candidates/c1/run/updates-from0000000-1791371601630269956.jsonl
C1,540,539,0.6104032278060914,0.0001,5.1899312399327755,3151.8975456357,74196558848,79609987072,nexus_2k_001087;nexus_2k_000898;nexus_2k_001716;nexus_2k_001178;nexus_2k_001150,snapshot/candidates/c1/run/updates-from0000000-1791371601630269956.jsonl
C1,541,540,0.3566465020179749,0.0001,6.085499049164355,3157.984002472833,57036979200,79609987072,nexus_2k_001093;nexus_2k_001178;nexus_2k_000952;nexus_2k_000142;nexus_2k_001550,snapshot/candidates/c1/run/updates-from0000000-1791371601630269956.jsonl
C1,542,541,0.4265344440937042,0.0001,3.2136056823655963,3161.198795322329,49332482048,79609987072,nexus_2k_000346;nexus_2k_000675;nexus_2k_001843;nexus_2k_001577;nexus_2k_001780,snapshot/candidates/c1/run/updates-from0000000-1791371601630269956.jsonl
C1,543,542,0.4372895061969757,0.0001,7.436839198693633,3168.6362445596606,71565027840,79609987072,nexus_2k_000898;nexus_2k_000280;nexus_2k_001232;nexus_2k_001716;nexus_2k_001331,snapshot/candidates/c1/run/updates-from0000000-1791371601630269956.jsonl
C1,544,543,0.5412136018276215,0.0001,4.161459112539887,3172.798201955855,54667482112,79609987072,nexus_2k_000840;nexus_2k_001825;nexus_2k_001536;nexus_2k_001085;nexus_2k_000242,snapshot/candidates/c1/run/updates-from0000000-1791371601630269956.jsonl
C1,545,544,0.4004896342754364,0.0001,5.4890992268919945,3178.287849418819,62383306240,79609987072,nexus_2k_000796;nexus_2k_000823;nexus_2k_001439;nexus_2k_000283;nexus_2k_000800,snapshot/candidates/c1/run/updates-from0000000-1791371601630269956.jsonl
C1,546,545,0.414182049036026,0.0001,3.4876209581270814,3181.775849353522,56508092928,79609987072,nexus_2k_001045;nexus_2k_000447;nexus_2k_001692;nexus_2k_000118;nexus_2k_001483,snapshot/candidates/c1/run/updates-from0000000-1791371601630269956.jsonl
C1,547,546,0.46126783490180967,0.0001,5.666006372310221,3187.4431071346626,68844391424,79609987072,nexus_2k_000084;nexus_2k_000869;nexus_2k_000083;nexus_2k_000074;nexus_2k_000935,snapshot/candidates/c1/run/updates-from0000000-1791371601630269956.jsonl
C1,548,547,0.43689513206481934,0.0001,6.162867104634643,3193.6069548539817,68939509760,79609987072,nexus_2k_001179;nexus_2k_001211;nexus_2k_001792;nexus_2k_001216;nexus_2k_001317,snapshot/candidates/c1/run/updates-from0000000-1791371601630269956.jsonl
C1,549,548,0.34069596529006957,0.0001,4.784389733336866,3198.3928844649345,69437682176,79609987072,nexus_2k_001087;nexus_2k_000872;nexus_2k_000053;nexus_2k_001150;nexus_2k_000167,snapshot/candidates/c1/run/updates-from0000000-1791371601630269956.jsonl
C1,550,549,0.5942963242530823,0.0001,5.74243260268122,3204.136020780541,67788358656,79609987072,nexus_2k_000815;nexus_2k_000783;nexus_2k_001415;nexus_2k_000020;nexus_2k_000519,snapshot/candidates/c1/run/updates-from0000000-1791371601630269956.jsonl
C1,551,550,0.5434301435947418,0.0001,3.528874384239316,3207.6654634755105,56513519104,79609987072,nexus_2k_000675;nexus_2k_001843;nexus_2k_000084;nexus_2k_001483;nexus_2k_000796,snapshot/candidates/c1/run/updates-from0000000-1791371601630269956.jsonl
C1,552,551,0.4884988725185394,0.0001,5.395351141691208,3213.0614725677297,68939756032,79609987072,nexus_2k_000020;nexus_2k_000118;nexus_2k_001093;nexus_2k_001792;nexus_2k_000840,snapshot/candidates/c1/run/updates-from0000000-1791371601630269956.jsonl
C1,553,552,0.5431056022644043,0.0001,3.525117948651314,3216.5871867639944,49324238848,79609987072,nexus_2k_000053;nexus_2k_001577;nexus_2k_000447;nexus_2k_000823;nexus_2k_001780,snapshot/candidates/c1/run/updates-from0000000-1791371601630269956.jsonl
C1,554,553,0.48463593125343324,0.0001,6.22654324490577,3222.814590345137,71542147584,79609987072,nexus_2k_001085;nexus_2k_001150;nexus_2k_000935;nexus_2k_001232;nexus_2k_000167,snapshot/candidates/c1/run/updates-from0000000-1791371601630269956.jsonl
C1,555,554,0.44420268535614016,0.0001,6.963389698415995,3229.7791444715112,68946827776,79609987072,nexus_2k_000815;nexus_2k_000783;nexus_2k_001087;nexus_2k_000083;nexus_2k_000869,snapshot/candidates/c1/run/updates-from0000000-1791371601630269956.jsonl
C1,556,555,0.3859659731388092,0.0001,4.117464641109109,3233.8972371621057,56926671360,79609987072,nexus_2k_001045;nexus_2k_000074;nexus_2k_001439;nexus_2k_000346;nexus_2k_001331,snapshot/candidates/c1/run/updates-from0000000-1791371601630269956.jsonl
C1,557,556,0.3708721935749054,0.0001,4.817514782771468,3238.716097216122,53132886016,79609987072,nexus_2k_001211;nexus_2k_001179;nexus_2k_000519;nexus_2k_001550;nexus_2k_000142,snapshot/candidates/c1/run/updates-from0000000-1791371601630269956.jsonl
C1,558,557,0.34189671874046323,0.0001,5.234531179070473,3243.9515263931826,58100467712,79609987072,nexus_2k_001825;nexus_2k_000952;nexus_2k_000242;nexus_2k_001536;nexus_2k_001317,snapshot/candidates/c1/run/updates-from0000000-1791371601630269956.jsonl
C1,559,558,0.6127358555793763,0.0001,6.051130059175193,3250.003454861231,62361591808,79609987072,nexus_2k_000280;nexus_2k_001216;nexus_2k_000800;nexus_2k_001692;nexus_2k_001178,snapshot/candidates/c1/run/updates-from0000000-1791371601630269956.jsonl
C1,560,559,0.4047003388404846,0.0001,6.629053263925016,3256.6329483510926,64925759488,79609987072,nexus_2k_000898;nexus_2k_001415;nexus_2k_000283;nexus_2k_001716;nexus_2k_000872,snapshot/candidates/c1/run/updates-from0000000-1791371601630269956.jsonl
C1,561,560,0.345192015171051,0.0001,4.427236280404031,3261.060610692948,52913715712,79609987072,nexus_2k_000869;nexus_2k_000118;nexus_2k_001577;nexus_2k_001550;nexus_2k_001843,snapshot/candidates/c1/run/updates-from0000000-1791371601630269956.jsonl
C1,562,561,0.44225882887840273,0.0001,6.629628267139196,3267.6911060083658,68949529088,79609987072,nexus_2k_000840;nexus_2k_001792;nexus_2k_000815;nexus_2k_000935;nexus_2k_001825,snapshot/candidates/c1/run/updates-from0000000-1791371601630269956.jsonl
C1,563,562,0.48899691104888915,0.0001,3.7176875546574593,3271.40947424341,47459045376,79609987072,nexus_2k_000952;nexus_2k_000675;nexus_2k_001045;nexus_2k_000823;nexus_2k_000346,snapshot/candidates/c1/run/updates-from0000000-1791371601630269956.jsonl
C1,564,563,0.46227823495864867,0.0001,4.697076877579093,3276.107155708596,64436460032,79609987072,nexus_2k_001415;nexus_2k_000796;nexus_2k_000074;nexus_2k_001085;nexus_2k_001093,snapshot/candidates/c1/run/updates-from0000000-1791371601630269956.jsonl
C1,565,564,0.6581660807132721,0.0001,6.372190193273127,3282.4800054067746,69428036608,79609987072,nexus_2k_000519;nexus_2k_000783;nexus_2k_000084;nexus_2k_000167;nexus_2k_000083,snapshot/candidates/c1/run/updates-from0000000-1791371601630269956.jsonl
C1,566,565,0.3909278392791748,0.0001,5.154954303987324,3287.6356717571616,69507537920,79609987072,nexus_2k_001331;nexus_2k_000242;nexus_2k_001216;nexus_2k_000447;nexus_2k_000280,snapshot/candidates/c1/run/updates-from0000000-1791371601630269956.jsonl
C1,567,566,0.536255294084549,0.0001,5.802433563396335,3293.4386769952253,62391086080,79609987072,nexus_2k_001179;nexus_2k_001211;nexus_2k_000872;nexus_2k_001439;nexus_2k_001483,snapshot/candidates/c1/run/updates-from0000000-1791371601630269956.jsonl
C1,568,567,0.36962255239486697,0.0001,6.014691106975079,3299.4537760950625,71557062144,79609987072,nexus_2k_001178;nexus_2k_001232;nexus_2k_000283;nexus_2k_001716;nexus_2k_000053,snapshot/candidates/c1/run/updates-from0000000-1791371601630269956.jsonl
C1,569,568,0.3803866982460022,0.0001,4.171459988690913,3303.6260796012357,51529076224,79609987072,nexus_2k_001317;nexus_2k_001536;nexus_2k_000142;nexus_2k_001150;nexus_2k_001692,snapshot/candidates/c1/run/updates-from0000000-1791371601630269956.jsonl
C1,570,569,0.5995790064334869,0.0001,5.3097740318626165,3308.936525885947,74178331648,79609987072,nexus_2k_000800;nexus_2k_000898;nexus_2k_000020;nexus_2k_001780;nexus_2k_001087,snapshot/candidates/c1/run/updates-from0000000-1791371601630269956.jsonl
C1,571,570,0.4161314845085144,0.0001,4.856337307952344,3313.7939560767263,68837470720,79609987072,nexus_2k_001085;nexus_2k_000083;nexus_2k_000142;nexus_2k_000675;nexus_2k_000823,snapshot/candidates/c1/run/updates-from0000000-1791371601630269956.jsonl
C1,572,571,0.492988657951355,0.0001,4.203463309444487,3317.998416875489,60614929920,79609987072,nexus_2k_000447;nexus_2k_000242;nexus_2k_001577;nexus_2k_000796;nexus_2k_000935,snapshot/candidates/c1/run/updates-from0000000-1791371601630269956.jsonl
C1,573,572,0.46624273657798765,0.0001,4.12970036547631,3322.1285694008693,54671469056,79609987072,nexus_2k_000872;nexus_2k_001150;nexus_2k_000053;nexus_2k_000074;nexus_2k_001825,snapshot/candidates/c1/run/updates-from0000000-1791371601630269956.jsonl
C1,574,573,0.5554105341434479,0.0001,4.966139316558838,3327.095133542083,69507537920,79609987072,nexus_2k_001331;nexus_2k_001692;nexus_2k_001780;nexus_2k_000280;nexus_2k_000952,snapshot/candidates/c1/run/updates-from0000000-1791371601630269956.jsonl
C1,575,574,0.3737452983856201,0.0001,7.474874135106802,3334.5703773265705,69399932416,79609987072,nexus_2k_000898;nexus_2k_001216;nexus_2k_000815;nexus_2k_001483;nexus_2k_000167,snapshot/candidates/c1/run/updates-from0000000-1791371601630269956.jsonl
C1,576,575,0.4302485346794128,0.0001,6.367430039681494,3340.9384922357276,71528303104,79609987072,nexus_2k_000783;nexus_2k_001232;nexus_2k_001045;nexus_2k_000800;nexus_2k_001716,snapshot/candidates/c1/run/updates-from0000000-1791371601630269956.jsonl
C1,577,576,0.35898241996765134,0.0001,5.726200976409018,3346.6651020646095,64462958080,79609987072,nexus_2k_001211;nexus_2k_001536;nexus_2k_001093;nexus_2k_001439;nexus_2k_000084,snapshot/candidates/c1/run/updates-from0000000-1791371601630269956.jsonl
C1,578,577,0.4235508799552917,0.0001,5.264900667592883,3351.930439813994,58867673088,79609987072,nexus_2k_000283;nexus_2k_001179;nexus_2k_000118;nexus_2k_001317;nexus_2k_000869,snapshot/candidates/c1/run/updates-from0000000-1791371601630269956.jsonl
C1,579,578,0.44764464497566225,0.0001,5.550654351711273,3357.481495941989,68941015040,79609987072,nexus_2k_000519;nexus_2k_001792;nexus_2k_000346;nexus_2k_001178;nexus_2k_001415,snapshot/candidates/c1/run/updates-from0000000-1791371601630269956.jsonl
C1,580,579,0.3910862624645233,0.0001,3.6986181819811463,3361.180744525045,52912489984,79609987072,nexus_2k_001843;nexus_2k_001550;nexus_2k_000020;nexus_2k_001087;nexus_2k_000840,snapshot/candidates/c1/run/updates-from0000000-1791371601630269956.jsonl
C1,581,580,0.5628437340259552,0.0001,5.972094307653606,3367.153214691207,68945357312,79609987072,nexus_2k_000280;nexus_2k_001825;nexus_2k_001792;nexus_2k_000242;nexus_2k_000346,snapshot/candidates/c1/run/updates-from0000000-1791371601630269956.jsonl
C1,582,581,0.45900132060050963,0.0001,5.700351670384407,3372.854106111452,62299547648,79609987072,nexus_2k_001232;nexus_2k_000074;nexus_2k_001550;nexus_2k_000283;nexus_2k_000053,snapshot/candidates/c1/run/updates-from0000000-1791371601630269956.jsonl
C1,583,582,0.48131951689720154,0.0001,4.973089559935033,3377.8276627426967,56926497280,79609987072,nexus_2k_001415;nexus_2k_000872;nexus_2k_000084;nexus_2k_001045;nexus_2k_001439,snapshot/candidates/c1/run/updates-from0000000-1791371601630269956.jsonl
C1,584,583,0.3903292179107666,0.0001,5.698201057501137,3383.5263576274738,74177449984,79609987072,nexus_2k_001716;nexus_2k_000167;nexus_2k_000447;nexus_2k_000020;nexus_2k_000898,snapshot/candidates/c1/run/updates-from0000000-1791371601630269956.jsonl
C1,585,584,0.31548158526420594,0.0001,5.891224638558924,3389.4179991958663,62389412352,79609987072,nexus_2k_000083;nexus_2k_001211;nexus_2k_000823;nexus_2k_001577;nexus_2k_001331,snapshot/candidates/c1/run/updates-from0000000-1791371601630269956.jsonl
C1,586,585,0.3701770603656769,0.0001,5.947740969248116,3395.3663036515936,67748496896,79609987072,nexus_2k_000869;nexus_2k_001483;nexus_2k_001216;nexus_2k_000783;nexus_2k_001087,snapshot/candidates/c1/run/updates-from0000000-1791371601630269956.jsonl
C1,587,586,0.6113174140453339,0.0001,4.365867651067674,3399.732808545232,58123536384,79609987072,nexus_2k_000796;nexus_2k_000952;nexus_2k_001692;nexus_2k_001536;nexus_2k_001317,snapshot/candidates/c1/run/updates-from0000000-1791371601630269956.jsonl
C1,588,587,0.43561083674430845,0.0001,3.774644935503602,3403.507946209982,60618069504,79609987072,nexus_2k_000118;nexus_2k_001150;nexus_2k_001179;nexus_2k_000519;nexus_2k_000935,snapshot/candidates/c1/run/updates-from0000000-1791371601630269956.jsonl
C1,589,588,0.3427545428276062,0.0001,4.42833727132529,3407.936872202903,57056674816,79609987072,nexus_2k_000675;nexus_2k_000142;nexus_2k_001178;nexus_2k_001843;nexus_2k_000840,snapshot/candidates/c1/run/updates-from0000000-1791371601630269956.jsonl
C1,590,589,0.424003130197525,0.0001,5.68837970495224,3413.6258650049567,64500538880,79609987072,nexus_2k_000815;nexus_2k_001780;nexus_2k_001093;nexus_2k_001085;nexus_2k_000800,snapshot/candidates/c1/run/updates-from0000000-1791371601630269956.jsonl
C1,591,590,0.3566489338874817,0.0001,4.845299472101033,3418.4720509834588,58114879488,79609987072,nexus_2k_001550;nexus_2k_001317;nexus_2k_000053;nexus_2k_001439;nexus_2k_001045,snapshot/candidates/c1/run/updates-from0000000-1791371601630269956.jsonl
C1,592,591,0.4384008049964905,0.0001,5.533406427130103,3424.0068021770567,69446852096,79609987072,nexus_2k_000083;nexus_2k_001085;nexus_2k_000447;nexus_2k_000167;nexus_2k_001577,snapshot/candidates/c1/run/updates-from0000000-1791371601630269956.jsonl
C1,593,592,0.45329423546791076,0.0001,4.3205397399142385,3428.327959837392,62359373824,79609987072,nexus_2k_001825;nexus_2k_000020;nexus_2k_000800;nexus_2k_000084;nexus_2k_001843,snapshot/candidates/c1/run/updates-from0000000-1791371601630269956.jsonl
C1,594,593,0.5495968401432038,0.0001,6.17975446023047,3434.5087695214897,74165579776,79609987072,nexus_2k_001331;nexus_2k_000898;nexus_2k_001232;nexus_2k_001780;nexus_2k_000519,snapshot/candidates/c1/run/updates-from0000000-1791371601630269956.jsonl
C1,595,594,0.45712714195251464,0.0001,4.981846575625241,3439.4912041509524,59712885760,79609987072,nexus_2k_001415;nexus_2k_001087;nexus_2k_001216;nexus_2k_000283;nexus_2k_000796,snapshot/candidates/c1/run/updates-from0000000-1791371601630269956.jsonl
C1,596,595,0.4348893821239471,0.0001,6.329913526773453,3445.82154760696,69526974976,79609987072,nexus_2k_000118;nexus_2k_000783;nexus_2k_000280;nexus_2k_001483;nexus_2k_000142,snapshot/candidates/c1/run/updates-from0000000-1791371601630269956.jsonl
C1,597,596,0.5310304343700409,0.0001,4.196965575218201,3450.01900355611,47748822528,79609987072,nexus_2k_001178;nexus_2k_000242;nexus_2k_000823;nexus_2k_000074;nexus_2k_001716,snapshot/candidates/c1/run/updates-from0000000-1791371601630269956.jsonl
C1,598,597,0.4224044144153595,0.0001,5.180586590431631,3455.200048001483,64412966400,79609987072,nexus_2k_000952;nexus_2k_001093;nexus_2k_000872;nexus_2k_000675;nexus_2k_001179,snapshot/candidates/c1/run/updates-from0000000-1791371601630269956.jsonl
C1,599,598,0.4581465065479279,0.0001,5.395204361528158,3460.595636676997,69036026368,79609987072,nexus_2k_000815;nexus_2k_001792;nexus_2k_001692;nexus_2k_001536;nexus_2k_000840,snapshot/candidates/c1/run/updates-from0000000-1791371601630269956.jsonl
C1,600,599,0.5420125305652619,0.0001,5.306313237175345,3465.90242984239,62388046336,79609987072,nexus_2k_001150;nexus_2k_000935;nexus_2k_000869;nexus_2k_001211;nexus_2k_000346,snapshot/candidates/c1/run/updates-from0000000-1791371601630269956.jsonl
C1,601,600,0.32261183857917786,0.0001,4.3583327159285545,3470.2612423244864,56936871424,79609987072,nexus_2k_001087;nexus_2k_001439;nexus_2k_000118;nexus_2k_000519;nexus_2k_000952,snapshot/candidates/c1/run/updates-from0000000-1791371601630269956.jsonl
C1,602,601,0.4700776994228363,0.0001,5.192526645027101,3475.4542165389284,60940517888,79609987072,nexus_2k_000142;nexus_2k_001716;nexus_2k_000935;nexus_2k_000815;nexus_2k_001150,snapshot/candidates/c1/run/updates-from0000000-1791371601630269956.jsonl
C1,603,602,0.32967581152915953,0.0001,5.841352334246039,3481.295995408669,68944269824,79609987072,nexus_2k_000346;nexus_2k_001792;nexus_2k_000800;nexus_2k_001780;nexus_2k_001211,snapshot/candidates/c1/run/updates-from0000000-1791371601630269956.jsonl
C1,604,603,0.34316514134407045,0.0001,6.1672598691657186,3487.4644233444706,69418114560,79609987072,nexus_2k_001045;nexus_2k_000083;nexus_2k_000872;nexus_2k_001331;nexus_2k_000167,snapshot/candidates/c1/run/updates-from0000000-1791371601630269956.jsonl
C1,605,604,0.35351282358169556,0.0001,4.840703021734953,3492.3060891451314,64925759488,79609987072,nexus_2k_000898;nexus_2k_001843;nexus_2k_000053;nexus_2k_000447;nexus_2k_001216,snapshot/candidates/c1/run/updates-from0000000-1791371601630269956.jsonl
C1,606,605,0.6015556395053864,0.0001,4.985737664625049,3497.2923415256664,57077350912,79609987072,nexus_2k_001536;nexus_2k_001825;nexus_2k_001178;nexus_2k_001577;nexus_2k_000840,snapshot/candidates/c1/run/updates-from0000000-1791371601630269956.jsonl
C1,607,606,0.6805731117725372,0.0001,5.331617972813547,3502.625273848884,69523868160,79609987072,nexus_2k_001179;nexus_2k_001550;nexus_2k_000280;nexus_2k_001692;nexus_2k_001317,snapshot/candidates/c1/run/updates-from0000000-1791371601630269956.jsonl
C1,608,607,0.5278742015361786,0.0001,4.940046159550548,3507.566301893443,64439964160,79609987072,nexus_2k_000084;nexus_2k_001093;nexus_2k_000020;nexus_2k_000242;nexus_2k_000869,snapshot/candidates/c1/run/updates-from0000000-1791371601630269956.jsonl
C1,609,608,0.3549873888492584,0.0001,5.554889996536076,3513.1220222227275,71543409152,79609987072,nexus_2k_000074;nexus_2k_000783;nexus_2k_000675;nexus_2k_000796;nexus_2k_001232,snapshot/candidates/c1/run/updates-from0000000-1791371601630269956.jsonl
C1,610,609,0.40733614563941956,0.0001,5.306133016943932,3518.4293332966045,59729075200,79609987072,nexus_2k_001483;nexus_2k_000283;nexus_2k_000823;nexus_2k_001415;nexus_2k_001085,snapshot/candidates/c1/run/updates-from0000000-1791371601630269956.jsonl
C1,611,610,0.4370334565639496,0.0001,5.63481345679611,3524.0645719012246,60301193728,79609987072,nexus_2k_000280;nexus_2k_000142;nexus_2k_000823;nexus_2k_000283;nexus_2k_000053,snapshot/candidates/c1/run/updates-from0000000-1791371601630269956.jsonl
C1,612,611,0.46374433040618895,0.0001,6.038049263879657,3530.1034491788596,74187937792,79609987072,nexus_2k_000447;nexus_2k_001780;nexus_2k_000872;nexus_2k_000783;nexus_2k_000898,snapshot/candidates/c1/run/updates-from0000000-1791371601630269956.jsonl
C1,613,612,0.41296911239624023,0.0001,4.031904011033475,3534.1362555138767,68840975360,79609987072,nexus_2k_001150;nexus_2k_000083;nexus_2k_001843;nexus_2k_001087;nexus_2k_000020,snapshot/candidates/c1/run/updates-from0000000-1791371601630269956.jsonl
C1,614,613,0.6378225266933442,0.0001,4.2723261853680015,3538.4091328503564,58123536384,79609987072,nexus_2k_000796;nexus_2k_001692;nexus_2k_001317;nexus_2k_001483;nexus_2k_001179,snapshot/candidates/c1/run/updates-from0000000-1791371601630269956.jsonl
C1,615,614,0.617730724811554,0.0001,5.926595995202661,3544.3364948285744,64500538880,79609987072,nexus_2k_000815;nexus_2k_000869;nexus_2k_001093;nexus_2k_000675;nexus_2k_001536,snapshot/candidates/c1/run/updates-from0000000-1791371601630269956.jsonl
C1,616,615,0.5748729646205902,0.0001,5.286576987244189,3549.6236028531566,68941015040,79609987072,nexus_2k_000519;nexus_2k_001792;nexus_2k_001439;nexus_2k_001331;nexus_2k_000118,snapshot/candidates/c1/run/updates-from0000000-1791371601630269956.jsonl
C1,617,616,0.542014068365097,0.0001,5.873349882662296,3555.4979714155197,62416986112,79609987072,nexus_2k_001232;nexus_2k_001577;nexus_2k_001211;nexus_2k_001085;nexus_2k_001216,snapshot/candidates/c1/run/updates-from0000000-1791371601630269956.jsonl
C1,618,617,0.4557448297739029,0.0001,4.960770711302757,3560.4596973499283,62374365184,79609987072,nexus_2k_000242;nexus_2k_001716;nexus_2k_001415;nexus_2k_000346;nexus_2k_000800,snapshot/candidates/c1/run/updates-from0000000-1791371601630269956.jsonl
C1,619,618,0.5287932515144348,0.0001,5.028704537078738,3565.489560741,60618591744,79609987072,nexus_2k_001178;nexus_2k_000074;nexus_2k_000935;nexus_2k_001045;nexus_2k_000952,snapshot/candidates/c1/run/updates-from0000000-1791371601630269956.jsonl
C1,620,619,0.438934862613678,0.0001,5.357769682072103,3570.8488104026765,69415244288,79609987072,nexus_2k_001825;nexus_2k_000840;nexus_2k_000167;nexus_2k_001550;nexus_2k_000084,snapshot/candidates/c1/run/updates-from0000000-1791371601630269956.jsonl
C1,621,620,0.38746798038482666,0.0001,4.162278190255165,3575.0120631661266,67754576896,79609987072,nexus_2k_000074;nexus_2k_000796;nexus_2k_000020;nexus_2k_000783;nexus_2k_001045,snapshot/candidates/c1/run/updates-from0000000-1791371601630269956.jsonl
C1,622,621,0.4637208104133606,0.0001,5.6531768357381225,3580.666008568369,69429772800,79609987072,nexus_2k_000675;nexus_2k_000167;nexus_2k_000142;nexus_2k_001211;nexus_2k_001692,snapshot/candidates/c1/run/updates-from0000000-1791371601630269956.jsonl
C1,623,622,0.7449756681919097,0.0001,5.689785952679813,3586.3568522036076,68845521920,79609987072,nexus_2k_001780;nexus_2k_000083;nexus_2k_001415;nexus_2k_000283;nexus_2k_001087,snapshot/candidates/c1/run/updates-from0000000-1791371601630269956.jsonl
C1,624,623,0.38960155844688416,0.0001,3.2560254726558924,3589.6137775816023,47463686144,79609987072,nexus_2k_000118;nexus_2k_000053;nexus_2k_000823;nexus_2k_001179;nexus_2k_001843,snapshot/candidates/c1/run/updates-from0000000-1791371601630269956.jsonl
C1,625,624,0.40219755172729493,0.0001,5.460886751301587,3595.0752036459744,62450991104,79609987072,nexus_2k_000935;nexus_2k_000840;nexus_2k_001085;nexus_2k_000800;nexus_2k_000872,snapshot/candidates/c1/run/updates-from0000000-1791371601630269956.jsonl
C1,626,625,0.36067606806755065,0.0001,3.3689974742010236,3598.4447184121236,50843295744,79609987072,nexus_2k_000519;nexus_2k_001331;nexus_2k_000084;nexus_2k_000346;nexus_2k_001150,snapshot/candidates/c1/run/updates-from0000000-1791371601630269956.jsonl
C1,627,626,0.5225698173046112,0.0001,6.76084138918668,3605.206351749599,74191468544,79609987072,nexus_2k_001536;nexus_2k_000952;nexus_2k_001216;nexus_2k_000280;nexus_2k_000898,snapshot/candidates/c1/run/updates-from0000000-1791371601630269956.jsonl
C1,628,627,0.6081421196460723,0.0001,5.564166393131018,3610.7710346998647,60956682240,79609987072,nexus_2k_001178;nexus_2k_000242;nexus_2k_001825;nexus_2k_001577;nexus_2k_000815,snapshot/candidates/c1/run/updates-from0000000-1791371601630269956.jsonl
C1,629,628,0.3504022926092148,0.0001,6.202503475360572,3616.974656094797,71558932992,79609987072,nexus_2k_001439;nexus_2k_001232;nexus_2k_000447;nexus_2k_001550;nexus_2k_001317,snapshot/candidates/c1/run/updates-from0000000-1791371601630269956.jsonl
C1,630,629,0.3583360731601715,0.0001,6.633965032175183,3623.6098273573443,68945907200,79609987072,nexus_2k_001093;nexus_2k_001716;nexus_2k_001483;nexus_2k_000869;nexus_2k_001792,snapshot/candidates/c1/run/updates-from0000000-1791371601630269956.jsonl
C1,631,630,0.4341567873954773,0.0001,5.600674980320036,3629.2111995341256,69455291904,79609987072,nexus_2k_001178;nexus_2k_000074;nexus_2k_001439;nexus_2k_000346;nexus_2k_000167,snapshot/candidates/c1/run/updates-from0000000-1791371601630269956.jsonl
C1,632,631,0.37605859637260436,0.0001,4.063658501952887,3633.2757163317874,54322523648,79609987072,nexus_2k_001179;nexus_2k_000952;nexus_2k_000242;nexus_2k_001577;nexus_2k_000519,snapshot/candidates/c1/run/updates-from0000000-1791371601630269956.jsonl
C1,633,632,0.4933589994907379,0.0001,4.625573979690671,3637.902226408012,60593059328,79609987072,nexus_2k_001216;nexus_2k_000935;nexus_2k_001716;nexus_2k_001087;nexus_2k_000840,snapshot/candidates/c1/run/updates-from0000000-1791371601630269956.jsonl
C1,634,633,0.5152194917201995,0.0001,4.441840888932347,3642.344637782313,74185355264,79609987072,nexus_2k_001780;nexus_2k_000898;nexus_2k_000823;nexus_2k_001692;nexus_2k_001150,snapshot/candidates/c1/run/updates-from0000000-1791371601630269956.jsonl
C1,635,634,0.37751162648200987,0.0001,5.846666537225246,3648.191748721525,62450752000,79609987072,nexus_2k_000815;nexus_2k_000020;nexus_2k_001825;nexus_2k_000872;nexus_2k_001211,snapshot/candidates/c1/run/updates-from0000000-1791371601630269956.jsonl
C1,636,635,0.42864279747009276,0.0001,6.214416416361928,3654.4069246333092,68993373696,79609987072,nexus_2k_000800;nexus_2k_001550;nexus_2k_000796;nexus_2k_001792;nexus_2k_000283,snapshot/candidates/c1/run/updates-from0000000-1791371601630269956.jsonl
C1,637,636,0.36560200452804564,0.0001,5.578110565431416,3659.985933431424,68868014592,79609987072,nexus_2k_000869;nexus_2k_000084;nexus_2k_000083;nexus_2k_000675;nexus_2k_001483,snapshot/candidates/c1/run/updates-from0000000-1791371601630269956.jsonl
C1,638,637,0.4130028933286667,0.0001,6.5575119545683265,3666.5443557491526,71554598400,79609987072,nexus_2k_001415;nexus_2k_001843;nexus_2k_001232;nexus_2k_000142;nexus_2k_000783,snapshot/candidates/c1/run/updates-from0000000-1791371601630269956.jsonl
C1,639,638,0.523385226726532,0.0001,3.7852461114525795,3670.3306275578216,48847816704,79609987072,nexus_2k_001317;nexus_2k_001045;nexus_2k_000118;nexus_2k_000447;nexus_2k_000053,snapshot/candidates/c1/run/updates-from0000000-1791371601630269956.jsonl
C1,640,639,0.44492554664611816,0.0001,5.761843000538647,3676.092921842821,69520656896,79609987072,nexus_2k_001085;nexus_2k_000280;nexus_2k_001093;nexus_2k_001331;nexus_2k_001536,snapshot/candidates/c1/run/updates-from0000000-1791371601630269956.jsonl
C1,641,640,0.4309702694416046,0.0001,3.8123724283650517,3679.90616799891,47570139648,79609987072,nexus_2k_001439;nexus_2k_000053;nexus_2k_000118;nexus_2k_000020;nexus_2k_000519,snapshot/candidates/c1/run/updates-from0000000-1791371601630269956.jsonl
C1,642,641,0.4340832829475403,0.0001,5.393375439569354,3685.3003821307793,59150809088,79609987072,nexus_2k_001317;nexus_2k_001415;nexus_2k_000796;nexus_2k_000872;nexus_2k_000142,snapshot/candidates/c1/run/updates-from0000000-1791371601630269956.jsonl
C1,643,642,0.4252892792224884,0.0001,5.910382811911404,3691.2119355155155,71544115712,79609987072,nexus_2k_000675;nexus_2k_000283;nexus_2k_001232;nexus_2k_001577;nexus_2k_001216,snapshot/candidates/c1/run/updates-from0000000-1791371601630269956.jsonl
C1,644,643,0.47383092045784,0.0001,5.128656377084553,3696.3411761848256,68848306688,79609987072,nexus_2k_000074;nexus_2k_000952;nexus_2k_000823;nexus_2k_000083;nexus_2k_000242,snapshot/candidates/c1/run/updates-from0000000-1791371601630269956.jsonl
C1,645,644,0.46786379218101504,0.0001,4.986763681285083,3701.3287124224007,74184249344,79609987072,nexus_2k_001692;nexus_2k_001780;nexus_2k_000898;nexus_2k_000447;nexus_2k_001178,snapshot/candidates/c1/run/updates-from0000000-1791371601630269956.jsonl
C1,646,645,0.5484899759292603,0.0001,5.437098023481667,3706.766501104459,60961424384,79609987072,nexus_2k_000840;nexus_2k_000869;nexus_2k_001716;nexus_2k_001550;nexus_2k_000815,snapshot/candidates/c1/run/updates-from0000000-1791371601630269956.jsonl
C1,647,646,0.3574486464262009,0.0001,3.937587345018983,3710.7051719035953,62380438528,79609987072,nexus_2k_001085;nexus_2k_001536;nexus_2k_001045;nexus_2k_000800;nexus_2k_001843,snapshot/candidates/c1/run/updates-from0000000-1791371601630269956.jsonl
C1,648,647,0.5759485840797425,0.0001,5.642763757146895,3716.3489213585854,69528910336,79609987072,nexus_2k_001093;nexus_2k_001331;nexus_2k_001087;nexus_2k_000280;nexus_2k_001179,snapshot/candidates/c1/run/updates-from0000000-1791371601630269956.jsonl
C1,649,648,0.39123032093048093,0.0001,6.3505142740905285,3722.7003138512373,69047386624,79609987072,nexus_2k_000935;nexus_2k_001211;nexus_2k_001825;nexus_2k_001792;nexus_2k_000084,snapshot/candidates/c1/run/updates-from0000000-1791371601630269956.jsonl
C1,650,649,0.3752010315656662,0.0001,5.819194853305817,3728.5199799761176,69478966784,79609987072,nexus_2k_001483;nexus_2k_001150;nexus_2k_000783;nexus_2k_000167;nexus_2k_000346,snapshot/candidates/c1/run/updates-from0000000-1791371601630269956.jsonl
C1,651,650,0.3479677736759186,0.0001,5.090076327323914,3733.610914724879,60582861312,79609987072,nexus_2k_001093;nexus_2k_000084;nexus_2k_001780;nexus_2k_000935;nexus_2k_001216,snapshot/candidates/c1/run/updates-from0000000-1791371601630269956.jsonl
C1,652,651,0.43772568106651305,0.0001,5.44178226403892,3739.0533591564745,60957646848,79609987072,nexus_2k_001178;nexus_2k_000815;nexus_2k_001439;nexus_2k_001179;nexus_2k_000823,snapshot/candidates/c1/run/updates-from0000000-1791371601630269956.jsonl
C1,653,652,0.31838061213493346,0.0001,5.23442586697638,3744.288787925616,68840975360,79609987072,nexus_2k_001045;nexus_2k_000118;nexus_2k_000083;nexus_2k_000142;nexus_2k_001317,snapshot/candidates/c1/run/updates-from0000000-1791371601630269956.jsonl
C1,654,653,0.3574266046285629,0.0001,4.739277396351099,3749.028617423959,69425812992,79609987072,nexus_2k_000447;nexus_2k_000167;nexus_2k_001087;nexus_2k_000346;nexus_2k_000872,snapshot/candidates/c1/run/updates-from0000000-1791371601630269956.jsonl
C1,655,654,0.4644434809684753,0.0001,3.8580154376104474,3752.8870565230027,52903353856,79609987072,nexus_2k_001716;nexus_2k_000840;nexus_2k_001550;nexus_2k_001843;nexus_2k_000675,snapshot/candidates/c1/run/updates-from0000000-1791371601630269956.jsonl
C1,656,655,0.34937204122543336,0.0001,5.333564108237624,3758.2210654057562,69526172160,79609987072,nexus_2k_000074;nexus_2k_000280;nexus_2k_000783;nexus_2k_000519;nexus_2k_000020,snapshot/candidates/c1/run/updates-from0000000-1791371601630269956.jsonl
C1,657,656,0.41991946697235105,0.0001,5.355464461259544,3763.577022167854,71541547520,79609987072,nexus_2k_001692;nexus_2k_001232;nexus_2k_001150;nexus_2k_001536;nexus_2k_000800,snapshot/candidates/c1/run/updates-from0000000-1791371601630269956.jsonl
C1,658,657,0.3412576407194138,0.0001,4.750804675742984,3768.3287408398464,54648821248,79609987072,nexus_2k_000952;nexus_2k_001331;nexus_2k_001577;nexus_2k_001825;nexus_2k_000796,snapshot/candidates/c1/run/updates-from0000000-1791371601630269956.jsonl
C1,659,658,0.38103095889091493,0.0001,7.2921178648248315,3775.6214644154534,74183473152,79609987072,nexus_2k_000869;nexus_2k_001792;nexus_2k_000242;nexus_2k_000898;nexus_2k_001415,snapshot/candidates/c1/run/updates-from0000000-1791371601630269956.jsonl
C1,660,659,0.5317790687084198,0.0001,5.371021908707917,3780.9930866966024,62399914496,79609987072,nexus_2k_000053;nexus_2k_001085;nexus_2k_001211;nexus_2k_000283;nexus_2k_001483,snapshot/candidates/c1/run/updates-from0000000-1791371601630269956.jsonl
C1,661,660,0.33456851840019225,0.0001,5.0743214385584,3786.0680791325867,59697910784,79609987072,nexus_2k_000074;nexus_2k_000346;nexus_2k_000952;nexus_2k_000283;nexus_2k_001439,snapshot/candidates/c1/run/updates-from0000000-1791371601630269956.jsonl
C1,662,661,0.3418912559747696,0.0001,3.8687616419047117,3789.937849940732,62400027136,79609987072,nexus_2k_000084;nexus_2k_001085;nexus_2k_001045;nexus_2k_000675;nexus_2k_001211,snapshot/candidates/c1/run/updates-from0000000-1791371601630269956.jsonl
C1,663,662,0.45424526929855347,0.0001,4.061505711637437,3794.000001411885,57058005504,79609987072,nexus_2k_000118;nexus_2k_001178;nexus_2k_000142;nexus_2k_000796;nexus_2k_001780,snapshot/candidates/c1/run/updates-from0000000-1791371601630269956.jsonl
C1,664,663,0.38047740459442136,0.0001,5.33651108853519,3799.3371069170535,74183921664,79609987072,nexus_2k_001415;nexus_2k_000242;nexus_2k_000898;nexus_2k_001843;nexus_2k_001179,snapshot/candidates/c1/run/updates-from0000000-1791371601630269956.jsonl
C1,665,664,0.48328605890274046,0.0001,7.4937746515497565,3806.831357751973,67731291648,79609987072,nexus_2k_000167;nexus_2k_000869;nexus_2k_000872;nexus_2k_000800;nexus_2k_000783,snapshot/candidates/c1/run/updates-from0000000-1791371601630269956.jsonl
C1,666,665,0.4578548729419708,0.0001,5.805571295320988,3812.6377474674955,68883854336,79609987072,nexus_2k_001536;nexus_2k_001093;nexus_2k_000053;nexus_2k_001216;nexus_2k_000083,snapshot/candidates/c1/run/updates-from0000000-1791371601630269956.jsonl
C1,667,666,0.38266087472438814,0.0001,3.6376759745180607,3816.2764659244567,49334197248,79609987072,nexus_2k_000840;nexus_2k_001577;nexus_2k_001716;nexus_2k_000020;nexus_2k_000447,snapshot/candidates/c1/run/updates-from0000000-1791371601630269956.jsonl
C1,668,667,0.44730126261711123,0.0001,7.6083127139136195,3823.885492841713,71532064256,79609987072,nexus_2k_001317;nexus_2k_000815;nexus_2k_001792;nexus_2k_001825;nexus_2k_001232,snapshot/candidates/c1/run/updates-from0000000-1791371601630269956.jsonl
C1,669,668,0.2954905450344086,0.0001,5.016991820186377,3828.902935781516,69520839168,79609987072,nexus_2k_001550;nexus_2k_001087;nexus_2k_001331;nexus_2k_000280;nexus_2k_001692,snapshot/candidates/c1/run/updates-from0000000-1791371601630269956.jsonl
C1,670,669,0.4418535947799683,0.0001,4.566532477736473,3833.46991762612,60613428736,79609987072,nexus_2k_001150;nexus_2k_000935;nexus_2k_001483;nexus_2k_000823;nexus_2k_000519,snapshot/candidates/c1/run/updates-from0000000-1791371601630269956.jsonl
C1,671,670,0.5290147066116333,0.0001,6.060316830873489,3839.530691876076,74192934912,79609987072,nexus_2k_001577;nexus_2k_001211;nexus_2k_001179;nexus_2k_000898;nexus_2k_001550,snapshot/candidates/c1/run/updates-from0000000-1791371601630269956.jsonl
C1,672,671,0.39355463683605196,0.0001,5.294750752858818,3844.8261727057397,71540842496,79609987072,nexus_2k_001045;nexus_2k_000447;nexus_2k_000118;nexus_2k_001232;nexus_2k_001093,snapshot/candidates/c1/run/updates-from0000000-1791371601630269956.jsonl
C1,673,672,0.30276263058185576,0.0001,5.8060012282803655,3850.6327260136604,69528693248,79609987072,nexus_2k_000783;nexus_2k_000872;nexus_2k_000280;nexus_2k_000519;nexus_2k_001843,snapshot/candidates/c1/run/updates-from0000000-1791371601630269956.jsonl
C1,674,673,0.28932231962680816,0.0001,4.895060693845153,3855.528635517694,69429288448,79609987072,nexus_2k_000074;nexus_2k_000346;nexus_2k_000084;nexus_2k_000869;nexus_2k_000167,snapshot/candidates/c1/run/updates-from0000000-1791371601630269956.jsonl
C1,675,674,0.41949814558029175,0.0001,4.842840736731887,3860.372133731842,59696860160,79609987072,nexus_2k_000242;nexus_2k_001331;nexus_2k_000952;nexus_2k_000796;nexus_2k_000283,snapshot/candidates/c1/run/updates-from0000000-1791371601630269956.jsonl
C1,676,675,0.4166629254817963,0.0001,5.146703185513616,3865.5193987535313,60981970944,79609987072,nexus_2k_001483;nexus_2k_000020;nexus_2k_000815;nexus_2k_001825;nexus_2k_001087,snapshot/candidates/c1/run/updates-from0000000-1791371601630269956.jsonl
C1,677,676,0.5106268942356109,0.0001,6.37933140899986,3871.8992797043175,68850619392,79609987072,nexus_2k_000840;nexus_2k_001178;nexus_2k_001216;nexus_2k_000083;nexus_2k_000800,snapshot/candidates/c1/run/updates-from0000000-1791371601630269956.jsonl
C1,678,677,0.30014498233795167,0.0001,4.478052533231676,3876.378580024466,60613715456,79609987072,nexus_2k_001780;nexus_2k_000935;nexus_2k_000053;nexus_2k_001439;nexus_2k_001150,snapshot/candidates/c1/run/updates-from0000000-1791371601630269956.jsonl
C1,679,678,0.29699074029922484,0.0001,4.189866852015257,3880.570134186186,58114051072,79609987072,nexus_2k_000675;nexus_2k_001085;nexus_2k_000823;nexus_2k_001536;nexus_2k_001317,snapshot/candidates/c1/run/updates-from0000000-1791371601630269956.jsonl
C1,680,679,0.3936153769493103,0.0001,5.346328514628112,3885.91709029302,68943598080,79609987072,nexus_2k_001716;nexus_2k_001415;nexus_2k_001792;nexus_2k_000142;nexus_2k_001692,snapshot/candidates/c1/run/updates-from0000000-1791371601630269956.jsonl
C1,681,680,0.32637893557548525,0.0001,3.7505782609805465,3889.6684381905943,49305364480,79609987072,nexus_2k_001550;nexus_2k_001179;nexus_2k_001087;nexus_2k_000084;nexus_2k_001577,snapshot/candidates/c1/run/updates-from0000000-1791371601630269956.jsonl
C1,682,681,0.48307661414146424,0.0001,5.997988069429994,3895.6673175804317,64437471744,79609987072,nexus_2k_000783;nexus_2k_001093;nexus_2k_001317;nexus_2k_000447;nexus_2k_000242,snapshot/candidates/c1/run/updates-from0000000-1791371601630269956.jsonl
C1,683,682,0.3023580193519592,0.0001,5.073102344758809,3900.7410247959197,68837779968,79609987072,nexus_2k_000142;nexus_2k_001045;nexus_2k_000952;nexus_2k_000346;nexus_2k_000083,snapshot/candidates/c1/run/updates-from0000000-1791371601630269956.jsonl
C1,684,683,0.5068471074104309,0.0001,5.6284303069114685,3906.3702130680904,68922190336,79609987072,nexus_2k_001216;nexus_2k_001716;nexus_2k_001211;nexus_2k_000053;nexus_2k_001792,snapshot/candidates/c1/run/updates-from0000000-1791371601630269956.jsonl
C1,685,684,0.5281196177005768,0.0001,4.487213944084942,3910.8584922421724,59175643136,79609987072,nexus_2k_001780;nexus_2k_001150;nexus_2k_000872;nexus_2k_001415;nexus_2k_000840,snapshot/candidates/c1/run/updates-from0000000-1791371601630269956.jsonl
C1,686,685,0.32240637540817263,0.0001,6.25542834866792,3917.114620332606,74191468544,79609987072,nexus_2k_001536;nexus_2k_000869;nexus_2k_001483;nexus_2k_000898;nexus_2k_000823,snapshot/candidates/c1/run/updates-from0000000-1791371601630269956.jsonl
C1,687,686,0.478232616186142,0.0001,5.526153625920415,3922.641297550872,62364017152,79609987072,nexus_2k_000167;nexus_2k_001692;nexus_2k_001331;nexus_2k_000800;nexus_2k_000074,snapshot/candidates/c1/run/updates-from0000000-1791371601630269956.jsonl
C1,688,687,0.5663473308086395,0.0001,5.790588332340121,3928.432352923788,71551239168,79609987072,nexus_2k_000283;nexus_2k_001439;nexus_2k_000796;nexus_2k_000118;nexus_2k_001232,snapshot/candidates/c1/run/updates-from0000000-1791371601630269956.jsonl
C1,689,688,0.29674992263317107,0.0001,5.437905069440603,3933.8708349755034,69628043264,79609987072,nexus_2k_000935;nexus_2k_000280;nexus_2k_001825;nexus_2k_000020;nexus_2k_001843,snapshot/candidates/c1/run/updates-from0000000-1791371601630269956.jsonl
C1,690,689,0.5289136707782746,0.0001,4.696856880560517,3938.568451377563,57110786048,79609987072,nexus_2k_000815;nexus_2k_001085;nexus_2k_000675;nexus_2k_001178;nexus_2k_000519,snapshot/candidates/c1/run/updates-from0000000-1791371601630269956.jsonl
C1,691,690,0.31671665906906127,0.0001,6.197244958020747,3944.7663609143347,68958961664,79609987072,nexus_2k_000935;nexus_2k_000083;nexus_2k_001178;nexus_2k_001483;nexus_2k_001843,snapshot/candidates/c1/run/updates-from0000000-1791371601630269956.jsonl
C1,692,691,0.5991721332073212,0.0001,4.876942981034517,3949.6437319517136,71532775424,79609987072,nexus_2k_001825;nexus_2k_001179;nexus_2k_001232;nexus_2k_000796;nexus_2k_000118,snapshot/candidates/c1/run/updates-from0000000-1791371601630269956.jsonl
C1,693,692,0.500644862651825,0.0001,5.740064327605069,3955.385191827081,74187085824,79609987072,nexus_2k_000084;nexus_2k_001577;nexus_2k_000053;nexus_2k_001093;nexus_2k_000898,snapshot/candidates/c1/run/updates-from0000000-1791371601630269956.jsonl
C1,694,693,0.40631895065307616,0.0001,4.799296258017421,3960.185230275616,69518543360,79609987072,nexus_2k_001692;nexus_2k_001550;nexus_2k_000840;nexus_2k_000280;nexus_2k_001085,snapshot/candidates/c1/run/updates-from0000000-1791371601630269956.jsonl
C1,695,694,0.35106723606586454,0.0001,5.193105088546872,3965.3793549351394,62390691840,79609987072,nexus_2k_001211;nexus_2k_001331;nexus_2k_000447;nexus_2k_000800;nexus_2k_000020,snapshot/candidates/c1/run/updates-from0000000-1791371601630269956.jsonl
C1,696,695,0.5345497250556945,0.0001,6.234739107079804,3971.615066671744,69446970880,79609987072,nexus_2k_001792;nexus_2k_001439;nexus_2k_001087;nexus_2k_000242;nexus_2k_000167,snapshot/candidates/c1/run/updates-from0000000-1791371601630269956.jsonl
C1,697,696,0.3399208724498749,0.0001,4.857252739369869,3976.47304891143,67736724480,79609987072,nexus_2k_000952;nexus_2k_000519;nexus_2k_000783;nexus_2k_001045;nexus_2k_001536,snapshot/candidates/c1/run/updates-from0000000-1791371601630269956.jsonl
C1,698,697,0.4577285349369049,0.0001,5.369206884875894,3981.8427544850856,60940381184,79609987072,nexus_2k_000142;nexus_2k_000283;nexus_2k_000815;nexus_2k_001780;nexus_2k_001216,snapshot/candidates/c1/run/updates-from0000000-1791371601630269956.jsonl
C1,699,698,0.45147737860679626,0.0001,5.275406727567315,3987.11872419063,59173153792,79609987072,nexus_2k_000675;nexus_2k_001716;nexus_2k_001415;nexus_2k_000869;nexus_2k_000872,snapshot/candidates/c1/run/updates-from0000000-1791371601630269956.jsonl
C1,700,699,0.31888046860694885,0.0001,3.825291320681572,3990.9444830417633,58120783872,79609987072,nexus_2k_000346;nexus_2k_001150;nexus_2k_000074;nexus_2k_000823;nexus_2k_001317,snapshot/candidates/c1/run/updates-from0000000-1791371601630269956.jsonl
C1,701,700,0.34832277297973635,0.0001,5.139398192055523,3996.0845091054216,60961934336,79609987072,nexus_2k_001536;nexus_2k_000447;nexus_2k_000815;nexus_2k_001825;nexus_2k_001550,snapshot/candidates/c1/run/updates-from0000000-1791371601630269956.jsonl
C1,702,701,0.3774995028972626,0.0001,4.0281287441030145,4000.1130563933402,57060815872,79609987072,nexus_2k_000872;nexus_2k_001178;nexus_2k_001843;nexus_2k_001085;nexus_2k_001045,snapshot/candidates/c1/run/updates-from0000000-1791371601630269956.jsonl
C1,703,702,0.422754293680191,0.0001,6.579765458591282,4006.6931859394535,71541914624,79609987072,nexus_2k_000083;nexus_2k_000020;nexus_2k_001216;nexus_2k_001232;nexus_2k_001317,snapshot/candidates/c1/run/updates-from0000000-1791371601630269956.jsonl
C1,704,703,0.4791336715221405,0.0001,5.935664303600788,4012.6292778830975,68941877760,79609987072,nexus_2k_000242;nexus_2k_001439;nexus_2k_000823;nexus_2k_000869;nexus_2k_001792,snapshot/candidates/c1/run/updates-from0000000-1791371601630269956.jsonl
C1,705,704,0.4262473165988922,0.0001,6.390382102690637,4019.0201867017895,74188601856,79609987072,nexus_2k_000840;nexus_2k_000898;nexus_2k_000283;nexus_2k_001577;nexus_2k_001483,snapshot/candidates/c1/run/updates-from0000000-1791371601630269956.jsonl
C1,706,705,0.333584201335907,0.0001,4.123639895580709,4023.1443371651694,69420926464,79609987072,nexus_2k_001692;nexus_2k_000053;nexus_2k_001179;nexus_2k_000346;nexus_2k_000167,snapshot/candidates/c1/run/updates-from0000000-1791371601630269956.jsonl
C1,707,706,0.3561760902404785,0.0001,4.231718011200428,4027.376998288557,69526870528,79609987072,nexus_2k_000118;nexus_2k_000519;nexus_2k_001150;nexus_2k_001087;nexus_2k_000280,snapshot/candidates/c1/run/updates-from0000000-1791371601630269956.jsonl
C1,708,707,0.3446063458919525,0.0001,5.913709859363735,4033.291185291484,62413349376,79609987072,nexus_2k_000800;nexus_2k_000796;nexus_2k_001331;nexus_2k_001211;nexus_2k_001415,snapshot/candidates/c1/run/updates-from0000000-1791371601630269956.jsonl
C1,709,708,0.5261964678764344,0.0001,5.347364176996052,4038.6389771532267,67742830080,79609987072,nexus_2k_001716;nexus_2k_000074;nexus_2k_000783;nexus_2k_000675;nexus_2k_001093,snapshot/candidates/c1/run/updates-from0000000-1791371601630269956.jsonl
C1,710,709,0.4199130952358246,0.0001,4.621343914419413,4043.2607462508604,60613428736,79609987072,nexus_2k_000084;nexus_2k_000142;nexus_2k_000952;nexus_2k_000935;nexus_2k_001780,snapshot/candidates/c1/run/updates-from0000000-1791371601630269956.jsonl
C1,711,710,0.4629291117191315,0.0001,4.712581843137741,4047.973685777746,64416148992,79609987072,nexus_2k_001825;nexus_2k_001536;nexus_2k_000519;nexus_2k_001093;nexus_2k_001045,snapshot/candidates/c1/run/updates-from0000000-1791371601630269956.jsonl
C1,712,711,0.6792116522789001,0.0001,5.441844932734966,4053.4160774340853,62376189952,79609987072,nexus_2k_001692;nexus_2k_000815;nexus_2k_001439;nexus_2k_000800;nexus_2k_000118,snapshot/candidates/c1/run/updates-from0000000-1791371601630269956.jsonl
C1,713,712,0.3946034014225006,0.0001,6.4099227068945765,4059.8265186557546,71531471872,79609987072,nexus_2k_000952;nexus_2k_000020;nexus_2k_001178;nexus_2k_001232;nexus_2k_001415,snapshot/candidates/c1/run/updates-from0000000-1791371601630269956.jsonl
C1,714,713,0.32152640223503115,0.0001,4.642653562128544,4064.469617168419,62382907904,79609987072,nexus_2k_000142;nexus_2k_000447;nexus_2k_001211;nexus_2k_001843;nexus_2k_001216,snapshot/candidates/c1/run/updates-from0000000-1791371601630269956.jsonl
C1,715,714,0.4131589770317078,0.0001,3.3493094118312,4067.8192589879036,50842018304,79609987072,nexus_2k_001150;nexus_2k_000074;nexus_2k_001331;nexus_2k_001085;nexus_2k_000796,snapshot/candidates/c1/run/updates-from0000000-1791371601630269956.jsonl
C1,716,715,0.43489935994148254,0.0001,5.471625044941902,4073.29133955203,59754781696,79609987072,nexus_2k_000935;nexus_2k_001550;nexus_2k_000242;nexus_2k_001577;nexus_2k_000283,snapshot/candidates/c1/run/updates-from0000000-1791371601630269956.jsonl
C1,717,716,0.33732469081878663,0.0001,7.487913643941283,4080.7797036617994,69522231808,79609987072,nexus_2k_001780;nexus_2k_000083;nexus_2k_000783;nexus_2k_000280;nexus_2k_001792,snapshot/candidates/c1/run/updates-from0000000-1791371601630269956.jsonl
C1,718,717,0.30382131338119506,0.0001,4.195697167888284,4084.9759592479095,58114488320,79609987072,nexus_2k_000823;nexus_2k_001317;nexus_2k_000346;nexus_2k_000675;nexus_2k_000840,snapshot/candidates/c1/run/updates-from0000000-1791371601630269956.jsonl
C1,719,718,0.6291722774505615,0.0001,4.461087700910866,4089.437791096978,58865908224,79609987072,nexus_2k_001179;nexus_2k_001087;nexus_2k_001716;nexus_2k_000869;nexus_2k_000872,snapshot/candidates/c1/run/updates-from0000000-1791371601630269956.jsonl
C1,720,719,0.3277594745159149,0.0001,6.264494003728032,4095.7027142951265,69399932416,79609987072,nexus_2k_000898;nexus_2k_001483;nexus_2k_000167;nexus_2k_000053;nexus_2k_000084,snapshot/candidates/c1/run/updates-from0000000-1791371601630269956.jsonl
C1,721,720,0.2839254021644592,0.0001,4.5318959737196565,4100.235179250129,60954139648,79609987072,nexus_2k_001085;nexus_2k_000840;nexus_2k_000815;nexus_2k_000823;nexus_2k_001577,snapshot/candidates/c1/run/updates-from0000000-1791371601630269956.jsonl
C1,722,721,0.3598149746656418,0.0001,5.66700495313853,4105.902604852803,71541547520,79609987072,nexus_2k_001692;nexus_2k_001232;nexus_2k_001178;nexus_2k_000346;nexus_2k_001317,snapshot/candidates/c1/run/updates-from0000000-1791371601630269956.jsonl
C1,723,722,0.4544010698795319,0.0001,5.5938317608088255,4111.49716222845,62372993536,79609987072,nexus_2k_001825;nexus_2k_001780;nexus_2k_001331;nexus_2k_001211;nexus_2k_000283,snapshot/candidates/c1/run/updates-from0000000-1791371601630269956.jsonl
C1,724,723,0.34781520664691923,0.0001,4.6369389006868005,4116.134499134496,67756489728,79609987072,nexus_2k_000118;nexus_2k_001045;nexus_2k_000242;nexus_2k_000142;nexus_2k_000783,snapshot/candidates/c1/run/updates-from0000000-1791371601630269956.jsonl
C1,725,724,0.44208134412765504,0.0001,4.350882370956242,4120.485765246674,56522652160,79609987072,nexus_2k_000872;nexus_2k_000053;nexus_2k_001716;nexus_2k_000020;nexus_2k_001483,snapshot/candidates/c1/run/updates-from0000000-1791371601630269956.jsonl
C1,726,725,0.48996215462684634,0.0001,5.886030016466975,4126.372234551236,69399217664,79609987072,nexus_2k_000898;nexus_2k_001216;nexus_2k_000167;nexus_2k_001150;nexus_2k_001179,snapshot/candidates/c1/run/updates-from0000000-1791371601630269956.jsonl
C1,727,726,0.3707862138748169,0.0001,5.033707254566252,4131.40686744079,68958941184,79609987072,nexus_2k_000935;nexus_2k_001843;nexus_2k_000675;nexus_2k_000519;nexus_2k_000083,snapshot/candidates/c1/run/updates-from0000000-1791371601630269956.jsonl
C1,728,727,0.35405631065368653,0.0001,6.449787732213736,4137.857274924405,68946790912,79609987072,nexus_2k_000280;nexus_2k_001550;nexus_2k_001792;nexus_2k_000869;nexus_2k_000084,snapshot/candidates/c1/run/updates-from0000000-1791371601630269956.jsonl
C1,729,728,0.3443202167749405,0.0001,3.992594706825912,4141.850423356518,49895589376,79609987072,nexus_2k_001415;nexus_2k_001087;nexus_2k_000796;nexus_2k_001536;nexus_2k_000447,snapshot/candidates/c1/run/updates-from0000000-1791371601630269956.jsonl
C1,730,729,0.3185325026512146,0.0001,6.219314896501601,4148.070186637342,64463325696,79609987072,nexus_2k_000800;nexus_2k_000952;nexus_2k_000074;nexus_2k_001093;nexus_2k_001439,snapshot/candidates/c1/run/updates-from0000000-1791371601630269956.jsonl
C1,731,730,0.4633595943450928,0.0001,6.798768981359899,4154.869401706383,69432505856,79609987072,nexus_2k_001577;nexus_2k_000783;nexus_2k_000167;nexus_2k_000815;nexus_2k_001331,snapshot/candidates/c1/run/updates-from0000000-1791371601630269956.jsonl
C1,732,731,0.44664075374603274,0.0001,4.940869231708348,4159.8113272711635,62299547648,79609987072,nexus_2k_001232;nexus_2k_000952;nexus_2k_001692;nexus_2k_001179;nexus_2k_001716,snapshot/candidates/c1/run/updates-from0000000-1791371601630269956.jsonl
C1,733,732,0.44266900718212127,0.0001,5.294514112174511,4165.106546287425,74195890688,79609987072,nexus_2k_000872;nexus_2k_000898;nexus_2k_000084;nexus_2k_001550;nexus_2k_000346,snapshot/candidates/c1/run/updates-from0000000-1791371601630269956.jsonl
C1,734,733,0.5261967182159424,0.0001,5.846608575433493,4170.953904978931,59706974208,79609987072,nexus_2k_001178;nexus_2k_000283;nexus_2k_001439;nexus_2k_001780;nexus_2k_000869,snapshot/candidates/c1/run/updates-from0000000-1791371601630269956.jsonl
C1,735,734,0.41293554902076723,0.0001,4.46679375693202,4175.421512277797,59172576768,79609987072,nexus_2k_000519;nexus_2k_001825;nexus_2k_001150;nexus_2k_001415;nexus_2k_000823,snapshot/candidates/c1/run/updates-from0000000-1791371601630269956.jsonl
C1,736,735,0.3484891980886459,0.0001,4.7410248732194304,4180.163603548892,59601938944,79609987072,nexus_2k_000083;nexus_2k_000074;nexus_2k_001216;nexus_2k_000053;nexus_2k_001087,snapshot/candidates/c1/run/updates-from0000000-1791371601630269956.jsonl
C1,737,736,0.3167099118232727,0.0001,4.388402524404228,4184.553370861337,64426823168,79609987072,nexus_2k_000242;nexus_2k_000447;nexus_2k_000675;nexus_2k_001093;nexus_2k_001085,snapshot/candidates/c1/run/updates-from0000000-1791371601630269956.jsonl
C1,738,737,0.33605592250823973,0.0001,3.9830912239849567,4188.537112873048,53132886016,79609987072,nexus_2k_001211;nexus_2k_001045;nexus_2k_001843;nexus_2k_001536;nexus_2k_000796,snapshot/candidates/c1/run/updates-from0000000-1791371601630269956.jsonl
C1,739,738,0.3465285897254944,0.0001,6.338556687347591,4194.876338285394,69578639872,79609987072,nexus_2k_001483;nexus_2k_000142;nexus_2k_000020;nexus_2k_001792;nexus_2k_000280,snapshot/candidates/c1/run/updates-from0000000-1791371601630269956.jsonl
C1,740,739,0.44712087512016296,0.0001,5.718393477611244,4200.595523861237,62380126208,79609987072,nexus_2k_001317;nexus_2k_000935;nexus_2k_000118;nexus_2k_000800;nexus_2k_000840,snapshot/candidates/c1/run/updates-from0000000-1791371601630269956.jsonl
C1,741,740,0.33226948976516724,0.0001,5.190288827754557,4205.786822697148,68995176960,79609987072,nexus_2k_001211;nexus_2k_000242;nexus_2k_001843;nexus_2k_000519;nexus_2k_001792,snapshot/candidates/c1/run/updates-from0000000-1791371601630269956.jsonl
C1,742,741,0.49907036423683165,0.0001,5.356649363413453,4211.144025833346,71540842496,79609987072,nexus_2k_001045;nexus_2k_001780;nexus_2k_000020;nexus_2k_001232;nexus_2k_000280,snapshot/candidates/c1/run/updates-from0000000-1791371601630269956.jsonl
C1,743,742,0.36007157564163206,0.0001,5.1512495102360845,4216.2964216778055,58114361344,79609987072,nexus_2k_001093;nexus_2k_001331;nexus_2k_000074;nexus_2k_000447;nexus_2k_001317,snapshot/candidates/c1/run/updates-from0000000-1791371601630269956.jsonl
C1,744,743,0.34612460136413575,0.0001,5.293437032029033,4221.590732036158,60204918272,79609987072,nexus_2k_000167;nexus_2k_001216;nexus_2k_000796;nexus_2k_001415;nexus_2k_000118,snapshot/candidates/c1/run/updates-from0000000-1791371601630269956.jsonl
C1,745,744,0.4872987151145935,0.0001,4.735346334986389,4226.326849706471,58854396928,79609987072,nexus_2k_001550;nexus_2k_000869;nexus_2k_000142;nexus_2k_001536;nexus_2k_001692,snapshot/candidates/c1/run/updates-from0000000-1791371601630269956.jsonl
C1,746,745,0.44599902629852295,0.0001,4.21031968574971,4230.5376189621165,60960162816,79609987072,nexus_2k_000084;nexus_2k_000840;nexus_2k_000815;nexus_2k_001577;nexus_2k_001150,snapshot/candidates/c1/run/updates-from0000000-1791371601630269956.jsonl
C1,747,746,0.4845489948987961,0.0001,4.330977929756045,4234.869321836159,56511707648,79609987072,nexus_2k_000346;nexus_2k_001087;nexus_2k_001483;nexus_2k_000952;nexus_2k_001716,snapshot/candidates/c1/run/updates-from0000000-1791371601630269956.jsonl
C1,748,747,0.4317567765712738,0.0001,6.92568778898567,4241.795811004937,62351547392,79609987072,nexus_2k_000783;nexus_2k_000935;nexus_2k_000800;nexus_2k_000872;nexus_2k_001825,snapshot/candidates/c1/run/updates-from0000000-1791371601630269956.jsonl
C1,749,748,0.5833461910486222,0.0001,5.231461368501186,4247.027753468603,59702582272,79609987072,nexus_2k_001439;nexus_2k_001178;nexus_2k_000283;nexus_2k_000053;nexus_2k_001085,snapshot/candidates/c1/run/updates-from0000000-1791371601630269956.jsonl
C1,750,749,0.4208395928144455,0.0001,5.88989420607686,4252.918051153421,74187592704,79609987072,nexus_2k_000675;nexus_2k_000083;nexus_2k_001179;nexus_2k_000823;nexus_2k_000898,snapshot/candidates/c1/run/updates-from0000000-1791371601630269956.jsonl
C1,751,750,0.358145409822464,0.0001,5.803561897017062,4258.72210022714,64415524352,79609987072,nexus_2k_000142;nexus_2k_000872;nexus_2k_001439;nexus_2k_000242;nexus_2k_001093,snapshot/candidates/c1/run/updates-from0000000-1791371601630269956.jsonl
C1,752,751,0.34054087698459623,0.0001,4.819193542003632,4263.542077812366,59162251776,79609987072,nexus_2k_001716;nexus_2k_001577;nexus_2k_001317;nexus_2k_001780;nexus_2k_001415,snapshot/candidates/c1/run/updates-from0000000-1791371601630269956.jsonl
C1,753,752,0.3504137694835663,0.0001,7.2158749010413885,4270.759243815206,68823970816,79609987072,nexus_2k_000898;nexus_2k_000083;nexus_2k_001483;nexus_2k_000675;nexus_2k_000800,snapshot/candidates/c1/run/updates-from0000000-1791371601630269956.jsonl
C1,754,753,0.3366532027721405,0.0001,3.9016304006800056,4274.661749800667,60618069504,79609987072,nexus_2k_000118;nexus_2k_001150;nexus_2k_001085;nexus_2k_000823;nexus_2k_000935,snapshot/candidates/c1/run/updates-from0000000-1791371601630269956.jsonl
C1,755,754,0.4272828221321106,0.0001,5.764482917264104,4280.427241173573,69534816768,79609987072,nexus_2k_000283;nexus_2k_000869;nexus_2k_000280;nexus_2k_000020;nexus_2k_001087,snapshot/candidates/c1/run/updates-from0000000-1791371601630269956.jsonl
C1,756,755,0.5839811801910401,0.0001,4.0201568668708205,4284.44797619991,62400027136,79609987072,nexus_2k_000084;nexus_2k_000519;nexus_2k_001843;nexus_2k_001536;nexus_2k_001211,snapshot/candidates/c1/run/updates-from0000000-1791371601630269956.jsonl
C1,757,756,0.43969389498233796,0.0001,5.991636314429343,4290.440197425894,71549131776,79609987072,nexus_2k_000840;nexus_2k_001692;nexus_2k_000952;nexus_2k_000815;nexus_2k_001232,snapshot/candidates/c1/run/updates-from0000000-1791371601630269956.jsonl
C1,758,757,0.3612284272909164,0.0001,6.412634032778442,4296.853546820581,69446970880,79609987072,nexus_2k_001792;nexus_2k_001178;nexus_2k_001179;nexus_2k_000167;nexus_2k_001331,snapshot/candidates/c1/run/updates-from0000000-1791371601630269956.jsonl
C1,759,758,0.3555700719356537,0.0001,3.898480983451009,4300.75252701249,54664485376,79609987072,nexus_2k_001045;nexus_2k_001550;nexus_2k_000447;nexus_2k_000796;nexus_2k_001825,snapshot/candidates/c1/run/updates-from0000000-1791371601630269956.jsonl
C1,760,759,0.5004357784986496,0.0001,4.5605853870511055,4305.314087115228,58478887936,79609987072,nexus_2k_000783;nexus_2k_001216;nexus_2k_000053;nexus_2k_000074;nexus_2k_000346,snapshot/candidates/c1/run/updates-from0000000-1791371601630269956.jsonl
C1,761,760,0.2988192528486252,0.0001,5.788125281222165,4311.102608372457,74204860928,79609987072,nexus_2k_000053;nexus_2k_001211;nexus_2k_001550;nexus_2k_000898;nexus_2k_001045,snapshot/candidates/c1/run/updates-from0000000-1791371601630269956.jsonl
C1,762,761,0.33590705692768097,0.0001,4.924559894017875,4316.027786835097,59688643584,79609987072,nexus_2k_000142;nexus_2k_000118;nexus_2k_000869;nexus_2k_000283;nexus_2k_001692,snapshot/candidates/c1/run/updates-from0000000-1791371601630269956.jsonl
C1,763,762,0.3576360046863556,0.0001,5.587411867454648,4321.615770126693,68943663616,79609987072,nexus_2k_000447;nexus_2k_000800;nexus_2k_001792;nexus_2k_000346;nexus_2k_001825,snapshot/candidates/c1/run/updates-from0000000-1791371601630269956.jsonl
C1,764,763,0.3736182272434235,0.0001,5.051134508103132,4326.66741473414,59153428992,79609987072,nexus_2k_001331;nexus_2k_001317;nexus_2k_001415;nexus_2k_001179;nexus_2k_000242,snapshot/candidates/c1/run/updates-from0000000-1791371601630269956.jsonl
C1,765,764,0.4501603066921234,0.0001,4.5305830696597695,4331.1984942201525,56932045312,79609987072,nexus_2k_001577;nexus_2k_001716;nexus_2k_001439;nexus_2k_000796;nexus_2k_000872,snapshot/candidates/c1/run/updates-from0000000-1791371601630269956.jsonl
C1,766,765,0.3605756342411041,0.0001,5.163240280002356,4336.362952439114,71541874176,79609987072,nexus_2k_001843;nexus_2k_001780;nexus_2k_001483;nexus_2k_000840;nexus_2k_001232,snapshot/candidates/c1/run/updates-from0000000-1791371601630269956.jsonl
C1,767,766,0.3867298424243927,0.0001,6.612377745099366,4342.975887794979,69627214848,79609987072,nexus_2k_000935;nexus_2k_000675;nexus_2k_001216;nexus_2k_000167;nexus_2k_000280,snapshot/candidates/c1/run/updates-from0000000-1791371601630269956.jsonl
C1,768,767,0.3538906961679459,0.0001,4.470438233576715,4347.447194167413,58478887936,79609987072,nexus_2k_000783;nexus_2k_001536;nexus_2k_000823;nexus_2k_000519;nexus_2k_001150,snapshot/candidates/c1/run/updates-from0000000-1791371601630269956.jsonl
C1,769,768,0.36845371723175047,0.0001,5.490862341597676,4352.939055874012,64434595328,79609987072,nexus_2k_001085;nexus_2k_000815;nexus_2k_001178;nexus_2k_001093;nexus_2k_000084,snapshot/candidates/c1/run/updates-from0000000-1791371601630269956.jsonl
C1,770,769,0.4459635317325592,0.0001,4.776603396981955,4357.71635756176,68849129984,79609987072,nexus_2k_000074;nexus_2k_000020;nexus_2k_001087;nexus_2k_000083;nexus_2k_000952,snapshot/candidates/c1/run/updates-from0000000-1791371601630269956.jsonl
C1,771,770,0.39439170956611636,0.0001,4.652611338533461,4362.369921550155,57040131072,79609987072,nexus_2k_001317;nexus_2k_001178;nexus_2k_000084;nexus_2k_001577;nexus_2k_000074,snapshot/candidates/c1/run/updates-from0000000-1791371601630269956.jsonl
C1,772,771,0.2587673306465149,0.0001,4.4142277874052525,4366.785166668706,59712885760,79609987072,nexus_2k_001415;nexus_2k_001150;nexus_2k_001780;nexus_2k_000118;nexus_2k_000283,snapshot/candidates/c1/run/updates-from0000000-1791371601630269956.jsonl
C1,773,772,0.37248194217681885,0.0001,6.156786235049367,4372.942520889454,68846322688,79609987072,nexus_2k_001550;nexus_2k_001716;nexus_2k_000083;nexus_2k_001483;nexus_2k_000935,snapshot/candidates/c1/run/updates-from0000000-1791371601630269956.jsonl
C1,774,773,0.320595446228981,0.0001,6.887739448808134,4379.83133469522,74151735296,79609987072,nexus_2k_001093;nexus_2k_000783;nexus_2k_000840;nexus_2k_000898;nexus_2k_000053,snapshot/candidates/c1/run/updates-from0000000-1791371601630269956.jsonl
C1,775,774,0.48870508968830106,0.0001,5.907301150262356,4385.739103982225,71544693248,79609987072,nexus_2k_000242;nexus_2k_001843;nexus_2k_001211;nexus_2k_001825;nexus_2k_001232,snapshot/candidates/c1/run/updates-from0000000-1791371601630269956.jsonl
C1,776,775,0.4092280715703964,0.0001,5.445554632693529,4391.185267619789,69507537920,79609987072,nexus_2k_001331;nexus_2k_001536;nexus_2k_000020;nexus_2k_001439;nexus_2k_000280,snapshot/candidates/c1/run/updates-from0000000-1791371601630269956.jsonl
C1,777,776,0.5126485526561737,0.0001,6.073161927051842,4397.259659039788,68955783680,79609987072,nexus_2k_000872;nexus_2k_000952;nexus_2k_001792;nexus_2k_000800;nexus_2k_000346,snapshot/candidates/c1/run/updates-from0000000-1791371601630269956.jsonl
C1,778,777,0.4514849692583084,0.0001,3.7795002423226833,4401.039995604195,49584857088,79609987072,nexus_2k_000869;nexus_2k_001179;nexus_2k_001087;nexus_2k_001045;nexus_2k_000447,snapshot/candidates/c1/run/updates-from0000000-1791371601630269956.jsonl
C1,779,778,0.403046065568924,0.0001,3.7351083885878325,4404.775643615983,60959091200,79609987072,nexus_2k_000519;nexus_2k_000815;nexus_2k_000796;nexus_2k_001085;nexus_2k_001692,snapshot/candidates/c1/run/updates-from0000000-1791371601630269956.jsonl
C1,780,779,0.33123186230659485,0.0001,5.254798257723451,4410.031293948181,69403366400,79609987072,nexus_2k_001216;nexus_2k_000823;nexus_2k_000167;nexus_2k_000675;nexus_2k_000142,snapshot/candidates/c1/run/updates-from0000000-1791371601630269956.jsonl
C1,781,780,0.46097480654716494,0.0001,5.316891440190375,4415.348707871512,62400742912,79609987072,nexus_2k_001483;nexus_2k_000800;nexus_2k_001211;nexus_2k_000084;nexus_2k_001843,snapshot/candidates/c1/run/updates-from0000000-1791371601630269956.jsonl
C1,782,781,0.4254087895154953,0.0001,5.0597167564556,4420.409171919338,69522629120,79609987072,nexus_2k_000447;nexus_2k_001692;nexus_2k_000280;nexus_2k_001093;nexus_2k_000796,snapshot/candidates/c1/run/updates-from0000000-1791371601630269956.jsonl
C1,783,782,0.3766705632209778,0.0001,5.076809788122773,4425.486505226232,62299547648,79609987072,nexus_2k_001232;nexus_2k_001550;nexus_2k_000020;nexus_2k_000118;nexus_2k_000840,snapshot/candidates/c1/run/updates-from0000000-1791371601630269956.jsonl
C1,784,783,0.4713652014732361,0.0001,4.80851580388844,4430.295622128993,60967278592,79609987072,nexus_2k_001087;nexus_2k_001415;nexus_2k_001179;nexus_2k_000675;nexus_2k_000815,snapshot/candidates/c1/run/updates-from0000000-1791371601630269956.jsonl
C1,785,784,0.3450069069862366,0.0001,5.519228459335864,4435.81627837196,57057457152,79609987072,nexus_2k_000242;nexus_2k_000952;nexus_2k_000142;nexus_2k_001178;nexus_2k_001439,snapshot/candidates/c1/run/updates-from0000000-1791371601630269956.jsonl
C1,786,785,0.3107538968324661,0.0001,4.5851163333281875,4440.401897258125,58130278400,79609987072,nexus_2k_000283;nexus_2k_001780;nexus_2k_001317;nexus_2k_000074;nexus_2k_000053,snapshot/candidates/c1/run/updates-from0000000-1791371601630269956.jsonl
C1,787,786,0.29045119881629944,0.0001,3.5414618076756597,4443.94393434003,54664485376,79609987072,nexus_2k_001045;nexus_2k_001716;nexus_2k_001085;nexus_2k_001825;nexus_2k_000346,snapshot/candidates/c1/run/updates-from0000000-1791371601630269956.jsonl
C1,788,787,0.3653885364532471,0.0001,5.879169503226876,4449.823711271398,68932235776,79609987072,nexus_2k_001331;nexus_2k_000519;nexus_2k_001792;nexus_2k_000869;nexus_2k_000872,snapshot/candidates/c1/run/updates-from0000000-1791371601630269956.jsonl
C1,789,788,0.40495348274707793,0.0001,5.9198890794068575,4455.744219932705,68845329920,79609987072,nexus_2k_000783;nexus_2k_001577;nexus_2k_001536;nexus_2k_000083;nexus_2k_000823,snapshot/candidates/c1/run/updates-from0000000-1791371601630269956.jsonl
C1,790,789,0.31523712277412413,0.0001,6.6955786077305675,4462.440688644536,74164353024,79609987072,nexus_2k_001216;nexus_2k_000898;nexus_2k_000167;nexus_2k_000935;nexus_2k_001150,snapshot/candidates/c1/run/updates-from0000000-1791371601630269956.jsonl
C1,791,790,0.44865790009498596,0.0001,3.5837211310863495,4466.025241365656,50859461120,79609987072,nexus_2k_000840;nexus_2k_001843;nexus_2k_001087;nexus_2k_001780;nexus_2k_001331,snapshot/candidates/c1/run/updates-from0000000-1791371601630269956.jsonl
C1,792,791,0.35584276616573335,0.0001,6.68218161072582,4472.708363187499,71608751616,79609987072,nexus_2k_000815;nexus_2k_000952;nexus_2k_001232;nexus_2k_000283;nexus_2k_000675,snapshot/candidates/c1/run/updates-from0000000-1791371601630269956.jsonl
C1,793,792,0.36772826313972473,0.0001,3.827456021681428,4476.536696432158,62394526208,79609987072,nexus_2k_000346;nexus_2k_000519;nexus_2k_000020;nexus_2k_001045;nexus_2k_001211,snapshot/candidates/c1/run/updates-from0000000-1791371601630269956.jsonl
C1,794,793,0.3464702248573303,0.0001,4.746293212287128,4481.283514406532,58114879488,79609987072,nexus_2k_001550;nexus_2k_000074;nexus_2k_001483;nexus_2k_001317;nexus_2k_000084,snapshot/candidates/c1/run/updates-from0000000-1791371601630269956.jsonl
C1,795,794,0.38453047871589663,0.0001,6.809449732303619,4488.093777177855,74169677824,79609987072,nexus_2k_000083;nexus_2k_000898;nexus_2k_001692;nexus_2k_000869;nexus_2k_001825,snapshot/candidates/c1/run/updates-from0000000-1791371601630269956.jsonl
C1,796,795,0.36940527260303496,0.0001,6.38779491558671,4494.482001200318,69519804416,79609987072,nexus_2k_000142;nexus_2k_000796;nexus_2k_001178;nexus_2k_000280;nexus_2k_000167,snapshot/candidates/c1/run/updates-from0000000-1791371601630269956.jsonl
C1,797,796,0.44191511571407316,0.0001,4.304207184351981,4498.7867427570745,64428348928,79609987072,nexus_2k_001150;nexus_2k_001085;nexus_2k_001536;nexus_2k_000823;nexus_2k_001093,snapshot/candidates/c1/run/updates-from0000000-1791371601630269956.jsonl
C1,798,797,0.449348509311676,0.0001,3.9799829740077257,4502.767189778388,56934212096,79609987072,nexus_2k_000118;nexus_2k_001439;nexus_2k_000447;nexus_2k_000053;nexus_2k_000242,snapshot/candidates/c1/run/updates-from0000000-1791371601630269956.jsonl
C1,799,798,0.38627096712589265,0.0001,5.858835213817656,4508.626534990966,68951169536,79609987072,nexus_2k_001577;nexus_2k_001179;nexus_2k_001792;nexus_2k_000800;nexus_2k_000872,snapshot/candidates/c1/run/updates-from0000000-1791371601630269956.jsonl
C1,800,799,0.35133174657821653,0.0001,6.190874031744897,4514.818593600765,67742830080,79609987072,nexus_2k_001716;nexus_2k_000783;nexus_2k_001216;nexus_2k_000935;nexus_2k_001415,snapshot/candidates/c1/run/updates-from0000000-1791371601630269956.jsonl
C1,801,800,0.6649029076099395,0.0001,3.546888560988009,4518.365952654742,46844533760,79609987072,nexus_2k_000872;nexus_2k_000020;nexus_2k_000074;nexus_2k_001692;nexus_2k_000118,snapshot/candidates/c1/run/updates-from0000000-1791371601630269956.jsonl
C1,802,801,0.34454468488693235,0.0001,5.854501304216683,4524.221249883063,62388641280,79609987072,nexus_2k_000675;nexus_2k_001211;nexus_2k_000823;nexus_2k_001415;nexus_2k_000815,snapshot/candidates/c1/run/updates-from0000000-1791371601630269956.jsonl
C1,803,802,0.39509048461914065,0.0001,5.126641631126404,4529.348404422402,64427304448,79609987072,nexus_2k_001150;nexus_2k_001093;nexus_2k_001317;nexus_2k_000346;nexus_2k_000142,snapshot/candidates/c1/run/updates-from0000000-1791371601630269956.jsonl
C1,804,803,0.4842500269412994,0.0001,5.4001419031992555,4534.749360688962,68852929024,79609987072,nexus_2k_001577;nexus_2k_001536;nexus_2k_000869;nexus_2k_000083;nexus_2k_001045,snapshot/candidates/c1/run/updates-from0000000-1791371601630269956.jsonl
C1,805,804,0.36370766162872314,0.0001,4.716468555852771,4539.466438503936,68943663616,79609987072,nexus_2k_000447;nexus_2k_001792;nexus_2k_001843;nexus_2k_001780;nexus_2k_001439,snapshot/candidates/c1/run/updates-from0000000-1791371601630269956.jsonl
C1,806,805,0.32964503169059756,0.0001,5.884710934944451,4545.351889195852,67753409536,79609987072,nexus_2k_000242;nexus_2k_000283;nexus_2k_000084;nexus_2k_000783;nexus_2k_000800,snapshot/candidates/c1/run/updates-from0000000-1791371601630269956.jsonl
C1,807,806,0.44256244897842406,0.0001,6.9934884291142225,4552.3464563386515,69500465664,79609987072,nexus_2k_000898;nexus_2k_001550;nexus_2k_000840;nexus_2k_000280;nexus_2k_001178,snapshot/candidates/c1/run/updates-from0000000-1791371601630269956.jsonl
C1,808,807,0.40704657435417174,0.0001,6.154062125831842,4558.501025735401,71548631040,79609987072,nexus_2k_001087;nexus_2k_000935;nexus_2k_001216;nexus_2k_001825;nexus_2k_001232,snapshot/candidates/c1/run/updates-from0000000-1791371601630269956.jsonl
C1,809,808,0.3685472160577774,0.0001,4.814810735173523,4563.3165437839925,69427334144,79609987072,nexus_2k_000519;nexus_2k_001179;nexus_2k_000952;nexus_2k_000167;nexus_2k_001085,snapshot/candidates/c1/run/updates-from0000000-1791371601630269956.jsonl
C1,810,809,0.47496967315673827,0.0001,4.178047641180456,4567.495188599452,56500919808,79609987072,nexus_2k_001716;nexus_2k_001483;nexus_2k_001331;nexus_2k_000053;nexus_2k_000796,snapshot/candidates/c1/run/updates-from0000000-1791371601630269956.jsonl
C1,811,810,0.51118905544281,0.0001,6.00792061816901,4573.504251599312,69398502912,79609987072,nexus_2k_000898;nexus_2k_001550;nexus_2k_001692;nexus_2k_000167;nexus_2k_000118,snapshot/candidates/c1/run/updates-from0000000-1791371601630269956.jsonl
C1,812,811,0.4937166929244995,0.0001,4.678602462634444,4578.183356653899,58100467712,79609987072,nexus_2k_001825;nexus_2k_001150;nexus_2k_001317;nexus_2k_001331;nexus_2k_001179,snapshot/candidates/c1/run/updates-from0000000-1791371601630269956.jsonl
C1,813,812,0.3181723564863205,0.0001,5.8066900204867125,4583.99074100703,71544115712,79609987072,nexus_2k_000675;nexus_2k_001232;nexus_2k_000242;nexus_2k_000519;nexus_2k_000783,snapshot/candidates/c1/run/updates-from0000000-1791371601630269956.jsonl
C1,814,813,0.33995131254196165,0.0001,4.442427487112582,4588.433560269885,60601598464,79609987072,nexus_2k_001716;nexus_2k_000935;nexus_2k_000823;nexus_2k_000142;nexus_2k_000346,snapshot/candidates/c1/run/updates-from0000000-1791371601630269956.jsonl
C1,815,814,0.533554631471634,0.0001,6.595671398565173,4595.029562217183,69612577792,79609987072,nexus_2k_000815;nexus_2k_001211;nexus_2k_001178;nexus_2k_000280;nexus_2k_001045,snapshot/candidates/c1/run/updates-from0000000-1791371601630269956.jsonl
C1,816,815,0.3980193853378296,0.0001,5.408867350779474,4600.438843624666,62388818944,79609987072,nexus_2k_001483;nexus_2k_001843;nexus_2k_000952;nexus_2k_000800;nexus_2k_001216,snapshot/candidates/c1/run/updates-from0000000-1791371601630269956.jsonl
C1,817,816,0.3430656462907791,0.0001,4.96903707459569,4605.408322786912,68876458496,79609987072,nexus_2k_000053;nexus_2k_000083;nexus_2k_000840;nexus_2k_001577;nexus_2k_001536,snapshot/candidates/c1/run/updates-from0000000-1791371601630269956.jsonl
C1,818,817,0.3101284086704254,0.0001,6.542753843590617,4611.9514845637605,68981066240,79609987072,nexus_2k_001439;nexus_2k_000020;nexus_2k_001792;nexus_2k_001093;nexus_2k_001415,snapshot/candidates/c1/run/updates-from0000000-1791371601630269956.jsonl
C1,819,818,0.34506904184818266,0.0001,5.008275276981294,4616.960214003921,58867673088,79609987072,nexus_2k_000283;nexus_2k_000796;nexus_2k_000447;nexus_2k_000872;nexus_2k_000869,snapshot/candidates/c1/run/updates-from0000000-1791371601630269956.jsonl
C1,820,819,0.3336100459098816,0.0001,2.9940771982073784,4619.955125370063,46844771328,79609987072,nexus_2k_001780;nexus_2k_001085;nexus_2k_001087;nexus_2k_000074;nexus_2k_000084,snapshot/candidates/c1/run/updates-from0000000-1791371601630269956.jsonl
C1,821,820,0.3059990435838699,0.0001,4.546306774951518,4624.502700760029,71543409152,79609987072,nexus_2k_000074;nexus_2k_001843;nexus_2k_000346;nexus_2k_000840;nexus_2k_001232,snapshot/candidates/c1/run/updates-from0000000-1791371601630269956.jsonl
C1,822,821,0.5591020554304122,0.0001,6.722136885859072,4631.2258473765105,64460634624,79609987072,nexus_2k_001483;nexus_2k_001093;nexus_2k_000142;nexus_2k_000800;nexus_2k_000283,snapshot/candidates/c1/run/updates-from0000000-1791371601630269956.jsonl
C1,823,822,0.28184807002544404,0.0001,4.22332954313606,4635.449593829922,62392871424,79609987072,nexus_2k_000118;nexus_2k_001536;nexus_2k_001211;nexus_2k_001087;nexus_2k_001179,snapshot/candidates/c1/run/updates-from0000000-1791371601630269956.jsonl
C1,824,823,0.4461458414793015,0.0001,5.414802125655115,4640.86488180235,59178526720,79609987072,nexus_2k_000084;nexus_2k_001439;nexus_2k_001415;nexus_2k_000872;nexus_2k_001331,snapshot/candidates/c1/run/updates-from0000000-1791371601630269956.jsonl
C1,825,824,0.40195895433425904,0.0001,4.9393574530258775,4645.805021845736,60611525120,79609987072,nexus_2k_000242;nexus_2k_001716;nexus_2k_000935;nexus_2k_001825;nexus_2k_001577,snapshot/candidates/c1/run/updates-from0000000-1791371601630269956.jsonl
C1,826,825,0.2840047061443329,0.0001,5.951807524077594,4651.757272881456,69446970880,79609987072,nexus_2k_001792;nexus_2k_001692;nexus_2k_001780;nexus_2k_001317;nexus_2k_000167,snapshot/candidates/c1/run/updates-from0000000-1791371601630269956.jsonl
C1,827,826,0.6476714551448822,0.0001,6.146215069107711,4657.904391103424,74148165632,79609987072,nexus_2k_000280;nexus_2k_000952;nexus_2k_000898;nexus_2k_001150;nexus_2k_000447,snapshot/candidates/c1/run/updates-from0000000-1791371601630269956.jsonl
C1,828,827,0.3965002328157425,0.0001,4.74881646502763,4662.6540386639535,58478887936,79609987072,nexus_2k_000783;nexus_2k_001178;nexus_2k_000519;nexus_2k_001085;nexus_2k_000796,snapshot/candidates/c1/run/updates-from0000000-1791371601630269956.jsonl
C1,829,828,0.43625777363777163,0.0001,4.512865086086094,4667.168106761761,60946187264,79609987072,nexus_2k_001550;nexus_2k_000815;nexus_2k_001045;nexus_2k_000823;nexus_2k_000675,snapshot/candidates/c1/run/updates-from0000000-1791371601630269956.jsonl
C1,830,829,0.5280109107494354,0.0001,5.361405434086919,4672.52995803114,59601938944,79609987072,nexus_2k_000083;nexus_2k_000053;nexus_2k_000020;nexus_2k_000869;nexus_2k_001216,snapshot/candidates/c1/run/updates-from0000000-1791371601630269956.jsonl
C1,831,830,0.35806862115859983,0.0001,5.082449716515839,4677.612992281094,58871603200,79609987072,nexus_2k_000872;nexus_2k_000118;nexus_2k_000869;nexus_2k_001317;nexus_2k_000074,snapshot/candidates/c1/run/updates-from0000000-1791371601630269956.jsonl
C1,832,831,0.4039885222911835,0.0001,6.489398562349379,4684.103195602074,68905789440,79609987072,nexus_2k_001211;nexus_2k_000083;nexus_2k_000815;nexus_2k_001825;nexus_2k_000020,snapshot/candidates/c1/run/updates-from0000000-1791371601630269956.jsonl
C1,833,832,0.37418883442878725,0.0001,5.792415725067258,4689.896161668934,74192934912,79609987072,nexus_2k_001577;nexus_2k_000675;nexus_2k_000898;nexus_2k_000242;nexus_2k_000935,snapshot/candidates/c1/run/updates-from0000000-1791371601630269956.jsonl
C1,834,833,0.5330646276473999,0.0001,4.507857332006097,4694.404514105059,68943868416,79609987072,nexus_2k_001716;nexus_2k_000346;nexus_2k_001331;nexus_2k_001792;nexus_2k_001692,snapshot/candidates/c1/run/updates-from0000000-1791371601630269956.jsonl
C1,835,834,0.3073512464761734,0.0001,4.23594995867461,4698.640876920894,54327989760,79609987072,nexus_2k_001178;nexus_2k_000952;nexus_2k_000519;nexus_2k_000084;nexus_2k_001780,snapshot/candidates/c1/run/updates-from0000000-1791371601630269956.jsonl
C1,836,835,0.40168476700782774,0.0001,4.5352477403357625,4703.176726487465,71540842496,79609987072,nexus_2k_001045;nexus_2k_000840;nexus_2k_001843;nexus_2k_000053;nexus_2k_001232,snapshot/candidates/c1/run/updates-from0000000-1791371601630269956.jsonl
C1,837,836,0.44215409755706786,0.0001,6.721751899458468,4709.899628232233,69478831616,79609987072,nexus_2k_001483;nexus_2k_001439;nexus_2k_000283;nexus_2k_001550;nexus_2k_000167,snapshot/candidates/c1/run/updates-from0000000-1791371601630269956.jsonl
C1,838,837,0.40514951944351196,0.0001,5.505827241577208,4715.406000049785,69529307648,79609987072,nexus_2k_000783;nexus_2k_001216;nexus_2k_000280;nexus_2k_000796;nexus_2k_001150,snapshot/candidates/c1/run/updates-from0000000-1791371601630269956.jsonl
C1,839,838,0.4870586633682251,0.0001,5.248675528913736,4720.655445210636,62369816576,79609987072,nexus_2k_000142;nexus_2k_001415;nexus_2k_000800;nexus_2k_001085;nexus_2k_001536,snapshot/candidates/c1/run/updates-from0000000-1791371601630269956.jsonl
C1,840,839,0.25952055752277375,0.0001,4.2351883966475725,4724.891040561721,64433090560,79609987072,nexus_2k_001179;nexus_2k_001087;nexus_2k_000447;nexus_2k_001093;nexus_2k_000823,snapshot/candidates/c1/run/updates-from0000000-1791371601630269956.jsonl
C1,841,840,0.3009078860282898,0.0001,5.298966694623232,4730.190464511514,67751992320,79609987072,nexus_2k_000346;nexus_2k_000283;nexus_2k_000872;nexus_2k_001692;nexus_2k_000783,snapshot/candidates/c1/run/updates-from0000000-1791371601630269956.jsonl
C1,842,841,0.3066433370113373,0.0001,6.066581532359123,4736.257512691431,69455291904,79609987072,nexus_2k_001178;nexus_2k_001093;nexus_2k_001179;nexus_2k_000823;nexus_2k_000167,snapshot/candidates/c1/run/updates-from0000000-1791371601630269956.jsonl
C1,843,842,0.4371390253305435,0.0001,4.60461450740695,4740.863545894623,71536800768,79609987072,nexus_2k_001716;nexus_2k_001045;nexus_2k_000840;nexus_2k_000084;nexus_2k_001232,snapshot/candidates/c1/run/updates-from0000000-1791371601630269956.jsonl
C1,844,843,0.307685649394989,0.0001,5.199711723253131,4746.063749933615,68854166016,79609987072,nexus_2k_001792;nexus_2k_001780;nexus_2k_001087;nexus_2k_000083;nexus_2k_001150,snapshot/candidates/c1/run/updates-from0000000-1791371601630269956.jsonl
C1,845,844,0.35825536847114564,0.0001,6.233190828002989,4752.2973154857755,60629423104,79609987072,nexus_2k_001211;nexus_2k_001331;nexus_2k_001825;nexus_2k_000935;nexus_2k_000952,snapshot/candidates/c1/run/updates-from0000000-1791371601630269956.jsonl
C1,846,845,0.2429639846086502,0.0001,4.192810715176165,4756.4909784104675,59171694592,79609987072,nexus_2k_001843;nexus_2k_000447;nexus_2k_001415;nexus_2k_001216;nexus_2k_000675,snapshot/candidates/c1/run/updates-from0000000-1791371601630269956.jsonl
C1,847,846,0.2965043693780899,0.0001,4.878449031151831,4761.370111136697,64925759488,79609987072,nexus_2k_000898;nexus_2k_001577;nexus_2k_000053;nexus_2k_000118;nexus_2k_000020,snapshot/candidates/c1/run/updates-from0000000-1791371601630269956.jsonl
C1,848,847,0.32784210741519926,0.0001,5.513332283124328,4766.8850023038685,62380438528,79609987072,nexus_2k_001085;nexus_2k_001439;nexus_2k_000800;nexus_2k_001536;nexus_2k_000869,snapshot/candidates/c1/run/updates-from0000000-1791371601630269956.jsonl
C1,849,848,0.3158739984035492,0.0001,5.967662352137268,4772.8534465665,69524502528,79609987072,nexus_2k_000519;nexus_2k_000815;nexus_2k_000242;nexus_2k_000280;nexus_2k_001317,snapshot/candidates/c1/run/updates-from0000000-1791371601630269956.jsonl
C1,850,849,0.32344186305999756,0.0001,4.57674518879503,4777.43146741204,56512683520,79609987072,nexus_2k_000074;nexus_2k_001483;nexus_2k_001550;nexus_2k_000142;nexus_2k_000796,snapshot/candidates/c1/run/updates-from0000000-1791371601630269956.jsonl
C1,851,850,0.46558954417705534,0.0001,5.464712844230235,4782.896613066085,60301193728,79609987072,nexus_2k_000280;nexus_2k_001483;nexus_2k_000118;nexus_2k_000952;nexus_2k_000053,snapshot/candidates/c1/run/updates-from0000000-1791371601630269956.jsonl
C1,852,851,0.4992496132850647,0.0001,7.5840477319434285,4790.482348257676,68919345664,79609987072,nexus_2k_000898;nexus_2k_001792;nexus_2k_000142;nexus_2k_000283;nexus_2k_000935,snapshot/candidates/c1/run/updates-from0000000-1791371601630269956.jsonl
C1,853,852,0.3475315451622009,0.0001,6.111667565070093,4796.596638811752,67767144960,79609987072,nexus_2k_001232;nexus_2k_001536;nexus_2k_000074;nexus_2k_000783;nexus_2k_001331,snapshot/candidates/c1/run/updates-from0000000-1791371601630269956.jsonl
C1,854,853,0.2995783567428589,0.0001,6.183177997358143,4802.780552992597,68845339648,79609987072,nexus_2k_001179;nexus_2k_000800;nexus_2k_001178;nexus_2k_001550;nexus_2k_000083,snapshot/candidates/c1/run/updates-from0000000-1791371601630269956.jsonl
C1,855,854,0.3458780705928802,0.0001,4.20362582243979,4806.985934357159,53895892480,79609987072,nexus_2k_000869;nexus_2k_000872;nexus_2k_000447;nexus_2k_000020;nexus_2k_001150,snapshot/candidates/c1/run/updates-from0000000-1791371601630269956.jsonl
C1,856,855,0.31667919754981994,0.0001,3.6887947153300047,4810.675875254907,59162251776,79609987072,nexus_2k_001716;nexus_2k_000346;nexus_2k_001780;nexus_2k_001415;nexus_2k_001843,snapshot/candidates/c1/run/updates-from0000000-1791371601630269956.jsonl
C1,857,856,0.405942103266716,0.0001,4.857629964128137,4815.534152848646,69432937984,79609987072,nexus_2k_001577;nexus_2k_000796;nexus_2k_000675;nexus_2k_000167;nexus_2k_001216,snapshot/candidates/c1/run/updates-from0000000-1791371601630269956.jsonl
C1,858,857,0.3270968317985535,0.0001,4.189612611196935,4819.724527429789,58128631808,79609987072,nexus_2k_000084;nexus_2k_001045;nexus_2k_001692;nexus_2k_001317;nexus_2k_001439,snapshot/candidates/c1/run/updates-from0000000-1791371601630269956.jsonl
C1,859,858,0.3417430818080902,0.0001,4.8410891108214855,4824.56614063587,64433217024,79609987072,nexus_2k_001087;nexus_2k_001093;nexus_2k_001825;nexus_2k_000519;nexus_2k_000242,snapshot/candidates/c1/run/updates-from0000000-1791371601630269956.jsonl
C1,860,859,0.3244058549404144,0.0001,5.209527842700481,4829.7761854743585,60975065600,79609987072,nexus_2k_001211;nexus_2k_001085;nexus_2k_000823;nexus_2k_000840;nexus_2k_000815,snapshot/candidates/c1/run/updates-from0000000-1791371601630269956.jsonl
C1,861,860,0.2941690444946289,0.0001,5.552086963318288,4835.329082319513,68854396416,79609987072,nexus_2k_000118;nexus_2k_000869;nexus_2k_001087;nexus_2k_000083;nexus_2k_000872,snapshot/candidates/c1/run/updates-from0000000-1791371601630269956.jsonl
C1,862,861,0.470803427696228,0.0001,4.4034058433026075,4839.733333103359,56490221056,79609987072,nexus_2k_001216;nexus_2k_001483;nexus_2k_000053;nexus_2k_001179;nexus_2k_001577,snapshot/candidates/c1/run/updates-from0000000-1791371601630269956.jsonl
C1,863,862,0.3352929174900055,0.0001,4.612938358448446,4844.346870709211,57048210432,79609987072,nexus_2k_001045;nexus_2k_000823;nexus_2k_001716;nexus_2k_001439;nexus_2k_001178,snapshot/candidates/c1/run/updates-from0000000-1791371601630269956.jsonl
C1,864,863,0.3494887173175812,0.0001,7.0126669108867645,4851.3601322500035,68946928128,79609987072,nexus_2k_000280;nexus_2k_000142;nexus_2k_000800;nexus_2k_001792;nexus_2k_001331,snapshot/candidates/c1/run/updates-from0000000-1791371601630269956.jsonl
C1,865,864,0.3154891043901443,0.0001,7.041872652247548,4858.402922146022,64437471744,79609987072,nexus_2k_000783;nexus_2k_001093;nexus_2k_001550;nexus_2k_001317;nexus_2k_000935,snapshot/candidates/c1/run/updates-from0000000-1791371601630269956.jsonl
C1,866,865,0.2743804693222046,0.0001,3.947099038399756,4862.3509661424905,60954139648,79609987072,nexus_2k_001085;nexus_2k_000815;nexus_2k_000447;nexus_2k_001536;nexus_2k_001150,snapshot/candidates/c1/run/updates-from0000000-1791371601630269956.jsonl
C1,867,866,0.4349530816078186,0.0001,5.728332530707121,4868.079955576919,74167236608,79609987072,nexus_2k_001825;nexus_2k_000020;nexus_2k_001415;nexus_2k_000796;nexus_2k_000898,snapshot/candidates/c1/run/updates-from0000000-1791371601630269956.jsonl
C1,868,867,0.27366356551647186,0.0001,2.8368777884170413,4870.919487472624,46841742336,79609987072,nexus_2k_001843;nexus_2k_000074;nexus_2k_000346;nexus_2k_001692;nexus_2k_000084,snapshot/candidates/c1/run/updates-from0000000-1791371601630269956.jsonl
C1,869,868,0.43519778549671173,0.0001,5.050123608671129,4875.970256226137,71530823168,79609987072,nexus_2k_000952;nexus_2k_000675;nexus_2k_001232;nexus_2k_001780;nexus_2k_000519,snapshot/candidates/c1/run/updates-from0000000-1791371601630269956.jsonl
C1,870,869,0.44705896973609927,0.0001,6.326493464410305,4882.297245300375,69431303680,79609987072,nexus_2k_000840;nexus_2k_000242;nexus_2k_001211;nexus_2k_000167;nexus_2k_000283,snapshot/candidates/c1/run/updates-from0000000-1791371601630269956.jsonl
C1,871,870,0.3631239891052246,0.0001,4.57609539758414,4886.874182030559,74189709312,79609987072,nexus_2k_000118;nexus_2k_000898;nexus_2k_000053;nexus_2k_001843;nexus_2k_000519,snapshot/candidates/c1/run/updates-from0000000-1791371601630269956.jsonl
C1,872,871,0.3435193121433258,0.0001,4.101108125410974,4890.976433974691,54663527424,79609987072,nexus_2k_000242;nexus_2k_001825;nexus_2k_000084;nexus_2k_001331;nexus_2k_000447,snapshot/candidates/c1/run/updates-from0000000-1791371601630269956.jsonl
C1,873,872,0.2799683421850204,0.0001,5.148292800411582,4896.125573482364,62386797056,79609987072,nexus_2k_000020;nexus_2k_000872;nexus_2k_001550;nexus_2k_001211;nexus_2k_000840,snapshot/candidates/c1/run/updates-from0000000-1791371601630269956.jsonl
C1,874,873,0.3279829055070877,0.0001,6.493807819671929,4902.620292745531,71551239168,79609987072,nexus_2k_000283;nexus_2k_001317;nexus_2k_001045;nexus_2k_001439;nexus_2k_001232,snapshot/candidates/c1/run/updates-from0000000-1791371601630269956.jsonl
C1,875,874,0.4459022730588913,0.0001,3.8134434996172786,4906.43436588347,57053941760,79609987072,nexus_2k_000346;nexus_2k_001692;nexus_2k_001178;nexus_2k_001577;nexus_2k_001179,snapshot/candidates/c1/run/updates-from0000000-1791371601630269956.jsonl
C1,876,875,0.37083270251750944,0.0001,5.562830722890794,4911.997753819451,68882945024,79609987072,nexus_2k_001536;nexus_2k_000935;nexus_2k_000083;nexus_2k_001085;nexus_2k_000142,snapshot/candidates/c1/run/updates-from0000000-1791371601630269956.jsonl
C1,877,876,0.32300005853176117,0.0001,5.853968585841358,4917.852736575529,69578639872,79609987072,nexus_2k_001483;nexus_2k_000675;nexus_2k_001093;nexus_2k_000796;nexus_2k_000280,snapshot/candidates/c1/run/updates-from0000000-1791371601630269956.jsonl
C1,878,877,0.3136356770992279,0.0001,4.862014099024236,4922.715329789557,67751848960,79609987072,nexus_2k_000823;nexus_2k_000783;nexus_2k_000074;nexus_2k_001780;nexus_2k_000952,snapshot/candidates/c1/run/updates-from0000000-1791371601630269956.jsonl
C1,879,878,0.31904083490371704,0.0001,6.056357238441706,4928.772214712575,69437682176,79609987072,nexus_2k_001087;nexus_2k_001150;nexus_2k_001792;nexus_2k_000167;nexus_2k_000869,snapshot/candidates/c1/run/updates-from0000000-1791371601630269956.jsonl
C1,880,879,0.3202916502952576,0.0001,6.03803975880146,4934.811200924218,60973593600,79609987072,nexus_2k_000800;nexus_2k_001216;nexus_2k_001415;nexus_2k_000815;nexus_2k_001716,snapshot/candidates/c1/run/updates-from0000000-1791371601630269956.jsonl
C1,881,880,0.4297775387763977,0.0001,6.343365637585521,4941.1549855005,74183921664,79609987072,nexus_2k_001415;nexus_2k_000898;nexus_2k_001550;nexus_2k_001843;nexus_2k_000283,snapshot/candidates/c1/run/updates-from0000000-1791371601630269956.jsonl
C1,882,881,0.2912541478872299,0.0001,4.6538476860150695,4945.80927137658,71540790272,79609987072,nexus_2k_000020;nexus_2k_000118;nexus_2k_001216;nexus_2k_001232;nexus_2k_000796,snapshot/candidates/c1/run/updates-from0000000-1791371601630269956.jsonl
C1,883,882,0.2761164456605911,0.0001,5.867749442346394,4951.677404267713,68958961664,79609987072,nexus_2k_000935;nexus_2k_000083;nexus_2k_001211;nexus_2k_001045;nexus_2k_001716,snapshot/candidates/c1/run/updates-from0000000-1791371601630269956.jsonl
C1,884,883,0.4001778900623322,0.0001,5.361998533830047,4957.039955324493,58478887936,79609987072,nexus_2k_000783;nexus_2k_000519;nexus_2k_001483;nexus_2k_001331;nexus_2k_000242,snapshot/candidates/c1/run/updates-from0000000-1791371601630269956.jsonl
C1,885,884,0.5880613535642624,0.0001,4.899414219893515,4961.939733940177,60959771648,79609987072,nexus_2k_000074;nexus_2k_000823;nexus_2k_001317;nexus_2k_000815;nexus_2k_000675,snapshot/candidates/c1/run/updates-from0000000-1791371601630269956.jsonl
C1,886,885,0.47622711658477784,0.0001,5.712477019988,4967.652621652931,62394550272,79609987072,nexus_2k_001439;nexus_2k_001780;nexus_2k_000869;nexus_2k_000800;nexus_2k_000142,snapshot/candidates/c1/run/updates-from0000000-1791371601630269956.jsonl
C1,887,886,0.3755902051925659,0.0001,4.948053299449384,4972.601724519394,69511414272,79609987072,nexus_2k_001825;nexus_2k_000346;nexus_2k_000840;nexus_2k_001085;nexus_2k_000280,snapshot/candidates/c1/run/updates-from0000000-1791371601630269956.jsonl
C1,888,887,0.33553695380687715,0.0001,4.967654455453157,4977.569823347032,59695890944,79609987072,nexus_2k_001792;nexus_2k_000053;nexus_2k_000872;nexus_2k_000084;nexus_2k_001577,snapshot/candidates/c1/run/updates-from0000000-1791371601630269956.jsonl
C1,889,888,0.4763727128505707,0.0001,4.672063741832972,4982.2426891587675,64430670336,79609987072,nexus_2k_001692;nexus_2k_001179;nexus_2k_001093;nexus_2k_000952;nexus_2k_001536,snapshot/candidates/c1/run/updates-from0000000-1791371601630269956.jsonl
C1,890,889,0.3899372309446335,0.0001,4.815964698791504,4987.05935790576,69437682176,79609987072,nexus_2k_001087;nexus_2k_000167;nexus_2k_000447;nexus_2k_001150;nexus_2k_001178,snapshot/candidates/c1/run/updates-from0000000-1791371601630269956.jsonl
C1,891,890,0.2389086127281189,0.0001,4.247870329767466,4991.30764837563,68946129408,79609987072,nexus_2k_000796;nexus_2k_001150;nexus_2k_001577;nexus_2k_001792;nexus_2k_001179,snapshot/candidates/c1/run/updates-from0000000-1791371601630269956.jsonl
C1,892,891,0.349804162979126,0.0001,4.262998150661588,4995.571303862147,62380933120,79609987072,nexus_2k_000118;nexus_2k_000823;nexus_2k_000084;nexus_2k_000800;nexus_2k_000840,snapshot/candidates/c1/run/updates-from0000000-1791371601630269956.jsonl
C1,893,892,0.524725005030632,0.0001,4.582644389942288,5000.1544611901045,57056690176,79609987072,nexus_2k_000447;nexus_2k_001692;nexus_2k_001178;nexus_2k_000952;nexus_2k_001331,snapshot/candidates/c1/run/updates-from0000000-1791371601630269956.jsonl
C1,894,893,0.3473273813724518,0.0001,4.96981857996434,5005.124759740196,60613428736,79609987072,nexus_2k_001045;nexus_2k_000935;nexus_2k_000142;nexus_2k_001536;nexus_2k_001550,snapshot/candidates/c1/run/updates-from0000000-1791371601630269956.jsonl
C1,895,894,0.40694938898086547,0.0001,5.609684255905449,5010.734808411449,71541874176,79609987072,nexus_2k_001843;nexus_2k_000675;nexus_2k_000519;nexus_2k_000783;nexus_2k_001232,snapshot/candidates/c1/run/updates-from0000000-1791371601630269956.jsonl
C1,896,895,0.4144458144903183,0.0001,5.7745275450870395,5016.509754142724,74187833344,79609987072,nexus_2k_000074;nexus_2k_000898;nexus_2k_001780;nexus_2k_001415;nexus_2k_001825,snapshot/candidates/c1/run/updates-from0000000-1791371601630269956.jsonl
C1,897,896,0.2881904453039169,0.0001,5.917928788810968,5022.428432141431,64423917056,79609987072,nexus_2k_001317;nexus_2k_000346;nexus_2k_000872;nexus_2k_001093;nexus_2k_000869,snapshot/candidates/c1/run/updates-from0000000-1791371601630269956.jsonl
C1,898,897,0.346516752243042,0.0001,6.060785996727645,5028.489597084932,69612577792,79609987072,nexus_2k_000815;nexus_2k_000280;nexus_2k_000053;nexus_2k_000242;nexus_2k_000283,snapshot/candidates/c1/run/updates-from0000000-1791371601630269956.jsonl
C1,899,898,0.2774814754724503,0.0001,4.149980767630041,5032.640452886932,56490221056,79609987072,nexus_2k_001216;nexus_2k_001087;nexus_2k_001483;nexus_2k_001085;nexus_2k_001716,snapshot/candidates/c1/run/updates-from0000000-1791371601630269956.jsonl
C1,900,899,0.35485763251781466,0.0001,6.874293231405318,5039.5151592427865,69470522880,79609987072,nexus_2k_001211;nexus_2k_000020;nexus_2k_000167;nexus_2k_001439;nexus_2k_000083,snapshot/candidates/c1/run/updates-from0000000-1791371601630269956.jsonl
C1,901,900,0.29995740950107574,0.0001,6.902779101394117,5046.418778264895,68942513152,79609987072,nexus_2k_000167;nexus_2k_001792;nexus_2k_000935;nexus_2k_000020;nexus_2k_001415,snapshot/candidates/c1/run/updates-from0000000-1791371601630269956.jsonl
C1,902,901,0.4626657605171204,0.0001,4.106213681399822,5050.5260451240465,57052326400,79609987072,nexus_2k_000242;nexus_2k_000823;nexus_2k_001178;nexus_2k_000675;nexus_2k_000084,snapshot/candidates/c1/run/updates-from0000000-1791371601630269956.jsonl
C1,903,902,0.3427565574645996,0.0001,3.5616170717403293,5054.088481274433,51591441920,79609987072,nexus_2k_001692;nexus_2k_000346;nexus_2k_000142;nexus_2k_000053;nexus_2k_001536,snapshot/candidates/c1/run/updates-from0000000-1791371601630269956.jsonl
C1,904,903,0.3751992881298065,0.0001,5.576614502817392,5059.6654647691175,62384062464,79609987072,nexus_2k_000869;nexus_2k_000800;nexus_2k_001045;nexus_2k_001483;nexus_2k_001577,snapshot/candidates/c1/run/updates-from0000000-1791371601630269956.jsonl
C2,1,0,2.0297832012176515,1.0000000000000002e-06,5.509216221980751,66.8639843640849,46829960192,50186944512,nexus_2k_001825;nexus_2k_000952;nexus_2k_001536;nexus_2k_001716;nexus_2k_001415,snapshot/candidates/c2/run/updates-from0000000-1791378077797736560.jsonl
C2,2,1,2.045522618293762,2.0000000000000003e-06,5.768413150683045,156.77403042279184,67231433728,71636615168,nexus_2k_000815;nexus_2k_001178;nexus_2k_000167;nexus_2k_001045;nexus_2k_000084,snapshot/candidates/c2/run/updates-from0000000-1791378077797736560.jsonl
C2,3,2,2.0071331024169923,3e-06,4.788062916137278,161.56541688740253,58836942336,71636615168,nexus_2k_000675;nexus_2k_001483;nexus_2k_001843;nexus_2k_000935;nexus_2k_000142,snapshot/candidates/c2/run/updates-from0000000-1791378077797736560.jsonl
C2,4,3,1.9285257577896118,4.000000000000001e-06,6.134806775487959,252.24806602485478,62426762240,71636615168,nexus_2k_000118;nexus_2k_000872;nexus_2k_000283;nexus_2k_000800;nexus_2k_001093,snapshot/candidates/c2/run/updates-from0000000-1791378077797736560.jsonl
C2,5,4,1.9884939670562745,5e-06,4.232777933590114,256.4813485080376,66588263936,71636615168,nexus_2k_001692;nexus_2k_000020;nexus_2k_000083;nexus_2k_001577;nexus_2k_001087,snapshot/candidates/c2/run/updates-from0000000-1791378077797736560.jsonl
C2,6,5,1.9923566818237304,6e-06,5.7935049487277865,262.2759604761377,71658393088,84102086656,nexus_2k_001150;nexus_2k_001232;nexus_2k_001179;nexus_2k_001085;nexus_2k_000898,snapshot/candidates/c2/run/updates-from0000000-1791378077797736560.jsonl
C2,7,6,1.983903956413269,7.000000000000001e-06,6.56732143368572,268.8437352348119,67226278912,74755080192,nexus_2k_001331;nexus_2k_000783;nexus_2k_000280;nexus_2k_001211;nexus_2k_000823,snapshot/candidates/c2/run/updates-from0000000-1791378077797736560.jsonl
C2,8,7,2.1593854427337646,8.000000000000001e-06,4.805526618845761,273.64964381046593,57445828608,74755080192,nexus_2k_001792;nexus_2k_000869;nexus_2k_001780;nexus_2k_000053;nexus_2k_000074,snapshot/candidates/c2/run/updates-from0000000-1791378077797736560.jsonl
C2,9,8,2.0399550437927245,9e-06,4.178096331655979,277.82818490080535,55355382272,74755080192,nexus_2k_001216;nexus_2k_000840;nexus_2k_000519;nexus_2k_001439;nexus_2k_000346,snapshot/candidates/c2/run/updates-from0000000-1791378077797736560.jsonl
C2,10,9,1.773839807510376,1e-05,4.131544388830662,281.9601683449,56539627520,74755080192,nexus_2k_001550;nexus_2k_001317;nexus_2k_000242;nexus_2k_000447;nexus_2k_000796,snapshot/candidates/c2/run/updates-from0000000-1791378077797736560.jsonl
C2,11,10,2.052074360847473,1.1000000000000001e-05,6.146598733961582,288.10757191479206,67242560512,74755080192,nexus_2k_000823;nexus_2k_000869;nexus_2k_001087;nexus_2k_000280;nexus_2k_000167,snapshot/candidates/c2/run/updates-from0000000-1791378077797736560.jsonl
C2,12,11,2.0185585021972656,1.2e-05,3.231413989327848,291.33949420880526,47915555840,75298242560,nexus_2k_000074;nexus_2k_001179;nexus_2k_000840;nexus_2k_001692;nexus_2k_000084,snapshot/candidates/c2/run/updates-from0000000-1791378077797736560.jsonl
C2,13,12,2.049034762382507,1.3000000000000001e-05,5.634654664434493,296.9753627711907,57445828608,75298242560,nexus_2k_001792;nexus_2k_001550;nexus_2k_000675;nexus_2k_000142;nexus_2k_001439,snapshot/candidates/c2/run/updates-from0000000-1791378077797736560.jsonl
C2,14,13,1.9707615613937377,1.4000000000000001e-05,6.084417277015746,303.0605477485806,69168097280,75298242560,nexus_2k_000447;nexus_2k_001232;nexus_2k_000083;nexus_2k_001536;nexus_2k_000952,snapshot/candidates/c2/run/updates-from0000000-1791378077797736560.jsonl
C2,15,14,1.9210020542144775,1.5e-05,4.809206016361713,307.8707013865933,57985490944,75298242560,nexus_2k_000242;nexus_2k_000283;nexus_2k_001577;nexus_2k_000020;nexus_2k_001415,snapshot/candidates/c2/run/updates-from0000000-1791378077797736560.jsonl
C2,16,15,1.9677379131317139,1.6000000000000003e-05,4.936485811136663,312.8078862419352,58840287744,75298242560,nexus_2k_001216;nexus_2k_000935;nexus_2k_001825;nexus_2k_001331;nexus_2k_001780,snapshot/candidates/c2/run/updates-from0000000-1791378077797736560.jsonl
C2,17,16,1.949845790863037,1.7000000000000003e-05,4.9519278490915895,317.7603384992108,59149085696,75298242560,nexus_2k_000346;nexus_2k_001716;nexus_2k_000872;nexus_2k_001483;nexus_2k_000815,snapshot/candidates/c2/run/updates-from0000000-1791378077797736560.jsonl
C2,18,17,1.8893179893493652,1.8e-05,4.723710555583239,322.4846759950742,60514725888,75298242560,nexus_2k_001211;nexus_2k_001843;nexus_2k_000800;nexus_2k_000519;nexus_2k_000053,snapshot/candidates/c2/run/updates-from0000000-1791378077797736560.jsonl
C2,19,18,1.8745901584625244,1.9e-05,4.41914021782577,326.9043159270659,62428325888,75298242560,nexus_2k_000118;nexus_2k_001085;nexus_2k_001317;nexus_2k_001045;nexus_2k_001093,snapshot/candidates/c2/run/updates-from0000000-1791378077797736560.jsonl
C2,20,19,1.9772706985473634,2e-05,5.93865851778537,332.84378852229565,71674310144,75610718208,nexus_2k_000783;nexus_2k_000898;nexus_2k_001178;nexus_2k_001150;nexus_2k_000796,snapshot/candidates/c2/run/updates-from0000000-1791378077797736560.jsonl
C2,21,20,1.859999418258667,2.1e-05,4.878045005723834,337.72233857307583,59141354496,75610718208,nexus_2k_000872;nexus_2k_000796;nexus_2k_000869;nexus_2k_001045;nexus_2k_000815,snapshot/candidates/c2/run/updates-from0000000-1791378077797736560.jsonl
C2,22,21,1.9882999181747436,2.2000000000000003e-05,4.132405690848827,341.85521075036377,52981993472,75610718208,nexus_2k_001577;nexus_2k_000840;nexus_2k_000447;nexus_2k_000952;nexus_2k_000823,snapshot/candidates/c2/run/updates-from0000000-1791378077797736560.jsonl
C2,23,22,1.8682439565658568,2.3000000000000003e-05,4.385321855545044,346.24159494880587,66592562688,75610718208,nexus_2k_000118;nexus_2k_000083;nexus_2k_001179;nexus_2k_001331;nexus_2k_000084,snapshot/candidates/c2/run/updates-from0000000-1791378077797736560.jsonl
C2,24,23,1.925070571899414,2.4e-05,4.412815975025296,350.6553050717339,67245181952,75610718208,nexus_2k_000346;nexus_2k_000142;nexus_2k_001780;nexus_2k_000280;nexus_2k_000675,snapshot/candidates/c2/run/updates-from0000000-1791378077797736560.jsonl
C2,25,24,2.0185096979141237,2.5e-05,4.528211764059961,355.184114751406,57481522176,75610718208,nexus_2k_000283;nexus_2k_001415;nexus_2k_001536;nexus_2k_001085;nexus_2k_000020,snapshot/candidates/c2/run/updates-from0000000-1791378077797736560.jsonl
C2,26,25,1.779608154296875,2.6000000000000002e-05,5.211770857684314,360.39666196890175,60500961792,75610718208,nexus_2k_001178;nexus_2k_001150;nexus_2k_000800;nexus_2k_001087;nexus_2k_000935,snapshot/candidates/c2/run/updates-from0000000-1791378077797736560.jsonl
C2,27,26,2.006783127784729,2.7000000000000002e-05,6.778627063147724,367.1758147981018,67151482880,75610718208,nexus_2k_000242;nexus_2k_001216;nexus_2k_001792;nexus_2k_000783;nexus_2k_000167,snapshot/candidates/c2/run/updates-from0000000-1791378077797736560.jsonl
C2,28,27,1.8114605665206909,2.8000000000000003e-05,4.557916113175452,371.7343157045543,56538933248,75610718208,nexus_2k_001550;nexus_2k_000074;nexus_2k_001843;nexus_2k_001317;nexus_2k_001825,snapshot/candidates/c2/run/updates-from0000000-1791378077797736560.jsonl
C2,29,28,1.9382343292236328,2.9e-05,5.851585892029107,377.5867447052151,62419783168,75610718208,nexus_2k_000898;nexus_2k_001483;nexus_2k_001211;nexus_2k_001716;nexus_2k_001692,snapshot/candidates/c2/run/updates-from0000000-1791378077797736560.jsonl
C2,30,29,1.8610228300094604,3e-05,5.967979176901281,383.5551650961861,69160951808,75610718208,nexus_2k_000053;nexus_2k_001232;nexus_2k_001439;nexus_2k_000519;nexus_2k_001093,snapshot/candidates/c2/run/updates-from0000000-1791378077797736560.jsonl
C2,31,30,1.8461124181747437,3.1e-05,3.898120328783989,387.4542150981724,59148331008,75610718208,nexus_2k_001843;nexus_2k_000519;nexus_2k_000815;nexus_2k_001536;nexus_2k_001085,snapshot/candidates/c2/run/updates-from0000000-1791378077797736560.jsonl
C2,32,31,1.8011034727096558,3.2000000000000005e-05,5.0145773366093636,392.469396578148,62430458880,75610718208,nexus_2k_001439;nexus_2k_001331;nexus_2k_000447;nexus_2k_000053;nexus_2k_001093,snapshot/candidates/c2/run/updates-from0000000-1791378077797736560.jsonl
C2,33,32,1.8407541036605835,3.3e-05,3.5467400308698416,396.0167223298922,50437118976,75610718208,nexus_2k_000675;nexus_2k_000142;nexus_2k_000020;nexus_2k_000242;nexus_2k_001179,snapshot/candidates/c2/run/updates-from0000000-1791378077797736560.jsonl
C2,34,33,1.7502804040908813,3.4000000000000007e-05,3.929806306026876,399.9473830908537,66591664640,75610718208,nexus_2k_000074;nexus_2k_001045;nexus_2k_000083;nexus_2k_000796;nexus_2k_000118,snapshot/candidates/c2/run/updates-from0000000-1791378077797736560.jsonl
C2,35,34,1.939089560508728,3.5e-05,5.820022293366492,405.76787955965847,58021829632,75610718208,nexus_2k_000783;nexus_2k_001577;nexus_2k_000283;nexus_2k_001550;nexus_2k_001216,snapshot/candidates/c2/run/updates-from0000000-1791378077797736560.jsonl
C2,36,35,1.820504856109619,3.6e-05,5.490046062506735,411.25848360545933,62419783168,75610718208,nexus_2k_000898;nexus_2k_001150;nexus_2k_001825;nexus_2k_001780;nexus_2k_000869,snapshot/candidates/c2/run/updates-from0000000-1791378077797736560.jsonl
C2,37,36,1.7296677350997924,3.7e-05,5.744604446925223,417.0036509260535,67148589568,75610718208,nexus_2k_000952;nexus_2k_000167;nexus_2k_000823;nexus_2k_001211;nexus_2k_001716,snapshot/candidates/c2/run/updates-from0000000-1791378077797736560.jsonl
C2,38,37,1.7091598987579346,3.8e-05,7.260338809341192,424.26475388463587,67281017856,75610718208,nexus_2k_001792;nexus_2k_000280;nexus_2k_001415;nexus_2k_001178;nexus_2k_001317,snapshot/candidates/c2/run/updates-from0000000-1791378077797736560.jsonl
C2,39,38,1.7622905492782592,3.9000000000000006e-05,5.530266352929175,429.79599968064576,69166911488,75610718208,nexus_2k_000840;nexus_2k_001483;nexus_2k_000872;nexus_2k_000084;nexus_2k_001232,snapshot/candidates/c2/run/updates-from0000000-1791378077797736560.jsonl
C2,40,39,1.5873430252075196,4e-05,4.450479200109839,434.2470525559038,60490715136,75610718208,nexus_2k_000346;nexus_2k_000800;nexus_2k_000935;nexus_2k_001087;nexus_2k_001692,snapshot/candidates/c2/run/updates-from0000000-1791378077797736560.jsonl
C2,41,40,1.652908492088318,4.1e-05,4.145174112170935,438.3926784005016,65560243200,75610718208,nexus_2k_000118;nexus_2k_000783;nexus_2k_001843;nexus_2k_001087;nexus_2k_001716,snapshot/candidates/c2/run/updates-from0000000-1791378077797736560.jsonl
C2,42,41,1.6761232614517212,4.2e-05,2.709983334876597,441.1030988553539,46850724864,75610718208,nexus_2k_001150;nexus_2k_000020;nexus_2k_001045;nexus_2k_001780;nexus_2k_000053,snapshot/candidates/c2/run/updates-from0000000-1791378077797736560.jsonl
C2,43,42,1.774188494682312,4.3e-05,4.354530565440655,445.4580412302166,58002931712,75610718208,nexus_2k_001179;nexus_2k_000796;nexus_2k_001536;nexus_2k_001825;nexus_2k_000283,snapshot/candidates/c2/run/updates-from0000000-1791378077797736560.jsonl
C2,44,43,1.646199917793274,4.4000000000000006e-05,6.187452797777951,451.64596260432154,66629687808,75610718208,nexus_2k_001483;nexus_2k_001415;nexus_2k_000083;nexus_2k_001331;nexus_2k_000142,snapshot/candidates/c2/run/updates-from0000000-1791378077797736560.jsonl
C2,45,44,1.6980224132537842,4.5e-05,4.2620615568012,455.90846884809434,55368722944,75610718208,nexus_2k_001577;nexus_2k_001550;nexus_2k_000084;nexus_2k_000675;nexus_2k_001439,snapshot/candidates/c2/run/updates-from0000000-1791378077797736560.jsonl
C2,46,45,1.6353915214538575,4.600000000000001e-05,6.268045179545879,462.176914406009,62419783168,75610718208,nexus_2k_000898;nexus_2k_000823;nexus_2k_001692;nexus_2k_000800;nexus_2k_001093,snapshot/candidates/c2/run/updates-from0000000-1791378077797736560.jsonl
C2,47,46,1.53826904296875,4.7e-05,7.502020034007728,469.6794254630804,69169484800,75610718208,nexus_2k_000869;nexus_2k_000872;nexus_2k_001211;nexus_2k_000280;nexus_2k_001232,snapshot/candidates/c2/run/updates-from0000000-1791378077797736560.jsonl
C2,48,47,1.661103653907776,4.8e-05,5.336914587765932,475.0170730855316,57445828608,75610718208,nexus_2k_001792;nexus_2k_000074;nexus_2k_001317;nexus_2k_000346;nexus_2k_001178,snapshot/candidates/c2/run/updates-from0000000-1791378077797736560.jsonl
C2,49,48,1.6228246212005615,4.9e-05,4.157147183082998,479.1746409581974,59144094720,75610718208,nexus_2k_000519;nexus_2k_000840;nexus_2k_001085;nexus_2k_000242;nexus_2k_000815,snapshot/candidates/c2/run/updates-from0000000-1791378077797736560.jsonl
C2,50,49,1.5698418617248535,5e-05,5.734792430885136,484.90990320034325,58859600384,75610718208,nexus_2k_000167;nexus_2k_001216;nexus_2k_000447;nexus_2k_000952;nexus_2k_000935,snapshot/candidates/c2/run/updates-from0000000-1791378077797736560.jsonl
C2,51,50,1.6292678356170653,5.1000000000000006e-05,4.5023003946989775,489.41257011238486,55513481728,75610718208,nexus_2k_000869;nexus_2k_001045;nexus_2k_001577;nexus_2k_001087;nexus_2k_001178,snapshot/candidates/c2/run/updates-from0000000-1791378077797736560.jsonl
C2,52,51,1.5948546886444093,5.2000000000000004e-05,4.827098430134356,494.2401014501229,57985490944,75610718208,nexus_2k_000242;nexus_2k_000142;nexus_2k_001692;nexus_2k_000283;nexus_2k_001317,snapshot/candidates/c2/run/updates-from0000000-1791378077797736560.jsonl
C2,53,52,1.5450793266296388,5.300000000000001e-05,4.489487678743899,498.7301488770172,57446061056,75610718208,nexus_2k_001825;nexus_2k_000447;nexus_2k_001216;nexus_2k_001415;nexus_2k_001843,snapshot/candidates/c2/run/updates-from0000000-1791378077797736560.jsonl
C2,54,53,1.5875692129135133,5.4000000000000005e-05,4.206599285826087,502.93725384771824,57351915008,75610718208,nexus_2k_000083;nexus_2k_001536;nexus_2k_000020;nexus_2k_000346;nexus_2k_001716,snapshot/candidates/c2/run/updates-from0000000-1791378077797736560.jsonl
C2,55,54,1.527417039871216,5.500000000000001e-05,6.660172731615603,509.5978899328038,62431754240,75610718208,nexus_2k_000280;nexus_2k_000053;nexus_2k_001439;nexus_2k_001093;nexus_2k_000800,snapshot/candidates/c2/run/updates-from0000000-1791378077797736560.jsonl
C2,56,55,1.6593770265579224,5.6000000000000006e-05,4.803726796992123,514.40213294141,59149872640,75610718208,nexus_2k_001085;nexus_2k_000519;nexus_2k_000935;nexus_2k_000815;nexus_2k_000840,snapshot/candidates/c2/run/updates-from0000000-1791378077797736560.jsonl
C2,57,56,1.4958789348602295,5.6999999999999996e-05,3.971953279338777,518.374618396163,67155501056,75610718208,nexus_2k_000796;nexus_2k_000167;nexus_2k_000118;nexus_2k_001150;nexus_2k_000675,snapshot/candidates/c2/run/updates-from0000000-1791378077797736560.jsonl
C2,58,57,1.5857918739318848,5.8e-05,7.10136547498405,525.4765356760472,71676562944,75923193856,nexus_2k_001550;nexus_2k_000084;nexus_2k_001232;nexus_2k_000898;nexus_2k_000783,snapshot/candidates/c2/run/updates-from0000000-1791378077797736560.jsonl
C2,59,58,1.5207340955734252,5.9e-05,5.070943626575172,530.5481235459447,57445828608,75923193856,nexus_2k_001792;nexus_2k_001483;nexus_2k_001331;nexus_2k_001179;nexus_2k_000074,snapshot/candidates/c2/run/updates-from0000000-1791378077797736560.jsonl
C2,60,59,1.5114652156829833,6e-05,4.954818804748356,535.5034953467548,60500310528,75923193856,nexus_2k_000823;nexus_2k_000872;nexus_2k_000952;nexus_2k_001211;nexus_2k_001780,snapshot/candidates/c2/run/updates-from0000000-1791378077797736560.jsonl
C2,61,60,1.4737191915512085,6.1e-05,3.86723876837641,539.3712830860168,66682851328,75923193856,nexus_2k_001045;nexus_2k_000346;nexus_2k_000118;nexus_2k_001792;nexus_2k_001150,snapshot/candidates/c2/run/updates-from0000000-1791378077797736560.jsonl
C2,62,61,1.5626304388046264,6.2e-05,5.222163278609514,544.5943987388164,67194460160,75923193856,nexus_2k_000083;nexus_2k_001087;nexus_2k_001692;nexus_2k_000519;nexus_2k_000167,snapshot/candidates/c2/run/updates-from0000000-1791378077797736560.jsonl
C2,63,62,1.509517216682434,6.3e-05,6.2107910653576255,550.8060023579746,71671746048,76235669504,nexus_2k_000447;nexus_2k_000869;nexus_2k_001577;nexus_2k_001211;nexus_2k_000898,snapshot/candidates/c2/run/updates-from0000000-1791378077797736560.jsonl
C2,64,63,1.388089156150818,6.400000000000001e-05,3.7660143272951245,554.5725721521303,49595869696,76235669504,nexus_2k_000935;nexus_2k_001780;nexus_2k_000053;nexus_2k_000675;nexus_2k_001843,snapshot/candidates/c2/run/updates-from0000000-1791378077797736560.jsonl
C2,65,64,1.4530337572097778,6.500000000000001e-05,5.5763382175937295,560.1496432544664,67242642432,76235669504,nexus_2k_000242;nexus_2k_001439;nexus_2k_000796;nexus_2k_000280;nexus_2k_001415,snapshot/candidates/c2/run/updates-from0000000-1791378077797736560.jsonl
C2,66,65,1.5165174722671508,6.6e-05,5.403766558505595,565.5539482850581,57979240448,76235669504,nexus_2k_001716;nexus_2k_000283;nexus_2k_001550;nexus_2k_001178;nexus_2k_000872,snapshot/candidates/c2/run/updates-from0000000-1791378077797736560.jsonl
C2,67,66,1.454008984565735,6.7e-05,4.764354754239321,570.3191393287852,59150722048,76235669504,nexus_2k_000840;nexus_2k_001825;nexus_2k_000815;nexus_2k_000074;nexus_2k_000823,snapshot/candidates/c2/run/updates-from0000000-1791378077797736560.jsonl
C2,68,67,1.382141399383545,6.800000000000001e-05,4.839499571360648,575.1592451315373,62441396224,76235669504,nexus_2k_000142;nexus_2k_001085;nexus_2k_000084;nexus_2k_001317;nexus_2k_001093,snapshot/candidates/c2/run/updates-from0000000-1791378077797736560.jsonl
C2,69,68,1.52324538230896,6.9e-05,3.820370104163885,578.9801429184154,49751255040,76235669504,nexus_2k_001179;nexus_2k_000020;nexus_2k_001216;nexus_2k_001536;nexus_2k_001331,snapshot/candidates/c2/run/updates-from0000000-1791378077797736560.jsonl
C2,70,69,1.4898422479629516,7e-05,7.348748206160963,586.3293633162975,69158867456,76235669504,nexus_2k_000952;nexus_2k_000783;nexus_2k_000800;nexus_2k_001232;nexus_2k_001483,snapshot/candidates/c2/run/updates-from0000000-1791378077797736560.jsonl
C2,71,70,1.4449710607528687,7.1e-05,3.7471868274733424,590.077212032862,66700677120,76235669504,nexus_2k_000084;nexus_2k_001045;nexus_2k_000118;nexus_2k_001843;nexus_2k_001792,snapshot/candidates/c2/run/updates-from0000000-1791378077797736560.jsonl
C2,72,71,1.6461717128753661,7.2e-05,6.385028122924268,596.4626289950684,65579682816,76235669504,nexus_2k_000167;nexus_2k_000053;nexus_2k_000952;nexus_2k_000783;nexus_2k_001483,snapshot/candidates/c2/run/updates-from0000000-1791378077797736560.jsonl
C2,73,72,1.5058247804641725,7.3e-05,4.431661365553737,600.8947276864201,60485027840,76235669504,nexus_2k_001536;nexus_2k_001150;nexus_2k_000823;nexus_2k_000142;nexus_2k_000800,snapshot/candidates/c2/run/updates-from0000000-1791378077797736560.jsonl
C2,74,73,1.4125964164733886,7.4e-05,6.0707978149876,606.9660138813779,66592898560,76235669504,nexus_2k_000242;nexus_2k_001439;nexus_2k_001093;nexus_2k_000083;nexus_2k_001577,snapshot/candidates/c2/run/updates-from0000000-1791378077797736560.jsonl
C2,75,74,1.4149534940719604,7.500000000000001e-05,4.214741142466664,611.1811536829919,71658685952,76235669504,nexus_2k_001692;nexus_2k_000898;nexus_2k_000519;nexus_2k_000020;nexus_2k_000447,snapshot/candidates/c2/run/updates-from0000000-1791378077797736560.jsonl
C2,76,75,1.4054632425308227,7.6e-05,4.095913200639188,615.2779603693634,67245181952,76235669504,nexus_2k_000346;nexus_2k_000074;nexus_2k_000675;nexus_2k_001085;nexus_2k_000280,snapshot/candidates/c2/run/updates-from0000000-1791378077797736560.jsonl
C2,77,76,1.6689468383789063,7.7e-05,4.1245622942224145,619.403199586086,53286740992,76235669504,nexus_2k_001216;nexus_2k_001825;nexus_2k_000796;nexus_2k_001716;nexus_2k_000840,snapshot/candidates/c2/run/updates-from0000000-1791378077797736560.jsonl
C2,78,77,1.4770806312561036,7.800000000000001e-05,4.997144466266036,624.4008199479431,59148828672,76235669504,nexus_2k_001179;nexus_2k_000815;nexus_2k_001087;nexus_2k_000872;nexus_2k_001178,snapshot/candidates/c2/run/updates-from0000000-1791378077797736560.jsonl
C2,79,78,1.2680046796798705,7.900000000000001e-05,6.386591395363212,630.7879619114101,60512942592,76235669504,nexus_2k_001415;nexus_2k_001331;nexus_2k_001317;nexus_2k_001211;nexus_2k_000935,snapshot/candidates/c2/run/updates-from0000000-1791378077797736560.jsonl
C2,80,79,1.4674944400787353,8e-05,6.117518267594278,636.906213064678,69162987520,76235669504,nexus_2k_001780;nexus_2k_000283;nexus_2k_000869;nexus_2k_001232;nexus_2k_001550,snapshot/candidates/c2/run/updates-from0000000-1791378077797736560.jsonl
C2,81,80,1.375112247467041,8.1e-05,6.0933061661198735,643.0000152578577,71667074560,76235669504,nexus_2k_000346;nexus_2k_000142;nexus_2k_000815;nexus_2k_000898;nexus_2k_001483,snapshot/candidates/c2/run/updates-from0000000-1791378077797736560.jsonl
C2,82,81,1.5203955888748169,8.2e-05,4.910047635436058,647.9104920737445,58001110016,76235669504,nexus_2k_001415;nexus_2k_000242;nexus_2k_000675;nexus_2k_000283;nexus_2k_000840,snapshot/candidates/c2/run/updates-from0000000-1791378077797736560.jsonl
C2,83,82,1.3424098014831543,8.3e-05,5.155244620516896,653.0663758851588,67161112576,76235669504,nexus_2k_001093;nexus_2k_001179;nexus_2k_001087;nexus_2k_001716;nexus_2k_000167,snapshot/candidates/c2/run/updates-from0000000-1791378077797736560.jsonl
C2,84,83,1.4629115104675292,8.4e-05,6.68181440141052,659.7486917171627,69163607552,76235669504,nexus_2k_001536;nexus_2k_001792;nexus_2k_001577;nexus_2k_001232;nexus_2k_001211,snapshot/candidates/c2/run/updates-from0000000-1791378077797736560.jsonl
C2,85,84,1.3203166246414184,8.5e-05,5.208983356133103,664.9581154529005,60503285760,76235669504,nexus_2k_000280;nexus_2k_001780;nexus_2k_000796;nexus_2k_000800;nexus_2k_001550,snapshot/candidates/c2/run/updates-from0000000-1791378077797736560.jsonl
C2,86,85,1.4723891258239745,8.6e-05,3.9976077945902944,668.9561456982046,55362824704,76235669504,nexus_2k_001085;nexus_2k_000823;nexus_2k_001216;nexus_2k_001439;nexus_2k_001150,snapshot/candidates/c2/run/updates-from0000000-1791378077797736560.jsonl
C2,87,86,1.3917210578918457,8.7e-05,5.011560330167413,673.9681726349518,58836561920,76235669504,nexus_2k_000952;nexus_2k_000869;nexus_2k_000447;nexus_2k_000935;nexus_2k_000074,snapshot/candidates/c2/run/updates-from0000000-1791378077797736560.jsonl
C2,88,87,1.4007909536361693,8.800000000000001e-05,4.680400037206709,678.649024894461,66590210560,76235669504,nexus_2k_000519;nexus_2k_001317;nexus_2k_001843;nexus_2k_000020;nexus_2k_000083,snapshot/candidates/c2/run/updates-from0000000-1791378077797736560.jsonl
C2,89,88,1.3316529512405395,8.900000000000001e-05,4.273651661351323,682.9230702081695,53281333760,76235669504,nexus_2k_000872;nexus_2k_001825;nexus_2k_000118;nexus_2k_001331;nexus_2k_001692,snapshot/candidates/c2/run/updates-from0000000-1791378077797736560.jsonl
C2,90,89,1.5739866971969605,9e-05,4.558806869201362,687.4822597056627,65560100864,76235669504,nexus_2k_000053;nexus_2k_001045;nexus_2k_000783;nexus_2k_001178;nexus_2k_000084,snapshot/candidates/c2/run/updates-from0000000-1791378077797736560.jsonl
C2,91,90,1.4072234869003295,9.1e-05,6.359689121134579,693.8423404339701,65587347456,76235669504,nexus_2k_000800;nexus_2k_001483;nexus_2k_001536;nexus_2k_000783;nexus_2k_001439,snapshot/candidates/c2/run/updates-from0000000-1791378077797736560.jsonl
C2,92,91,1.3966062545776368,9.200000000000001e-05,4.549050487577915,698.3919564839453,57462872064,76235669504,nexus_2k_001577;nexus_2k_001178;nexus_2k_001179;nexus_2k_001085;nexus_2k_001415,snapshot/candidates/c2/run/updates-from0000000-1791378077797736560.jsonl
C2,93,92,1.369568109512329,9.300000000000001e-05,3.8412226801738143,702.2336520561948,58844588544,76235669504,nexus_2k_000840;nexus_2k_001780;nexus_2k_000020;nexus_2k_000447;nexus_2k_000935,snapshot/candidates/c2/run/updates-from0000000-1791378077797736560.jsonl
C2,94,93,1.3409462451934815,9.4e-05,5.684935260564089,707.9192354818806,66619891200,76235669504,nexus_2k_001792;nexus_2k_000869;nexus_2k_000084;nexus_2k_001692;nexus_2k_000083,snapshot/candidates/c2/run/updates-from0000000-1791378077797736560.jsonl
C2,95,94,1.454282569885254,9.5e-05,4.641872085630894,712.5616220850497,57989872640,76235669504,nexus_2k_000519;nexus_2k_001716;nexus_2k_000283;nexus_2k_001550;nexus_2k_000142,snapshot/candidates/c2/run/updates-from0000000-1791378077797736560.jsonl
C2,96,95,1.370790696144104,9.6e-05,6.075823582708836,718.6381413508207,71659550208,76235669504,nexus_2k_001087;nexus_2k_001232;nexus_2k_000898;nexus_2k_000872;nexus_2k_001045,snapshot/candidates/c2/run/updates-from0000000-1791378077797736560.jsonl
C2,97,96,1.3368725538253785,9.7e-05,5.865522623993456,724.5043383399025,67182458880,76235669504,nexus_2k_000280;nexus_2k_000167;nexus_2k_001211;nexus_2k_000796;nexus_2k_001150,snapshot/candidates/c2/run/updates-from0000000-1791378077797736560.jsonl
C2,98,97,1.3469343185424805,9.8e-05,5.064384947530925,729.5695161875337,56521841664,76235669504,nexus_2k_001825;nexus_2k_001317;nexus_2k_001216;nexus_2k_000952;nexus_2k_000118,snapshot/candidates/c2/run/updates-from0000000-1791378077797736560.jsonl
C2,99,98,1.4071718215942384,9.900000000000001e-05,4.427169276401401,733.9973354255781,62428295168,76235669504,nexus_2k_000053;nexus_2k_001093;nexus_2k_001331;nexus_2k_001843;nexus_2k_000823,snapshot/candidates/c2/run/updates-from0000000-1791378077797736560.jsonl
C2,100,99,1.3405868053436278,0.0001,4.0175461284816265,738.015351283364,59146730496,76235669504,nexus_2k_000675;nexus_2k_000074;nexus_2k_000346;nexus_2k_000815;nexus_2k_000242,snapshot/candidates/c2/run/updates-from0000000-1791378077797736560.jsonl
C2,101,100,1.317826747894287,0.0001,5.8378199227154255,743.8537433603778,65592352768,76235669504,nexus_2k_000283;nexus_2k_001178;nexus_2k_000783;nexus_2k_000872;nexus_2k_000084,snapshot/candidates/c2/run/updates-from0000000-1791378077797736560.jsonl
C2,102,101,1.406526303291321,0.0001,4.4034219160676,748.2577437656,51250350080,76235669504,nexus_2k_000800;nexus_2k_001716;nexus_2k_001216;nexus_2k_000823;nexus_2k_000346,snapshot/candidates/c2/run/updates-from0000000-1791378077797736560.jsonl
C2,103,102,1.496839952468872,0.0001,5.695504352450371,753.9538658857346,66695516160,76235669504,nexus_2k_000869;nexus_2k_001415;nexus_2k_001792;nexus_2k_001577;nexus_2k_001780,snapshot/candidates/c2/run/updates-from0000000-1791378077797736560.jsonl
C2,104,103,1.3599572658538819,0.0001,4.723060477524996,758.6774771735072,58019685376,76235669504,nexus_2k_000280;nexus_2k_001536;nexus_2k_000242;nexus_2k_000142;nexus_2k_001692,snapshot/candidates/c2/run/updates-from0000000-1791378077797736560.jsonl
C2,105,104,1.5395485162734985,0.0001,4.746285636909306,763.4246612153947,67155501056,76235669504,nexus_2k_000796;nexus_2k_000167;nexus_2k_000053;nexus_2k_001439;nexus_2k_001843,snapshot/candidates/c2/run/updates-from0000000-1791378077797736560.jsonl
C2,106,105,1.3027029275894164,0.0001,5.8541759653016925,769.2794499564916,62419783168,76235669504,nexus_2k_000898;nexus_2k_001093;nexus_2k_001085;nexus_2k_001317;nexus_2k_001045,snapshot/candidates/c2/run/updates-from0000000-1791378077797736560.jsonl
C2,107,106,1.3975451469421387,0.0001,4.805328447371721,774.0853787166998,58848084480,76235669504,nexus_2k_000447;nexus_2k_001331;nexus_2k_000935;nexus_2k_000675;nexus_2k_001483,snapshot/candidates/c2/run/updates-from0000000-1791378077797736560.jsonl
C2,108,107,1.2583688020706176,0.0001,4.247982936911285,778.3338931053877,59140697088,76235669504,nexus_2k_001150;nexus_2k_000815;nexus_2k_000118;nexus_2k_001825;nexus_2k_001087,snapshot/candidates/c2/run/updates-from0000000-1791378077797736560.jsonl
C2,109,108,1.2386127948760985,0.0001,4.975473177619278,783.3097542487085,59918694400,76235669504,nexus_2k_001232;nexus_2k_000519;nexus_2k_000074;nexus_2k_001550;nexus_2k_000840,snapshot/candidates/c2/run/updates-from0000000-1791378077797736560.jsonl
C2,110,109,1.298745083808899,0.0001,5.413976104930043,788.7241333173588,66590099456,76235669504,nexus_2k_000952;nexus_2k_001179;nexus_2k_000020;nexus_2k_000083;nexus_2k_001211,snapshot/candidates/c2/run/updates-from0000000-1791378077797736560.jsonl
C2,111,110,1.4065168857574464,0.0001,3.4360057581216097,792.1606219690293,52562752512,76235669504,nexus_2k_000053;nexus_2k_001843;nexus_2k_001780;nexus_2k_000118;nexus_2k_000872,snapshot/candidates/c2/run/updates-from0000000-1791378077797736560.jsonl
C2,112,111,1.3333428621292114,0.0001,5.152120957151055,797.313214128837,71665489408,76235669504,nexus_2k_000020;nexus_2k_000898;nexus_2k_001085;nexus_2k_000800;nexus_2k_000519,snapshot/candidates/c2/run/updates-from0000000-1791378077797736560.jsonl
C2,113,112,1.240162467956543,0.0001,4.646499863825738,801.9601168427616,60512942592,76235669504,nexus_2k_001415;nexus_2k_000823;nexus_2k_000074;nexus_2k_001211;nexus_2k_001045,snapshot/candidates/c2/run/updates-from0000000-1791378077797736560.jsonl
C2,114,113,1.3028473615646363,0.0001,6.391019883565605,808.3515346758068,66693763072,76235669504,nexus_2k_001536;nexus_2k_000083;nexus_2k_001331;nexus_2k_001439;nexus_2k_001792,snapshot/candidates/c2/run/updates-from0000000-1791378077797736560.jsonl
C2,115,114,1.3816462516784669,0.0001,6.441251456737518,814.7933694990352,67161112576,76235669504,nexus_2k_001093;nexus_2k_000167;nexus_2k_001692;nexus_2k_001317;nexus_2k_000815,snapshot/candidates/c2/run/updates-from0000000-1791378077797736560.jsonl
C2,116,115,1.3174872398376465,0.0001,6.409996786154807,821.2039487399161,69176116224,76235669504,nexus_2k_001483;nexus_2k_000280;nexus_2k_000084;nexus_2k_001550;nexus_2k_001232,snapshot/candidates/c2/run/updates-from0000000-1791378077797736560.jsonl
C2,117,116,1.3139238357543945,0.0001,4.731309619732201,825.9357442809269,53298555904,76235669504,nexus_2k_001178;nexus_2k_000952;nexus_2k_001825;nexus_2k_000346;nexus_2k_001716,snapshot/candidates/c2/run/updates-from0000000-1791378077797736560.jsonl
C2,118,117,1.2286053895950317,0.0001,4.942773729562759,830.8792336201295,58848084480,76235669504,nexus_2k_000447;nexus_2k_000840;nexus_2k_000283;nexus_2k_001577;nexus_2k_000935,snapshot/candidates/c2/run/updates-from0000000-1791378077797736560.jsonl
C2,119,118,1.2676007270812988,0.0001,4.275437467731535,835.1551812905818,57192334336,76235669504,nexus_2k_000242;nexus_2k_000869;nexus_2k_001216;nexus_2k_001179;nexus_2k_000675,snapshot/candidates/c2/run/updates-from0000000-1791378077797736560.jsonl
C2,120,119,1.2334605216979981,0.0001,4.345062971115112,839.5010772217065,56316617728,76235669504,nexus_2k_000783;nexus_2k_001087;nexus_2k_000142;nexus_2k_000796;nexus_2k_001150,snapshot/candidates/c2/run/updates-from0000000-1791378077797736560.jsonl
C2,121,120,1.1850769758224486,0.0001,3.985161419957876,843.4866523044184,57196060672,76235669504,nexus_2k_001780;nexus_2k_001085;nexus_2k_000053;nexus_2k_001331;nexus_2k_000869,snapshot/candidates/c2/run/updates-from0000000-1791378077797736560.jsonl
C2,122,121,1.177394413948059,0.0001,6.077657403424382,849.5646716831252,67166777344,76235669504,nexus_2k_001415;nexus_2k_000083;nexus_2k_000167;nexus_2k_000447;nexus_2k_000242,snapshot/candidates/c2/run/updates-from0000000-1791378077797736560.jsonl
C2,123,122,1.3075186729431152,0.0001,3.7170964553952217,853.2821720540524,59140697088,76235669504,nexus_2k_001692;nexus_2k_000815;nexus_2k_000084;nexus_2k_001087;nexus_2k_001716,snapshot/candidates/c2/run/updates-from0000000-1791378077797736560.jsonl
C2,124,123,1.2954431295394897,0.0001,7.02783368062228,860.3104947125539,71667057152,76235669504,nexus_2k_001179;nexus_2k_001232;nexus_2k_001550;nexus_2k_000898;nexus_2k_001093,snapshot/candidates/c2/run/updates-from0000000-1791378077797736560.jsonl
C2,125,124,1.2154170751571656,0.0001,5.952955557964742,866.2642896585166,58853173760,76235669504,nexus_2k_000280;nexus_2k_000935;nexus_2k_000840;nexus_2k_001536;nexus_2k_001178,snapshot/candidates/c2/run/updates-from0000000-1791378077797736560.jsonl
C2,126,125,1.2416942596435547,0.0001,5.084523695521057,871.349334070459,66692288512,76235669504,nexus_2k_000796;nexus_2k_000346;nexus_2k_000800;nexus_2k_001577;nexus_2k_001792,snapshot/candidates/c2/run/updates-from0000000-1791378077797736560.jsonl
C2,127,126,1.1261399030685424,0.0001,4.94304527528584,876.2928674090654,60495854080,76235669504,nexus_2k_001045;nexus_2k_001439;nexus_2k_000118;nexus_2k_001211;nexus_2k_000872,snapshot/candidates/c2/run/updates-from0000000-1791378077797736560.jsonl
C2,128,127,1.3292070865631103,0.0001,4.192727563902736,880.4861510349438,57989297152,76235669504,nexus_2k_000823;nexus_2k_001843;nexus_2k_000283;nexus_2k_000142;nexus_2k_000519,snapshot/candidates/c2/run/updates-from0000000-1791378077797736560.jsonl
C2,129,128,1.218203854560852,0.0001,5.162924543023109,885.6496063154191,56316617728,76235669504,nexus_2k_000783;nexus_2k_000020;nexus_2k_001825;nexus_2k_001483;nexus_2k_000074,snapshot/candidates/c2/run/updates-from0000000-1791378077797736560.jsonl
C2,130,129,1.250839614868164,0.0001,4.492522045969963,890.1425377875566,52965323776,76235669504,nexus_2k_001317;nexus_2k_001150;nexus_2k_000952;nexus_2k_001216;nexus_2k_000675,snapshot/candidates/c2/run/updates-from0000000-1791378077797736560.jsonl
C2,131,130,1.1456276655197144,0.0001,3.434637973085046,893.577585702762,51678722560,76235669504,nexus_2k_001085;nexus_2k_001550;nexus_2k_001087;nexus_2k_001843;nexus_2k_000242,snapshot/candidates/c2/run/updates-from0000000-1791378077797736560.jsonl
C2,132,131,1.3157617568969726,0.0001,6.361239843070507,899.9394344119355,65557578752,76235669504,nexus_2k_000872;nexus_2k_001317;nexus_2k_000783;nexus_2k_000283;nexus_2k_001331,snapshot/candidates/c2/run/updates-from0000000-1791378077797736560.jsonl
C2,133,132,1.194426965713501,0.0001,4.897714605554938,904.8382732281461,67189080064,76235669504,nexus_2k_001211;nexus_2k_000167;nexus_2k_000084;nexus_2k_001716;nexus_2k_000346,snapshot/candidates/c2/run/updates-from0000000-1791378077797736560.jsonl
C2,134,133,1.259505820274353,0.0001,5.8419718015939,910.6807600241154,66693087232,76235669504,nexus_2k_000840;nexus_2k_000074;nexus_2k_001792;nexus_2k_001825;nexus_2k_001093,snapshot/candidates/c2/run/updates-from0000000-1791378077797736560.jsonl
C2,135,134,1.425342869758606,0.0001,3.493048950098455,914.1742496127263,57196060672,76235669504,nexus_2k_001780;nexus_2k_001692;nexus_2k_000869;nexus_2k_000796;nexus_2k_000053,snapshot/candidates/c2/run/updates-from0000000-1791378077797736560.jsonl
C2,136,135,1.1477432250976562,0.0001,5.791709031909704,919.9663554774597,66588384768,76235669504,nexus_2k_001150;nexus_2k_001439;nexus_2k_000815;nexus_2k_001216;nexus_2k_000083,snapshot/candidates/c2/run/updates-from0000000-1791378077797736560.jsonl
C2,137,136,1.2068002462387084,0.0001,4.6795705100521445,924.6463097259402,60482920448,76235669504,nexus_2k_001045;nexus_2k_001415;nexus_2k_000118;nexus_2k_001536;nexus_2k_000800,snapshot/candidates/c2/run/updates-from0000000-1791378077797736560.jsonl
C2,138,137,1.1599693536758422,0.0001,4.350770117715001,928.9975631609559,69161680896,76235669504,nexus_2k_000020;nexus_2k_001179;nexus_2k_000823;nexus_2k_000447;nexus_2k_001232,snapshot/candidates/c2/run/updates-from0000000-1791378077797736560.jsonl
C2,139,138,1.2155068159103393,0.0001,6.120270376093686,935.1182090379298,71674488320,76235669504,nexus_2k_001577;nexus_2k_000142;nexus_2k_001483;nexus_2k_000952;nexus_2k_000898,snapshot/candidates/c2/run/updates-from0000000-1791378077797736560.jsonl
C2,140,139,1.3087302446365356,0.0001,5.622009803541005,940.7407022463158,58853173760,76235669504,nexus_2k_000280;nexus_2k_000519;nexus_2k_000675;nexus_2k_001178;nexus_2k_000935,snapshot/candidates/c2/run/updates-from0000000-1791378077797736560.jsonl
C2,141,140,1.349130892753601,0.0001,6.331228302791715,947.0734575157985,58859522560,76235669504,nexus_2k_000167;nexus_2k_000935;nexus_2k_000869;nexus_2k_000142;nexus_2k_001216,snapshot/candidates/c2/run/updates-from0000000-1791378077797736560.jsonl
C2,142,141,1.1860105037689208,0.0001,4.78428272344172,951.8581913057715,62463494144,76235669504,nexus_2k_000800;nexus_2k_001843;nexus_2k_001093;nexus_2k_000053;nexus_2k_000447,snapshot/candidates/c2/run/updates-from0000000-1791378077797736560.jsonl
C2,143,142,1.1873662710189818,0.0001,4.2289183884859085,956.0874714264646,55522309120,76235669504,nexus_2k_001550;nexus_2k_001179;nexus_2k_001178;nexus_2k_001085;nexus_2k_001577,snapshot/candidates/c2/run/updates-from0000000-1791378077797736560.jsonl
C2,144,143,1.2211453199386597,0.0001,6.967248456552625,963.0550621617585,71663186432,76235669504,nexus_2k_000952;nexus_2k_000872;nexus_2k_000898;nexus_2k_001211;nexus_2k_001439,snapshot/candidates/c2/run/updates-from0000000-1791378077797736560.jsonl
C2,145,144,1.1632896661758423,0.0001,4.480282963253558,967.5358324022964,67255143424,76235669504,nexus_2k_000084;nexus_2k_001150;nexus_2k_000283;nexus_2k_000280;nexus_2k_000346,snapshot/candidates/c2/run/updates-from0000000-1791378077797736560.jsonl
C2,146,145,1.107944369316101,0.0001,2.969467166811228,970.5058723967522,46854571008,76235669504,nexus_2k_000118;nexus_2k_001716;nexus_2k_000675;nexus_2k_001780;nexus_2k_001045,snapshot/candidates/c2/run/updates-from0000000-1791378077797736560.jsonl
C2,147,146,1.2161338329315186,0.0001,4.3843593979254365,974.8906727693975,66692288512,76235669504,nexus_2k_000796;nexus_2k_000823;nexus_2k_001087;nexus_2k_001536;nexus_2k_001792,snapshot/candidates/c2/run/updates-from0000000-1791378077797736560.jsonl
C2,148,147,1.2404634475708007,0.0001,6.66534433234483,981.556627754122,69176119808,76235669504,nexus_2k_001483;nexus_2k_000519;nexus_2k_001317;nexus_2k_000783;nexus_2k_001232,snapshot/candidates/c2/run/updates-from0000000-1791378077797736560.jsonl
C2,149,148,1.1554874181747437,0.0001,4.882128109224141,986.4393358966336,59128785920,76235669504,nexus_2k_001331;nexus_2k_000020;nexus_2k_000074;nexus_2k_000815;nexus_2k_001415,snapshot/candidates/c2/run/updates-from0000000-1791378077797736560.jsonl
C2,150,149,1.0875199794769288,0.0001,4.914231832139194,991.3540280526504,57351915008,76235669504,nexus_2k_000083;nexus_2k_001825;nexus_2k_001692;nexus_2k_000840;nexus_2k_000242,snapshot/candidates/c2/run/updates-from0000000-1791378077797736560.jsonl
C2,151,150,1.1726078748703004,0.0001,3.7825099397450686,995.1369948238134,62442194944,76235669504,nexus_2k_000084;nexus_2k_001093;nexus_2k_000242;nexus_2k_001045;nexus_2k_001085,snapshot/candidates/c2/run/updates-from0000000-1791378077797736560.jsonl
C2,152,151,1.1136883020401,0.0001,6.003267313353717,1001.1408268548548,69193753088,76235669504,nexus_2k_001211;nexus_2k_001780;nexus_2k_001577;nexus_2k_001439;nexus_2k_001232,snapshot/candidates/c2/run/updates-from0000000-1791378077797736560.jsonl
C2,153,152,1.2361779928207397,0.0001,4.4786188416182995,1005.6204868955538,66687954944,76235669504,nexus_2k_000020;nexus_2k_000074;nexus_2k_000142;nexus_2k_000519;nexus_2k_001792,snapshot/candidates/c2/run/updates-from0000000-1791378077797736560.jsonl
C2,154,153,1.1466054677963258,0.0001,6.359421934001148,1011.9803910320625,65594121216,76235669504,nexus_2k_000083;nexus_2k_001415;nexus_2k_001087;nexus_2k_000783;nexus_2k_001550,snapshot/candidates/c2/run/updates-from0000000-1791378077797736560.jsonl
C2,155,154,1.1502545118331908,0.0001,6.658454576507211,1018.639527422376,71657870848,76235669504,nexus_2k_001825;nexus_2k_000898;nexus_2k_000869;nexus_2k_001536;nexus_2k_000815,snapshot/candidates/c2/run/updates-from0000000-1791378077797736560.jsonl
C2,156,155,1.1337384462356568,0.0001,6.8410230204463005,1025.4812607951462,67288708608,76235669504,nexus_2k_000800;nexus_2k_001179;nexus_2k_000280;nexus_2k_000935;nexus_2k_000167,snapshot/candidates/c2/run/updates-from0000000-1791378077797736560.jsonl
C2,157,156,1.2354571342468261,0.0001,4.502094715833664,1029.9839889789,52570432000,76235669504,nexus_2k_001483;nexus_2k_000118;nexus_2k_000823;nexus_2k_000840;nexus_2k_000872,snapshot/candidates/c2/run/updates-from0000000-1791378077797736560.jsonl
C2,158,157,1.2712315320968628,0.0001,4.209140554070473,1034.1941482787952,56523543552,76235669504,nexus_2k_000053;nexus_2k_000346;nexus_2k_001317;nexus_2k_001178;nexus_2k_000796,snapshot/candidates/c2/run/updates-from0000000-1791378077797736560.jsonl
C2,159,158,1.093518352508545,0.0001,4.010501885786653,1038.2054418325424,58004970496,76235669504,nexus_2k_001843;nexus_2k_001716;nexus_2k_000283;nexus_2k_001692;nexus_2k_001331,snapshot/candidates/c2/run/updates-from0000000-1791378077797736560.jsonl
C2,160,159,1.1290583610534668,0.0001,3.8125932132825255,1042.0186776826158,49404221952,76235669504,nexus_2k_000952;nexus_2k_000675;nexus_2k_001150;nexus_2k_001216;nexus_2k_000447,snapshot/candidates/c2/run/updates-from0000000-1791378077797736560.jsonl
C2,161,160,1.1212610483169556,0.0001,4.749190051108599,1046.7683593416587,71665489408,76235669504,nexus_2k_000020;nexus_2k_000447;nexus_2k_000898;nexus_2k_000084;nexus_2k_000952,snapshot/candidates/c2/run/updates-from0000000-1791378077797736560.jsonl
C2,162,161,1.0787586927413941,0.0001,5.477217312902212,1052.2462073639035,55536327168,76235669504,nexus_2k_000800;nexus_2k_001577;nexus_2k_001178;nexus_2k_001825;nexus_2k_001536,snapshot/candidates/c2/run/updates-from0000000-1791378077797736560.jsonl
C2,163,162,1.2053174734115601,0.0001,6.273596940562129,1058.5206130845472,69160136704,76235669504,nexus_2k_001317;nexus_2k_000142;nexus_2k_001232;nexus_2k_001692;nexus_2k_001093,snapshot/candidates/c2/run/updates-from0000000-1791378077797736560.jsonl
C2,164,163,1.1335880279541015,0.0001,4.5499725909903646,1063.0711265411228,55007784960,76235669504,nexus_2k_001550;nexus_2k_001216;nexus_2k_000242;nexus_2k_000519;nexus_2k_001483,snapshot/candidates/c2/run/updates-from0000000-1791378077797736560.jsonl
C2,165,164,1.1156322002410888,0.0001,4.876749649643898,1067.9489571982995,56316617728,76235669504,nexus_2k_000783;nexus_2k_000840;nexus_2k_000074;nexus_2k_001439;nexus_2k_000796,snapshot/candidates/c2/run/updates-from0000000-1791378077797736560.jsonl
C2,166,165,1.2275559902191162,0.0001,3.8860468110069633,1071.835568472743,59145137152,76235669504,nexus_2k_000823;nexus_2k_001780;nexus_2k_000815;nexus_2k_000053;nexus_2k_001843,snapshot/candidates/c2/run/updates-from0000000-1791378077797736560.jsonl
C2,167,166,1.0515479564666748,0.0001,5.8237466318532825,1077.6599069144577,67157886976,76235669504,nexus_2k_000869;nexus_2k_000167;nexus_2k_001716;nexus_2k_001211;nexus_2k_001087,snapshot/candidates/c2/run/updates-from0000000-1791378077797736560.jsonl
C2,168,167,1.1841749906539918,0.0001,3.685946156270802,1081.346554419957,52566156800,76235669504,nexus_2k_000118;nexus_2k_001045;nexus_2k_001331;nexus_2k_000872;nexus_2k_000346,snapshot/candidates/c2/run/updates-from0000000-1791378077797736560.jsonl
C2,169,168,1.104676103591919,0.0001,4.632365241646767,1085.9794639255852,67244398080,76235669504,nexus_2k_001179;nexus_2k_001150;nexus_2k_000935;nexus_2k_001085;nexus_2k_000280,snapshot/candidates/c2/run/updates-from0000000-1791378077797736560.jsonl
C2,170,169,1.1541033744812013,0.0001,6.7413337947800756,1092.721611845307,66723210240,76235669504,nexus_2k_000283;nexus_2k_001792;nexus_2k_001415;nexus_2k_000083;nexus_2k_000675,snapshot/candidates/c2/run/updates-from0000000-1791378077797736560.jsonl
C2,171,170,1.0095478296279907,0.0001,4.429533634334803,1097.1516263997182,58841745920,76235669504,nexus_2k_000675;nexus_2k_001085;nexus_2k_000935;nexus_2k_001843;nexus_2k_001415,snapshot/candidates/c2/run/updates-from0000000-1791378077797736560.jsonl
C2,172,171,1.156801462173462,0.0001,3.800618820823729,1100.9530223486945,58015268864,76235669504,nexus_2k_000084;nexus_2k_001780;nexus_2k_001331;nexus_2k_000283;nexus_2k_001150,snapshot/candidates/c2/run/updates-from0000000-1791378077797736560.jsonl
C2,173,172,1.1323017835617066,0.0001,6.894860502332449,1107.848467621021,60483762688,76235669504,nexus_2k_001093;nexus_2k_000815;nexus_2k_000800;nexus_2k_000142;nexus_2k_001211,snapshot/candidates/c2/run/updates-from0000000-1791378077797736560.jsonl
C2,174,173,1.0600244641304015,0.0001,3.5329103861004114,1111.3819125285372,56519983104,76235669504,nexus_2k_001045;nexus_2k_000118;nexus_2k_000346;nexus_2k_001317;nexus_2k_001716,snapshot/candidates/c2/run/updates-from0000000-1791378077797736560.jsonl
C2,175,174,1.0999533414840699,0.0001,5.892792588099837,1117.2753724651411,67239843328,76235669504,nexus_2k_000952;nexus_2k_000840;nexus_2k_000280;nexus_2k_000083;nexus_2k_000796,snapshot/candidates/c2/run/updates-from0000000-1791378077797736560.jsonl
C2,176,175,1.1722610235214233,0.0001,6.372840573079884,1123.648748316802,66732187648,76235669504,nexus_2k_001232;nexus_2k_001550;nexus_2k_001483;nexus_2k_001179;nexus_2k_001792,snapshot/candidates/c2/run/updates-from0000000-1791378077797736560.jsonl
C2,177,176,1.077270770072937,0.0001,3.4677527844905853,1127.1169823240489,48352438272,76235669504,nexus_2k_000447;nexus_2k_000074;nexus_2k_001536;nexus_2k_001577;nexus_2k_001087,snapshot/candidates/c2/run/updates-from0000000-1791378077797736560.jsonl
C2,178,177,1.1879095792770387,0.0001,4.842528646811843,1131.9601227035746,65572466688,76235669504,nexus_2k_001439;nexus_2k_000783;nexus_2k_000242;nexus_2k_000519;nexus_2k_000020,snapshot/candidates/c2/run/updates-from0000000-1791378077797736560.jsonl
C2,179,178,1.087637686729431,0.0001,6.359783637337387,1138.3205607589334,67151867904,76235669504,nexus_2k_000898;nexus_2k_000823;nexus_2k_000053;nexus_2k_000167;nexus_2k_001178,snapshot/candidates/c2/run/updates-from0000000-1791378077797736560.jsonl
C2,180,179,1.0183387279510498,0.0001,4.990416477434337,1143.3116865400225,53292880384,76235669504,nexus_2k_000869;nexus_2k_001216;nexus_2k_000872;nexus_2k_001825;nexus_2k_001692,snapshot/candidates/c2/run/updates-from0000000-1791378077797736560.jsonl
C2,181,180,0.9961988449096679,0.0001,5.448675602674484,1148.761156739667,67240770560,76235669504,nexus_2k_001317;nexus_2k_000280;nexus_2k_001415;nexus_2k_000020;nexus_2k_000118,snapshot/candidates/c2/run/updates-from0000000-1791378077797736560.jsonl
C2,182,181,1.0009325385093688,0.0001,5.165043621324003,1153.926813066937,60492023808,76235669504,nexus_2k_001577;nexus_2k_000800;nexus_2k_000242;nexus_2k_000142;nexus_2k_001825,snapshot/candidates/c2/run/updates-from0000000-1791378077797736560.jsonl
C2,183,182,1.0496687173843384,0.0001,4.355895020067692,1158.2832474987954,55360217600,76235669504,nexus_2k_001843;nexus_2k_001439;nexus_2k_001716;nexus_2k_001331;nexus_2k_001216,snapshot/candidates/c2/run/updates-from0000000-1791378077797736560.jsonl
C2,184,183,1.0594135522842407,0.0001,5.646882425062358,1163.9306654026732,67151355904,76235669504,nexus_2k_000823;nexus_2k_000952;nexus_2k_000675;nexus_2k_000167;nexus_2k_000935,snapshot/candidates/c2/run/updates-from0000000-1791378077797736560.jsonl
C2,185,184,1.125399613380432,0.0001,6.251090379431844,1170.1824950156733,71677310464,76235669504,nexus_2k_001483;nexus_2k_001536;nexus_2k_000447;nexus_2k_001792;nexus_2k_000898,snapshot/candidates/c2/run/updates-from0000000-1791378077797736560.jsonl
C2,186,185,1.0734507083892821,0.0001,5.219786079600453,1175.4030639985576,65563130880,76235669504,nexus_2k_001780;nexus_2k_000283;nexus_2k_000783;nexus_2k_000872;nexus_2k_000796,snapshot/candidates/c2/run/updates-from0000000-1791378077797736560.jsonl
C2,187,186,1.1398226976394654,0.0001,6.956456762738526,1182.3599565140903,69169484800,76235669504,nexus_2k_000869;nexus_2k_001093;nexus_2k_001232;nexus_2k_000083;nexus_2k_000084,snapshot/candidates/c2/run/updates-from0000000-1791378077797736560.jsonl
C2,188,187,1.0701542258262635,0.0001,4.175577632151544,1186.5362025378272,51668477952,76235669504,nexus_2k_001178;nexus_2k_000074;nexus_2k_001550;nexus_2k_000053;nexus_2k_000519,snapshot/candidates/c2/run/updates-from0000000-1791378077797736560.jsonl
C2,189,188,1.0178317308425904,0.0001,3.919090574607253,1190.4557921690866,60495854080,76235669504,nexus_2k_001692;nexus_2k_001087;nexus_2k_001211;nexus_2k_000346;nexus_2k_000840,snapshot/candidates/c2/run/updates-from0000000-1791378077797736560.jsonl
C2,190,189,1.027792763710022,0.0001,3.471159274689853,1193.927439564839,59140697088,76235669504,nexus_2k_001045;nexus_2k_001085;nexus_2k_001150;nexus_2k_000815;nexus_2k_001179,snapshot/candidates/c2/run/updates-from0000000-1791378077797736560.jsonl
C2,191,190,1.092364990711212,0.0001,5.214368135668337,1199.142360127531,66692288512,76235669504,nexus_2k_000796;nexus_2k_001792;nexus_2k_000118;nexus_2k_001178;nexus_2k_001825,snapshot/candidates/c2/run/updates-from0000000-1791378077797736560.jsonl
C2,192,191,1.0572083950042725,0.0001,4.412009504623711,1203.555163173005,58844588544,76235669504,nexus_2k_000840;nexus_2k_001216;nexus_2k_000935;nexus_2k_000675;nexus_2k_000447,snapshot/candidates/c2/run/updates-from0000000-1791378077797736560.jsonl
C2,193,192,1.0667094349861146,0.0001,4.699144072830677,1208.2551206471398,54995158016,76235669504,nexus_2k_000872;nexus_2k_001536;nexus_2k_001483;nexus_2k_001550;nexus_2k_001179,snapshot/candidates/c2/run/updates-from0000000-1791378077797736560.jsonl
C2,194,193,1.0534993171691895,0.0001,4.973265442065895,1213.2289483584464,55373908480,76235669504,nexus_2k_001415;nexus_2k_000823;nexus_2k_000952;nexus_2k_000346;nexus_2k_001439,snapshot/candidates/c2/run/updates-from0000000-1791378077797736560.jsonl
C2,195,194,1.0313340902328492,0.0001,6.2366701904684305,1219.466077895835,66595735040,76235669504,nexus_2k_000898;nexus_2k_001780;nexus_2k_000083;nexus_2k_000815;nexus_2k_000074,snapshot/candidates/c2/run/updates-from0000000-1791378077797736560.jsonl
C2,196,195,1.0109371304512025,0.0001,4.587316197343171,1224.0542333135381,67247466496,76235669504,nexus_2k_000053;nexus_2k_001150;nexus_2k_001331;nexus_2k_000280;nexus_2k_000242,snapshot/candidates/c2/run/updates-from0000000-1791378077797736560.jsonl
C2,197,196,1.1456215500831604,0.0001,4.490477852523327,1228.5452831173316,56531410944,76235669504,nexus_2k_000783;nexus_2k_000020;nexus_2k_001317;nexus_2k_001045;nexus_2k_001085,snapshot/candidates/c2/run/updates-from0000000-1791378077797736560.jsonl
C2,198,197,1.1001700639724732,0.0001,6.03840215690434,1234.5847776345909,67182044160,76235669504,nexus_2k_000283;nexus_2k_001716;nexus_2k_000800;nexus_2k_000167;nexus_2k_001577,snapshot/candidates/c2/run/updates-from0000000-1791378077797736560.jsonl
C2,199,198,1.0841164708137512,0.0001,3.1438046311959624,1237.7290662880987,50483706880,76235669504,nexus_2k_000084;nexus_2k_001692;nexus_2k_001843;nexus_2k_000142;nexus_2k_000519,snapshot/candidates/c2/run/updates-from0000000-1791378077797736560.jsonl
C2,200,199,0.9814772248268128,0.0001,6.876271296292543,1244.6059061773121,62454038016,76235669504,nexus_2k_001232;nexus_2k_001211;nexus_2k_001087;nexus_2k_000869;nexus_2k_001093,snapshot/candidates/c2/run/updates-from0000000-1791378077797736560.jsonl
C2,201,200,1.1121256470680236,0.0001,4.486093148589134,1249.0925049008802,57458475008,76235669504,nexus_2k_000840;nexus_2k_001317;nexus_2k_001415;nexus_2k_001843;nexus_2k_001780,snapshot/candidates/c2/run/updates-from0000000-1791378077797736560.jsonl
C2,202,201,0.9620483160018921,0.0001,6.201972804032266,1255.294920520857,62419783168,76235669504,nexus_2k_000898;nexus_2k_000283;nexus_2k_001716;nexus_2k_000935;nexus_2k_001577,snapshot/candidates/c2/run/updates-from0000000-1791378077797736560.jsonl
C2,203,202,1.0666342616081237,0.0001,4.543880297802389,1259.8394957548007,55000470016,76235669504,nexus_2k_000242;nexus_2k_000142;nexus_2k_001150;nexus_2k_000872;nexus_2k_001483,snapshot/candidates/c2/run/updates-from0000000-1791378077797736560.jsonl
C2,204,203,1.0412734985351562,0.0001,4.902117356657982,1264.7422157283872,58019685376,76235669504,nexus_2k_000280;nexus_2k_001179;nexus_2k_000823;nexus_2k_001439;nexus_2k_000118,snapshot/candidates/c2/run/updates-from0000000-1791378077797736560.jsonl
C2,205,204,0.9979331374168396,0.0001,5.563273696228862,1270.3064006743953,59918694400,76235669504,nexus_2k_001232;nexus_2k_001178;nexus_2k_000519;nexus_2k_000952;nexus_2k_000053,snapshot/candidates/c2/run/updates-from0000000-1791378077797736560.jsonl
C2,206,205,1.0690943002700806,0.0001,4.958470850251615,1275.2654424514621,60495854080,76235669504,nexus_2k_001692;nexus_2k_001211;nexus_2k_001216;nexus_2k_000815;nexus_2k_000074,snapshot/candidates/c2/run/updates-from0000000-1791378077797736560.jsonl
C2,207,206,0.9562417507171631,0.0001,4.884109021164477,1280.1501509705558,67134683136,76235669504,nexus_2k_001331;nexus_2k_000447;nexus_2k_000167;nexus_2k_000346;nexus_2k_001550,snapshot/candidates/c2/run/updates-from0000000-1791378077797736560.jsonl
C2,208,207,1.0388443350791932,0.0001,3.2435840936377645,1283.394356715493,53300161536,76235669504,nexus_2k_000084;nexus_2k_000020;nexus_2k_001825;nexus_2k_000796;nexus_2k_001085,snapshot/candidates/c2/run/updates-from0000000-1791378077797736560.jsonl
C2,209,208,1.0475510120391847,0.0001,6.146199834533036,1289.540939011611,66736488448,76235669504,nexus_2k_000800;nexus_2k_001087;nexus_2k_001792;nexus_2k_000783;nexus_2k_000675,snapshot/candidates/c2/run/updates-from0000000-1791378077797736560.jsonl
C2,210,209,0.97414630651474,0.0001,5.810455019585788,1295.3518379880115,62448596992,76235669504,nexus_2k_000083;nexus_2k_001536;nexus_2k_000869;nexus_2k_001045;nexus_2k_001093,snapshot/candidates/c2/run/updates-from0000000-1791378077797736560.jsonl
C2,211,210,1.0823662281036377,0.0001,4.998442098498344,1300.350689696148,66689843200,76235669504,nexus_2k_001780;nexus_2k_001216;nexus_2k_001792;nexus_2k_000118;nexus_2k_001178,snapshot/candidates/c2/run/updates-from0000000-1791378077797736560.jsonl
C2,212,211,1.0145352005958557,0.0001,4.131068320013583,1304.482173831202,62430054400,76235669504,nexus_2k_000020;nexus_2k_000675;nexus_2k_001093;nexus_2k_000242;nexus_2k_000519,snapshot/candidates/c2/run/updates-from0000000-1791378077797736560.jsonl
C2,213,212,1.0065846562385559,0.0001,4.7690063854679465,1309.2515825778246,66598620672,76235669504,nexus_2k_000840;nexus_2k_000872;nexus_2k_000796;nexus_2k_000083;nexus_2k_001087,snapshot/candidates/c2/run/updates-from0000000-1791378077797736560.jsonl
C2,214,213,0.9548876523971558,0.0001,5.838042506948113,1315.0900460751727,67154580480,76235669504,nexus_2k_000053;nexus_2k_000142;nexus_2k_000167;nexus_2k_000935;nexus_2k_000952,snapshot/candidates/c2/run/updates-from0000000-1791378077797736560.jsonl
C2,215,214,0.9574212789535522,0.0001,5.6468757670372725,1320.7373166643083,60514902016,76235669504,nexus_2k_001211;nexus_2k_000800;nexus_2k_001439;nexus_2k_001843;nexus_2k_001331,snapshot/candidates/c2/run/updates-from0000000-1791378077797736560.jsonl
C2,216,215,1.016259765625,0.0001,7.039012554101646,1327.77670431789,71704711168,76235669504,nexus_2k_001232;nexus_2k_001483;nexus_2k_000898;nexus_2k_000074;nexus_2k_000283,snapshot/candidates/c2/run/updates-from0000000-1791378077797736560.jsonl
C2,217,216,0.9621382713317871,0.0001,5.91334034036845,1333.6906535252929,67249523712,76235669504,nexus_2k_000447;nexus_2k_000783;nexus_2k_000280;nexus_2k_000815;nexus_2k_001085,snapshot/candidates/c2/run/updates-from0000000-1791378077797736560.jsonl
C2,218,217,0.9848111152648926,0.0001,4.76007510907948,1338.4511467199773,57462872064,76235669504,nexus_2k_001577;nexus_2k_001716;nexus_2k_001415;nexus_2k_001536;nexus_2k_001825,snapshot/candidates/c2/run/updates-from0000000-1791378077797736560.jsonl
C2,219,218,0.9632627606391907,0.0001,3.2248194003477693,1341.6764526255429,51655665664,76235669504,nexus_2k_000823;nexus_2k_001045;nexus_2k_001150;nexus_2k_001692;nexus_2k_001550,snapshot/candidates/c2/run/updates-from0000000-1791378077797736560.jsonl
C2,220,219,1.0104854583740235,0.0001,4.166454331949353,1345.8434094563127,56534900736,76235669504,nexus_2k_000869;nexus_2k_001179;nexus_2k_000346;nexus_2k_001317;nexus_2k_000084,snapshot/candidates/c2/run/updates-from0000000-1791378077797736560.jsonl
C2,221,220,0.9321895360946655,0.0001,5.7567706517875195,1351.600723437965,66588753408,76235669504,nexus_2k_000872;nexus_2k_001216;nexus_2k_000083;nexus_2k_001536;nexus_2k_001483,snapshot/candidates/c2/run/updates-from0000000-1791378077797736560.jsonl
C2,222,221,0.9463846683502197,0.0001,3.176640019752085,1354.7778200311586,51659325440,76235669504,nexus_2k_001087;nexus_2k_001550;nexus_2k_000796;nexus_2k_000346;nexus_2k_001150,snapshot/candidates/c2/run/updates-from0000000-1791378077797736560.jsonl
C2,223,222,0.9307576179504394,0.0001,6.715211201459169,1361.493509862572,67255143424,76235669504,nexus_2k_000084;nexus_2k_000280;nexus_2k_000167;nexus_2k_001093;nexus_2k_001178,snapshot/candidates/c2/run/updates-from0000000-1791378077797736560.jsonl
C2,224,223,0.9178732752799987,0.0001,5.135529357008636,1366.6294837286696,65572466688,76235669504,nexus_2k_001439;nexus_2k_000783;nexus_2k_001716;nexus_2k_001331;nexus_2k_000020,snapshot/candidates/c2/run/updates-from0000000-1791378077797736560.jsonl
C2,225,224,0.9150963306427002,0.0001,6.682096532545984,1373.3120873607695,60538830848,76235669504,nexus_2k_001232;nexus_2k_001211;nexus_2k_000935;nexus_2k_000815;nexus_2k_001085,snapshot/candidates/c2/run/updates-from0000000-1791378077797736560.jsonl
C2,226,225,0.9627946257591248,0.0001,4.560664430260658,1377.87340052519,57456205824,76235669504,nexus_2k_001843;nexus_2k_000675;nexus_2k_001317;nexus_2k_001415;nexus_2k_000242,snapshot/candidates/c2/run/updates-from0000000-1791378077797736560.jsonl
C2,227,226,1.0333993554115295,0.0001,4.1273344764485955,1382.0011351546273,57192288256,76235669504,nexus_2k_000519;nexus_2k_001577;nexus_2k_000823;nexus_2k_000869;nexus_2k_000447,snapshot/candidates/c2/run/updates-from0000000-1791378077797736560.jsonl
C2,228,227,0.9880938649177551,0.0001,5.551983146928251,1387.5535876061767,66681875456,76235669504,nexus_2k_001825;nexus_2k_000840;nexus_2k_001045;nexus_2k_001792;nexus_2k_000800,snapshot/candidates/c2/run/updates-from0000000-1791378077797736560.jsonl
C2,229,228,0.9367307424545288,0.0001,5.5406201630830765,1393.0945862736553,62419783168,76235669504,nexus_2k_000898;nexus_2k_000142;nexus_2k_001179;nexus_2k_000053;nexus_2k_000283,snapshot/candidates/c2/run/updates-from0000000-1791378077797736560.jsonl
C2,230,229,1.0198710680007934,0.0001,3.363321396522224,1396.4583819974214,52967171584,76235669504,nexus_2k_000074;nexus_2k_001692;nexus_2k_000952;nexus_2k_000118;nexus_2k_001780,snapshot/candidates/c2/run/updates-from0000000-1791378077797736560.jsonl
C2,231,230,0.9181403994560242,0.0001,6.275508402846754,1402.7347400840372,66682851328,76235669504,nexus_2k_001045;nexus_2k_001792;nexus_2k_000869;nexus_2k_000783;nexus_2k_000952,snapshot/candidates/c2/run/updates-from0000000-1791378077797736560.jsonl
C2,232,231,0.9485695004463196,0.0001,4.619470342993736,1407.354687621817,57934129152,76235669504,nexus_2k_000167;nexus_2k_001825;nexus_2k_001179;nexus_2k_001780;nexus_2k_000074,snapshot/candidates/c2/run/updates-from0000000-1791378077797736560.jsonl
C2,233,232,0.883173155784607,0.0001,4.735403389669955,1412.0906557263806,69166424064,76235669504,nexus_2k_001085;nexus_2k_000796;nexus_2k_001232;nexus_2k_000084;nexus_2k_001439,snapshot/candidates/c2/run/updates-from0000000-1791378077797736560.jsonl
C2,234,233,1.0477105736732484,0.0001,4.6639707665890455,1416.7551887398586,71674488320,76235669504,nexus_2k_001577;nexus_2k_000053;nexus_2k_000898;nexus_2k_000447;nexus_2k_000118,snapshot/candidates/c2/run/updates-from0000000-1791378077797736560.jsonl
C2,235,234,0.9885295271873474,0.0001,4.101206048391759,1420.8569471109658,67244002304,76235669504,nexus_2k_000675;nexus_2k_000519;nexus_2k_000280;nexus_2k_001692;nexus_2k_000020,snapshot/candidates/c2/run/updates-from0000000-1791378077797736560.jsonl
C2,236,235,0.9401345014572143,0.0001,4.663812566548586,1425.5213799308985,60487958528,76235669504,nexus_2k_000823;nexus_2k_000142;nexus_2k_000800;nexus_2k_000346;nexus_2k_001216,snapshot/candidates/c2/run/updates-from0000000-1791378077797736560.jsonl
C2,237,236,0.9147115707397461,0.0001,5.30890406947583,1430.830676395446,60498659840,76235669504,nexus_2k_001536;nexus_2k_001211;nexus_2k_000283;nexus_2k_001150;nexus_2k_001317,snapshot/candidates/c2/run/updates-from0000000-1791378077797736560.jsonl
C2,238,237,0.9491153955459595,0.0001,4.743754273280501,1435.5750264301896,55509831168,76235669504,nexus_2k_000840;nexus_2k_001716;nexus_2k_001178;nexus_2k_001550;nexus_2k_001331,snapshot/candidates/c2/run/updates-from0000000-1791378077797736560.jsonl
C2,239,238,0.8499239444732666,0.0001,5.414437053725123,1440.9901936668903,66595993088,76235669504,nexus_2k_001843;nexus_2k_000083;nexus_2k_001087;nexus_2k_000935;nexus_2k_001483,snapshot/candidates/c2/run/updates-from0000000-1791378077797736560.jsonl
C2,240,239,0.8477745890617371,0.0001,6.1556208319962025,1447.1466958653182,62428661760,76235669504,nexus_2k_000242;nexus_2k_001415;nexus_2k_000815;nexus_2k_001093;nexus_2k_000872,snapshot/candidates/c2/run/updates-from0000000-1791378077797736560.jsonl
C2,241,240,0.9421281218528748,0.0001,4.250876592472196,1451.3984289178625,54999901184,76235669504,nexus_2k_000519;nexus_2k_001483;nexus_2k_000840;nexus_2k_001550;nexus_2k_000118,snapshot/candidates/c2/run/updates-from0000000-1791378077797736560.jsonl
C2,242,241,0.9528671026229858,0.0001,5.584391991607845,1456.98331423942,66645454336,76235669504,nexus_2k_001211;nexus_2k_001179;nexus_2k_001780;nexus_2k_000083;nexus_2k_000869,snapshot/candidates/c2/run/updates-from0000000-1791378077797736560.jsonl
C2,243,242,0.8660266995429993,0.0001,4.565501826815307,1461.5492342701182,59918694400,76235669504,nexus_2k_001232;nexus_2k_000053;nexus_2k_001331;nexus_2k_001085;nexus_2k_001692,snapshot/candidates/c2/run/updates-from0000000-1791378077797736560.jsonl
C2,244,243,0.890205180644989,0.0001,5.3108120849356055,1466.8606442399323,62497774592,76235669504,nexus_2k_000815;nexus_2k_001093;nexus_2k_000872;nexus_2k_001087;nexus_2k_000447,snapshot/candidates/c2/run/updates-from0000000-1791378077797736560.jsonl
C2,245,244,0.9235952854156494,0.0001,5.92086330242455,1472.7821791945025,71657870848,76235669504,nexus_2k_001825;nexus_2k_000935;nexus_2k_000898;nexus_2k_000242;nexus_2k_001716,snapshot/candidates/c2/run/updates-from0000000-1791378077797736560.jsonl
C2,246,245,0.8705749988555909,0.0001,4.843066859059036,1477.6256847139448,67245138944,76235669504,nexus_2k_001843;nexus_2k_000142;nexus_2k_000280;nexus_2k_000346;nexus_2k_000952,snapshot/candidates/c2/run/updates-from0000000-1791378077797736560.jsonl
C2,247,246,0.7996994137763977,0.0001,4.202948928810656,1481.8292210139334,56537808896,76235669504,nexus_2k_000084;nexus_2k_000675;nexus_2k_000796;nexus_2k_001317;nexus_2k_001439,snapshot/candidates/c2/run/updates-from0000000-1791378077797736560.jsonl
C2,248,247,0.9391553282737732,0.0001,5.7987851202487946,1487.628940450959,60510423040,76235669504,nexus_2k_000167;nexus_2k_000283;nexus_2k_001045;nexus_2k_000823;nexus_2k_000800,snapshot/candidates/c2/run/updates-from0000000-1791378077797736560.jsonl
C2,249,248,0.9125049471855163,0.0001,4.573704226873815,1492.2031118609011,57462872064,76235669504,nexus_2k_001577;nexus_2k_000020;nexus_2k_001415;nexus_2k_001178;nexus_2k_000074,snapshot/candidates/c2/run/updates-from0000000-1791378077797736560.jsonl
C2,250,249,0.9267341732978821,0.0001,5.539109923876822,1497.7426529116929,66682204160,76235669504,nexus_2k_001150;nexus_2k_001216;nexus_2k_000783;nexus_2k_001792;nexus_2k_001536,snapshot/candidates/c2/run/updates-from0000000-1791378077797736560.jsonl
C2,251,250,0.9037619590759277,0.0001,4.186111256480217,1501.9292420800775,56526974976,76235669504,nexus_2k_001780;nexus_2k_001843;nexus_2k_001317;nexus_2k_000823;nexus_2k_001825,snapshot/candidates/c2/run/updates-from0000000-1791378077797736560.jsonl
C2,252,251,0.884368896484375,0.0001,6.122003415599465,1508.0516286911443,59172917248,76235669504,nexus_2k_000083;nexus_2k_001439;nexus_2k_000952;nexus_2k_001087;nexus_2k_000815,snapshot/candidates/c2/run/updates-from0000000-1791378077797736560.jsonl
C2,253,252,0.9981340527534485,0.0001,7.057412115857005,1515.1095021553338,71704711168,76235669504,nexus_2k_001232;nexus_2k_001550;nexus_2k_000898;nexus_2k_001792;nexus_2k_001150,snapshot/candidates/c2/run/updates-from0000000-1791378077797736560.jsonl
C2,254,253,0.9343236565589905,0.0001,4.473034501075745,1519.5829320997,65562561536,76235669504,nexus_2k_001216;nexus_2k_001536;nexus_2k_000783;nexus_2k_000118;nexus_2k_000084,snapshot/candidates/c2/run/updates-from0000000-1791378077797736560.jsonl
C2,255,254,0.8927684783935547,0.0001,6.355561377480626,1525.938922396861,57479948288,76235669504,nexus_2k_000800;nexus_2k_001483;nexus_2k_001178;nexus_2k_000872;nexus_2k_001415,snapshot/candidates/c2/run/updates-from0000000-1791378077797736560.jsonl
C2,256,255,0.886868953704834,0.0001,4.051045534200966,1529.9903474664316,49754749440,76235669504,nexus_2k_000869;nexus_2k_001331;nexus_2k_000675;nexus_2k_000796;nexus_2k_001179,snapshot/candidates/c2/run/updates-from0000000-1791378077797736560.jsonl
C2,257,256,0.8831955790519714,0.0001,3.4018068108707666,1533.392567237839,50479687168,76235669504,nexus_2k_001085;nexus_2k_000020;nexus_2k_000840;nexus_2k_000346;nexus_2k_000142,snapshot/candidates/c2/run/updates-from0000000-1791378077797736560.jsonl
C2,258,257,0.9099866032600403,0.0001,4.688012087717652,1538.080940070562,67237317632,76235669504,nexus_2k_001045;nexus_2k_000935;nexus_2k_000053;nexus_2k_001692;nexus_2k_000280,snapshot/candidates/c2/run/updates-from0000000-1791378077797736560.jsonl
C2,259,258,0.8688603520393372,0.0001,4.566867407411337,1542.6482193339616,67149432832,76235669504,nexus_2k_001716;nexus_2k_000447;nexus_2k_000242;nexus_2k_001577;nexus_2k_000167,snapshot/candidates/c2/run/updates-from0000000-1791378077797736560.jsonl
C2,260,259,0.9483008265495301,0.0001,5.574900463223457,1548.2234911844134,62453758976,76235669504,nexus_2k_000283;nexus_2k_001211;nexus_2k_000074;nexus_2k_000519;nexus_2k_001093,snapshot/candidates/c2/run/updates-from0000000-1791378077797736560.jsonl
C2,261,260,0.8182973027229309,0.0001,5.717430268414319,1553.9413914028555,69176119808,76235669504,nexus_2k_001483;nexus_2k_001843;nexus_2k_001211;nexus_2k_001232;nexus_2k_000118,snapshot/candidates/c2/run/updates-from0000000-1791378077797736560.jsonl
C2,262,261,0.8045296430587768,0.0001,3.911847931332886,1557.8538674255833,55359405056,76235669504,nexus_2k_000675;nexus_2k_001087;nexus_2k_000840;nexus_2k_001439;nexus_2k_000346,snapshot/candidates/c2/run/updates-from0000000-1791378077797736560.jsonl
C2,263,262,0.8346763849258423,0.0001,5.594826163724065,1563.4492608075961,67249523712,76235669504,nexus_2k_000869;nexus_2k_000796;nexus_2k_000280;nexus_2k_001317;nexus_2k_001536,snapshot/candidates/c2/run/updates-from0000000-1791378077797736560.jsonl
C2,264,263,0.9625622987747192,0.0001,4.8519974257797,1568.3017901927233,55499008512,76235669504,nexus_2k_001825;nexus_2k_001780;nexus_2k_001577;nexus_2k_001178;nexus_2k_000872,snapshot/candidates/c2/run/updates-from0000000-1791378077797736560.jsonl
C2,265,264,0.8169520974159241,0.0001,5.40093102119863,1573.7031744178385,57533315072,76235669504,nexus_2k_000935;nexus_2k_000952;nexus_2k_000142;nexus_2k_000519;nexus_2k_001415,snapshot/candidates/c2/run/updates-from0000000-1791378077797736560.jsonl
C2,266,265,0.9188467264175415,0.0001,5.505589108914137,1579.2092344854027,67146063872,76235669504,nexus_2k_001692;nexus_2k_001792;nexus_2k_001179;nexus_2k_000167;nexus_2k_001550,snapshot/candidates/c2/run/updates-from0000000-1791378077797736560.jsonl
C2,267,266,0.8805206894874573,0.0001,3.9929497074335814,1583.202632333152,62419783168,76235669504,nexus_2k_000898;nexus_2k_000020;nexus_2k_001085;nexus_2k_000084;nexus_2k_001045,snapshot/candidates/c2/run/updates-from0000000-1791378077797736560.jsonl
C2,268,267,0.8872716784477234,0.0001,4.581249950453639,1587.784412161447,65547475968,76235669504,nexus_2k_001331;nexus_2k_000783;nexus_2k_000242;nexus_2k_000447;nexus_2k_000074,snapshot/candidates/c2/run/updates-from0000000-1791378077797736560.jsonl
C2,269,268,0.8388132452964783,0.0001,4.959117863327265,1592.7440196555108,59146150912,76235669504,nexus_2k_001216;nexus_2k_000283;nexus_2k_001150;nexus_2k_000823;nexus_2k_000815,snapshot/candidates/c2/run/updates-from0000000-1791378077797736560.jsonl
C2,270,269,0.9505860090255738,0.0001,6.066158824600279,1598.810763379559,66598789632,76235669504,nexus_2k_000053;nexus_2k_000800;nexus_2k_000083;nexus_2k_001093;nexus_2k_001716,snapshot/candidates/c2/run/updates-from0000000-1791378077797736560.jsonl
C2,271,270,0.7652573227882385,0.0001,5.784432324580848,1604.595840091817,60503304704,76235669504,nexus_2k_000869;nexus_2k_000872;nexus_2k_001483;nexus_2k_001211;nexus_2k_001716,snapshot/candidates/c2/run/updates-from0000000-1791378077797736560.jsonl
C2,272,271,0.8502685308456421,0.0001,4.257556889206171,1608.8545443462208,67237317632,76235669504,nexus_2k_001045;nexus_2k_000280;nexus_2k_000519;nexus_2k_001536;nexus_2k_001087,snapshot/candidates/c2/run/updates-from0000000-1791378077797736560.jsonl
C2,273,272,0.7976145148277283,0.0001,4.53150834236294,1613.3869383139536,67151448064,76235669504,nexus_2k_000823;nexus_2k_001331;nexus_2k_000167;nexus_2k_001780;nexus_2k_001179,snapshot/candidates/c2/run/updates-from0000000-1791378077797736560.jsonl
C2,274,273,0.7698903322219849,0.0001,5.010477303527296,1618.3980745710433,60550709248,76235669504,nexus_2k_000815;nexus_2k_000118;nexus_2k_001550;nexus_2k_000796;nexus_2k_000800,snapshot/candidates/c2/run/updates-from0000000-1791378077797736560.jsonl
C2,275,274,0.8807096362113953,0.0001,5.456557807512581,1623.8551594335586,69166424064,76235669504,nexus_2k_001085;nexus_2k_000675;nexus_2k_000142;nexus_2k_000283;nexus_2k_001232,snapshot/candidates/c2/run/updates-from0000000-1791378077797736560.jsonl
C2,276,275,0.8402172207832337,0.0001,3.868259048089385,1627.72407556884,66690459648,76235669504,nexus_2k_001843;nexus_2k_000053;nexus_2k_001150;nexus_2k_001792;nexus_2k_000020,snapshot/candidates/c2/run/updates-from0000000-1791378077797736560.jsonl
C2,277,276,0.8077046394348144,0.0001,5.3033262277022,1633.0278964303434,66615324160,76235669504,nexus_2k_000783;nexus_2k_000083;nexus_2k_000074;nexus_2k_000084;nexus_2k_001577,snapshot/candidates/c2/run/updates-from0000000-1791378077797736560.jsonl
C2,278,277,0.8062829732894897,0.0001,4.476499589160085,1637.5048031629995,55363922432,76235669504,nexus_2k_000840;nexus_2k_000242;nexus_2k_001692;nexus_2k_001439;nexus_2k_001825,snapshot/candidates/c2/run/updates-from0000000-1791378077797736560.jsonl
C2,279,278,0.797359573841095,0.0001,7.041218668222427,1644.5463690077886,71662196736,76235669504,nexus_2k_000952;nexus_2k_001415;nexus_2k_000898;nexus_2k_000935;nexus_2k_001178,snapshot/candidates/c2/run/updates-from0000000-1791378077797736560.jsonl
C2,280,279,0.8419725179672242,0.0001,4.862730887718499,1649.4095238456503,62436470784,76235669504,nexus_2k_000447;nexus_2k_001216;nexus_2k_001093;nexus_2k_000346;nexus_2k_001317,snapshot/candidates/c2/run/updates-from0000000-1791378077797736560.jsonl
C2,281,280,0.7584824681282043,0.0001,3.7501466711983085,1653.1601774021983,50482185216,76235669504,nexus_2k_001692;nexus_2k_001577;nexus_2k_000242;nexus_2k_000675;nexus_2k_000142,snapshot/candidates/c2/run/updates-from0000000-1791378077797736560.jsonl
C2,282,281,0.7556709766387939,0.0001,5.476105431094766,1658.6368493260816,66681818624,76235669504,nexus_2k_000815;nexus_2k_000952;nexus_2k_000053;nexus_2k_000020;nexus_2k_000083,snapshot/candidates/c2/run/updates-from0000000-1791378077797736560.jsonl
C2,283,282,0.7701659083366394,0.0001,4.746405585668981,1663.3837564904243,58855311872,76235669504,nexus_2k_001439;nexus_2k_001843;nexus_2k_000872;nexus_2k_001085;nexus_2k_000935,snapshot/candidates/c2/run/updates-from0000000-1791378077797736560.jsonl
C2,284,283,0.7748827695846557,0.0001,5.54937086161226,1668.9335478106514,62419783168,76235669504,nexus_2k_000898;nexus_2k_001211;nexus_2k_001087;nexus_2k_001216;nexus_2k_000796,snapshot/candidates/c2/run/updates-from0000000-1791378077797736560.jsonl
C2,285,284,0.744010329246521,0.0001,5.552836480550468,1674.4869690015912,66695516160,76235669504,nexus_2k_000869;nexus_2k_000800;nexus_2k_001792;nexus_2k_001150;nexus_2k_000447,snapshot/candidates/c2/run/updates-from0000000-1791378077797736560.jsonl
C2,286,285,0.788614296913147,0.0001,6.730902213603258,1681.218955134973,67286604288,76235669504,nexus_2k_001232;nexus_2k_000084;nexus_2k_000280;nexus_2k_001093;nexus_2k_001550,snapshot/candidates/c2/run/updates-from0000000-1791378077797736560.jsonl
C2,287,286,0.9063427090644837,0.0001,4.904572391882539,1686.1245000408962,67177904640,76235669504,nexus_2k_001178;nexus_2k_001780;nexus_2k_001045;nexus_2k_000167;nexus_2k_001331,snapshot/candidates/c2/run/updates-from0000000-1791378077797736560.jsonl
C2,288,287,0.7896117210388184,0.0001,4.31866935454309,1690.4437274625525,58006059008,76235669504,nexus_2k_000346;nexus_2k_000823;nexus_2k_001825;nexus_2k_000283;nexus_2k_000118,snapshot/candidates/c2/run/updates-from0000000-1791378077797736560.jsonl
C2,289,288,0.7255531668663024,0.0001,4.183941816911101,1694.6281922748312,56526003200,76235669504,nexus_2k_000074;nexus_2k_000840;nexus_2k_001536;nexus_2k_001716;nexus_2k_001317,snapshot/candidates/c2/run/updates-from0000000-1791378077797736560.jsonl
C2,290,289,0.7552320837974549,0.0001,5.399693999439478,1700.0286802211776,65579768832,76235669504,nexus_2k_001415;nexus_2k_001483;nexus_2k_000783;nexus_2k_001179;nexus_2k_000519,snapshot/candidates/c2/run/updates-from0000000-1791378077797736560.jsonl
C2,291,290,0.8425150871276855,0.0001,6.0369189297780395,1706.0661617787555,67155871744,76235669504,nexus_2k_000840;nexus_2k_001178;nexus_2k_000447;nexus_2k_000167;nexus_2k_000783,snapshot/candidates/c2/run/updates-from0000000-1791378077797736560.jsonl
C2,292,291,0.7811410307884217,0.0001,5.1148401983082294,1711.181607697159,66587335168,76235669504,nexus_2k_001825;nexus_2k_000083;nexus_2k_000796;nexus_2k_000952;nexus_2k_000053,snapshot/candidates/c2/run/updates-from0000000-1791378077797736560.jsonl
C2,293,292,0.6592306733131409,0.0001,4.052971867844462,1715.2354767257348,60489318400,76235669504,nexus_2k_001780;nexus_2k_000800;nexus_2k_001843;nexus_2k_000020;nexus_2k_001550,snapshot/candidates/c2/run/updates-from0000000-1791378077797736560.jsonl
C2,294,293,0.7973995089530945,0.0001,5.601336774416268,1720.8374579083174,60538830848,76235669504,nexus_2k_001232;nexus_2k_001331;nexus_2k_001045;nexus_2k_001211;nexus_2k_000823,snapshot/candidates/c2/run/updates-from0000000-1791378077797736560.jsonl
C2,295,294,0.8163573145866394,0.0001,3.907540022395551,1724.7454627603292,57994714112,76235669504,nexus_2k_000074;nexus_2k_001536;nexus_2k_000675;nexus_2k_000084;nexus_2k_000283,snapshot/candidates/c2/run/updates-from0000000-1791378077797736560.jsonl
C2,296,295,0.8967920780181885,0.0001,5.202254359610379,1729.948527819477,66687102976,76235669504,nexus_2k_000118;nexus_2k_001792;nexus_2k_001093;nexus_2k_000242;nexus_2k_000519,snapshot/candidates/c2/run/updates-from0000000-1791378077797736560.jsonl
C2,297,296,0.8591490149497986,0.0001,4.870434617623687,1734.819427890703,56526020608,76235669504,nexus_2k_001439;nexus_2k_001317;nexus_2k_000142;nexus_2k_001085;nexus_2k_001577,snapshot/candidates/c2/run/updates-from0000000-1791378077797736560.jsonl
C2,298,297,0.7257866144180298,0.0001,5.845806579105556,1740.6656634146348,58855031296,76235669504,nexus_2k_001483;nexus_2k_001415;nexus_2k_000869;nexus_2k_001179;nexus_2k_000935,snapshot/candidates/c2/run/updates-from0000000-1791378077797736560.jsonl
C2,299,298,0.8392783999443054,0.0001,4.670193053781986,1745.3362467680126,59141354496,76235669504,nexus_2k_000872;nexus_2k_000346;nexus_2k_000815;nexus_2k_001716;nexus_2k_001216,snapshot/candidates/c2/run/updates-from0000000-1791378077797736560.jsonl
C2,300,299,0.7685802221298218,0.0001,5.319915616884828,1750.6565456641838,71658685952,76235669504,nexus_2k_001150;nexus_2k_001692;nexus_2k_000898;nexus_2k_001087;nexus_2k_000280,snapshot/candidates/c2/run/updates-from0000000-1791378077797736560.jsonl
C2,301,300,0.8430932760238647,0.0001,5.60515495762229,1756.2620887467638,71664567808,76235669504,nexus_2k_000823;nexus_2k_000142;nexus_2k_001178;nexus_2k_000898;nexus_2k_001087,snapshot/candidates/c2/run/updates-from0000000-1791378077797736560.jsonl
C2,302,301,0.7792961835861206,0.0001,5.096039743162692,1761.358552516438,69155995648,76235669504,nexus_2k_001045;nexus_2k_000084;nexus_2k_000783;nexus_2k_001179;nexus_2k_001232,snapshot/candidates/c2/run/updates-from0000000-1791378077797736560.jsonl
C2,303,302,0.7520981431007385,0.0001,4.5689414301887155,1765.9278578041121,60498020864,76235669504,nexus_2k_001716;nexus_2k_000074;nexus_2k_000675;nexus_2k_001211;nexus_2k_000952,snapshot/candidates/c2/run/updates-from0000000-1791378077797736560.jsonl
C2,304,303,0.8157015800476074,0.0001,6.121599758043885,1772.049940764904,58865838592,76235669504,nexus_2k_001792;nexus_2k_001331;nexus_2k_000869;nexus_2k_000935;nexus_2k_001536,snapshot/candidates/c2/run/updates-from0000000-1791378077797736560.jsonl
C2,305,304,0.7656783819198608,0.0001,3.693729095160961,1775.7440380379558,66588384768,76235669504,nexus_2k_001692;nexus_2k_001780;nexus_2k_000083;nexus_2k_000796;nexus_2k_001150,snapshot/candidates/c2/run/updates-from0000000-1791378077797736560.jsonl
C2,306,305,0.7999557852745056,0.0001,4.032674836926162,1779.777090956457,52564065792,76235669504,nexus_2k_000242;nexus_2k_001550;nexus_2k_000053;nexus_2k_000872;nexus_2k_001843,snapshot/candidates/c2/run/updates-from0000000-1791378077797736560.jsonl
C2,307,306,0.7035527348518371,0.0001,5.297059974633157,1785.074514030479,57458475008,76235669504,nexus_2k_000840;nexus_2k_000519;nexus_2k_001317;nexus_2k_001415;nexus_2k_001439,snapshot/candidates/c2/run/updates-from0000000-1791378077797736560.jsonl
C2,308,307,0.8874488711357117,0.0001,4.228659466840327,1789.3036735914648,57934129152,76235669504,nexus_2k_000167;nexus_2k_001577;nexus_2k_000118;nexus_2k_000346;nexus_2k_000020,snapshot/candidates/c2/run/updates-from0000000-1791378077797736560.jsonl
C2,309,308,0.7103538751602173,0.0001,6.520203216001391,1795.82442926988,67249419264,76235669504,nexus_2k_000447;nexus_2k_000815;nexus_2k_000283;nexus_2k_000280;nexus_2k_000800,snapshot/candidates/c2/run/updates-from0000000-1791378077797736560.jsonl
C2,310,309,0.8652202129364014,0.0001,5.354296542704105,1801.1792689487338,62422066176,76235669504,nexus_2k_001825;nexus_2k_001093;nexus_2k_001085;nexus_2k_001483;nexus_2k_001216,snapshot/candidates/c2/run/updates-from0000000-1791378077797736560.jsonl
C2,311,310,0.7888432741165161,0.0001,6.00695712864399,1807.186902090907,58860571136,76235669504,nexus_2k_000167;nexus_2k_001536;nexus_2k_000840;nexus_2k_001415;nexus_2k_000935,snapshot/candidates/c2/run/updates-from0000000-1791378077797736560.jsonl
C2,312,311,0.8466113448143006,0.0001,4.592287143692374,1811.7795737143606,58037471232,76235669504,nexus_2k_001792;nexus_2k_001780;nexus_2k_000283;nexus_2k_000447;nexus_2k_001150,snapshot/candidates/c2/run/updates-from0000000-1791378077797736560.jsonl
C2,313,312,0.8014071106910705,0.0001,5.991277219727635,1817.771211244166,62419783168,76235669504,nexus_2k_000898;nexus_2k_000053;nexus_2k_000142;nexus_2k_001439;nexus_2k_000872,snapshot/candidates/c2/run/updates-from0000000-1791378077797736560.jsonl
C2,314,313,0.7157826662063599,0.0001,4.494800834916532,1822.2663856362924,59144553472,76235669504,nexus_2k_001716;nexus_2k_000346;nexus_2k_000118;nexus_2k_001317;nexus_2k_000815,snapshot/candidates/c2/run/updates-from0000000-1791378077797736560.jsonl
C2,315,314,0.7519721627235413,0.0001,4.507446090690792,1826.7743634926155,66595993088,76235669504,nexus_2k_001843;nexus_2k_001483;nexus_2k_001085;nexus_2k_000020;nexus_2k_000083,snapshot/candidates/c2/run/updates-from0000000-1791378077797736560.jsonl
C2,316,315,0.8155529141426087,0.0001,4.247874843887985,1831.0226880051196,56316617728,76235669504,nexus_2k_000783;nexus_2k_001087;nexus_2k_000675;nexus_2k_001045;nexus_2k_000242,snapshot/candidates/c2/run/updates-from0000000-1791378077797736560.jsonl
C2,317,316,0.7300523042678833,0.0001,3.898465824313462,1834.92159487959,49750531584,76235669504,nexus_2k_000074;nexus_2k_001216;nexus_2k_001577;nexus_2k_000796;nexus_2k_001331,snapshot/candidates/c2/run/updates-from0000000-1791378077797736560.jsonl
C2,318,317,0.7215040922164917,0.0001,4.873386123217642,1839.7954859221354,69158867456,76235669504,nexus_2k_000952;nexus_2k_000084;nexus_2k_000519;nexus_2k_000823;nexus_2k_001232,snapshot/candidates/c2/run/updates-from0000000-1791378077797736560.jsonl
C2,319,318,0.6686426997184753,0.0001,5.826502216048539,1845.6227918127552,67244398080,76235669504,nexus_2k_001179;nexus_2k_001093;nexus_2k_001692;nexus_2k_000280;nexus_2k_001211,snapshot/candidates/c2/run/updates-from0000000-1791378077797736560.jsonl
C2,320,319,0.7275873303413392,0.0001,6.180607772432268,1851.8039434598759,60489611264,76235669504,nexus_2k_000869;nexus_2k_001178;nexus_2k_000800;nexus_2k_001550;nexus_2k_001825,snapshot/candidates/c2/run/updates-from0000000-1791378077797736560.jsonl
C2,321,320,0.7440077066421509,0.0001,5.68137947563082,1857.4856791784987,58845559296,76235669504,nexus_2k_000869;nexus_2k_000935;nexus_2k_000242;nexus_2k_000952;nexus_2k_001825,snapshot/candidates/c2/run/updates-from0000000-1791378077797736560.jsonl
C2,322,321,0.7550109386444092,0.0001,5.167245238088071,1862.6534353550524,69162680320,76235669504,nexus_2k_000675;nexus_2k_001439;nexus_2k_001716;nexus_2k_000053;nexus_2k_001232,snapshot/candidates/c2/run/updates-from0000000-1791378077797736560.jsonl
C2,323,322,0.7372772336006165,0.0001,5.902102262713015,1868.5559836048633,67189080064,76235669504,nexus_2k_001211;nexus_2k_000167;nexus_2k_000840;nexus_2k_000815;nexus_2k_000084,snapshot/candidates/c2/run/updates-from0000000-1791378077797736560.jsonl
C2,324,323,0.628122341632843,0.0001,4.133165316656232,1872.6897059688345,49747848704,76235669504,nexus_2k_001483;nexus_2k_001331;nexus_2k_001179;nexus_2k_000519;nexus_2k_000823,snapshot/candidates/c2/run/updates-from0000000-1791378077797736560.jsonl
C2,325,324,0.8288802385330201,0.0001,3.905412103049457,1876.5956658944488,53221064704,76235669504,nexus_2k_001093;nexus_2k_000074;nexus_2k_000346;nexus_2k_001536;nexus_2k_001150,snapshot/candidates/c2/run/updates-from0000000-1791378077797736560.jsonl
C2,326,325,0.6585599184036255,0.0001,3.4653627844527364,1880.0614112270996,57452777472,76235669504,nexus_2k_000020;nexus_2k_000118;nexus_2k_001415;nexus_2k_001843;nexus_2k_001045,snapshot/candidates/c2/run/updates-from0000000-1791378077797736560.jsonl
C2,327,326,0.7039459705352783,0.0001,3.27149068005383,1883.3336724415421,51678722560,76235669504,nexus_2k_001085;nexus_2k_000447;nexus_2k_001550;nexus_2k_001780;nexus_2k_001087,snapshot/candidates/c2/run/updates-from0000000-1791378077797736560.jsonl
C2,328,327,0.7447299003601074,0.0001,7.121772739104927,1890.455918777734,71661828608,76235669504,nexus_2k_000872;nexus_2k_000898;nexus_2k_000083;nexus_2k_000283;nexus_2k_000142,snapshot/candidates/c2/run/updates-from0000000-1791378077797736560.jsonl
C2,329,328,0.6632537722587586,0.0001,4.12159641738981,1894.5785092003644,56519983104,76235669504,nexus_2k_001692;nexus_2k_001577;nexus_2k_001216;nexus_2k_000796;nexus_2k_001317,snapshot/candidates/c2/run/updates-from0000000-1791378077797736560.jsonl
C2,330,329,0.7735442042350769,0.0001,7.789216381497681,1902.3682913938537,67283422208,76235669504,nexus_2k_001792;nexus_2k_000800;nexus_2k_000280;nexus_2k_001178;nexus_2k_000783,snapshot/candidates/c2/run/updates-from0000000-1791378077797736560.jsonl
C2,331,330,0.6447375655174256,0.0001,4.8829209404066205,1907.2520166169852,67255143424,76235669504,nexus_2k_000084;nexus_2k_000280;nexus_2k_001093;nexus_2k_001085;nexus_2k_000074,snapshot/candidates/c2/run/updates-from0000000-1791378077797736560.jsonl
C2,332,331,0.7918408513069153,0.0001,3.723305944353342,1910.9758572680876,52967638016,76235669504,nexus_2k_001716;nexus_2k_001536;nexus_2k_001692;nexus_2k_001087;nexus_2k_000952,snapshot/candidates/c2/run/updates-from0000000-1791378077797736560.jsonl
C2,333,332,0.8096029162406921,0.0001,5.21189892385155,1916.1882169675082,56542867456,76235669504,nexus_2k_000800;nexus_2k_000840;nexus_2k_000675;nexus_2k_001331;nexus_2k_001317,snapshot/candidates/c2/run/updates-from0000000-1791378077797736560.jsonl
C2,334,333,0.6605864048004151,0.0001,5.38408569060266,1921.5726979775354,66594600448,76235669504,nexus_2k_001179;nexus_2k_001439;nexus_2k_001415;nexus_2k_000083;nexus_2k_000020,snapshot/candidates/c2/run/updates-from0000000-1791378077797736560.jsonl
C2,335,334,0.7349135279655457,0.0001,3.026085446588695,1924.5992157859728,49416047104,76235669504,nexus_2k_001843;nexus_2k_001150;nexus_2k_001216;nexus_2k_001045;nexus_2k_000519,snapshot/candidates/c2/run/updates-from0000000-1791378077797736560.jsonl
C2,336,335,0.6892547845840454,0.0001,5.384466816671193,1929.9841253571212,69164384256,76235669504,nexus_2k_000346;nexus_2k_001232;nexus_2k_001577;nexus_2k_000872;nexus_2k_001550,snapshot/candidates/c2/run/updates-from0000000-1791378077797736560.jsonl
C2,337,336,0.6948040366172791,0.0001,4.57309016212821,1934.5576042998582,57445828608,76235669504,nexus_2k_001792;nexus_2k_000053;nexus_2k_001825;nexus_2k_000796;nexus_2k_000447,snapshot/candidates/c2/run/updates-from0000000-1791378077797736560.jsonl
C2,338,337,0.6769619822502136,0.0001,7.624696592800319,1942.1827921150252,65563993088,76235669504,nexus_2k_000898;nexus_2k_000283;nexus_2k_000783;nexus_2k_000815;nexus_2k_001483,snapshot/candidates/c2/run/updates-from0000000-1791378077797736560.jsonl
C2,339,338,0.7691194891929627,0.0001,4.679373579099774,1946.8625662857667,60571699712,76235669504,nexus_2k_000935;nexus_2k_000118;nexus_2k_001211;nexus_2k_000823;nexus_2k_001780,snapshot/candidates/c2/run/updates-from0000000-1791378077797736560.jsonl
C2,340,339,0.7406504154205322,0.0001,6.021651967428625,1952.884587455541,67151433728,76235669504,nexus_2k_000242;nexus_2k_000869;nexus_2k_000142;nexus_2k_000167;nexus_2k_001178,snapshot/candidates/c2/run/updates-from0000000-1791378077797736560.jsonl
C2,341,340,0.6520397305488587,0.0001,6.042736374773085,1958.9284628741443,62431622144,76235669504,nexus_2k_001179;nexus_2k_001093;nexus_2k_000283;nexus_2k_001178;nexus_2k_000869,snapshot/candidates/c2/run/updates-from0000000-1791378077797736560.jsonl
C2,342,341,0.6177258729934693,0.0001,5.403357397764921,1964.3326351428404,71676562944,76235669504,nexus_2k_001550;nexus_2k_000020;nexus_2k_000935;nexus_2k_000346;nexus_2k_000898,snapshot/candidates/c2/run/updates-from0000000-1791378077797736560.jsonl
C2,343,342,0.6282043337821961,0.0001,3.4509368743747473,1967.7841213559732,57459378176,76235669504,nexus_2k_001085;nexus_2k_001415;nexus_2k_000084;nexus_2k_001843;nexus_2k_001692,snapshot/candidates/c2/run/updates-from0000000-1791378077797736560.jsonl
C2,344,343,0.579272198677063,0.0001,4.135221233591437,1971.9198583913967,51250350080,76235669504,nexus_2k_000800;nexus_2k_001716;nexus_2k_001780;nexus_2k_001216;nexus_2k_000796,snapshot/candidates/c2/run/updates-from0000000-1791378077797736560.jsonl
C2,345,344,0.7551908493041992,0.0001,5.366084529086947,1977.2867524670437,67152842752,76235669504,nexus_2k_000675;nexus_2k_001577;nexus_2k_001211;nexus_2k_000167;nexus_2k_000519,snapshot/candidates/c2/run/updates-from0000000-1791378077797736560.jsonl
C2,346,345,0.6633995413780213,0.0001,6.300700390711427,1983.5881003588438,67239345664,76235669504,nexus_2k_000872;nexus_2k_001536;nexus_2k_001792;nexus_2k_000142;nexus_2k_000280,snapshot/candidates/c2/run/updates-from0000000-1791378077797736560.jsonl
C2,347,346,0.6354911804199219,0.0001,5.197823878377676,1988.7864220486954,55351756288,76235669504,nexus_2k_001825;nexus_2k_000242;nexus_2k_001439;nexus_2k_000840;nexus_2k_001483,snapshot/candidates/c2/run/updates-from0000000-1791378077797736560.jsonl
C2,348,347,0.6938313961029052,0.0001,3.2667730366811156,1992.053572873585,49746901504,76235669504,nexus_2k_000823;nexus_2k_001045;nexus_2k_001150;nexus_2k_001331;nexus_2k_000447,snapshot/candidates/c2/run/updates-from0000000-1791378077797736560.jsonl
C2,349,348,0.6366068124771118,0.0001,6.156048205681145,1998.2101512718946,69156540416,76235669504,nexus_2k_001087;nexus_2k_001232;nexus_2k_000053;nexus_2k_000083;nexus_2k_001317,snapshot/candidates/c2/run/updates-from0000000-1791378077797736560.jsonl
C2,350,349,0.6022992253303527,0.0001,5.450932272709906,2003.661524321884,59164653568,76235669504,nexus_2k_000783;nexus_2k_000118;nexus_2k_000074;nexus_2k_000815;nexus_2k_000952,snapshot/candidates/c2/run/updates-from0000000-1791378077797736560.jsonl
C2,351,350,0.6140833079814911,0.0001,6.705040856264532,2010.367365092039,62419783168,76235669504,nexus_2k_000898;nexus_2k_000242;nexus_2k_001415;nexus_2k_001093;nexus_2k_000872,snapshot/candidates/c2/run/updates-from0000000-1791378077797736560.jsonl
C2,352,351,0.6585744738578796,0.0001,5.825529114343226,2016.1934076817706,67148718080,76235669504,nexus_2k_001716;nexus_2k_001216;nexus_2k_000167;nexus_2k_000283;nexus_2k_000952,snapshot/candidates/c2/run/updates-from0000000-1791378077797736560.jsonl
C2,353,352,0.6846850156784058,0.0001,4.945956694893539,2021.1397149879485,60489318400,76235669504,nexus_2k_001780;nexus_2k_001843;nexus_2k_000800;nexus_2k_001483;nexus_2k_001178,snapshot/candidates/c2/run/updates-from0000000-1791378077797736560.jsonl
C2,354,353,0.6247565746307373,0.0001,4.875573854893446,2026.0158590376377,59144589312,76235669504,nexus_2k_000053;nexus_2k_001825;nexus_2k_001087;nexus_2k_000815;nexus_2k_001550,snapshot/candidates/c2/run/updates-from0000000-1791378077797736560.jsonl
C2,355,354,0.7230778813362122,0.0001,4.608699700795114,2030.625179049559,57205335040,76235669504,nexus_2k_000142;nexus_2k_000869;nexus_2k_000519;nexus_2k_000840;nexus_2k_001577,snapshot/candidates/c2/run/updates-from0000000-1791378077797736560.jsonl
C2,356,355,0.6883134126663208,0.0001,5.8864105036482215,2036.5120847709477,67334985216,76235669504,nexus_2k_000935;nexus_2k_001179;nexus_2k_000020;nexus_2k_000280;nexus_2k_001792,snapshot/candidates/c2/run/updates-from0000000-1791378077797736560.jsonl
C2,357,356,0.6640483021736145,0.0001,6.58916749805212,2043.1019286820665,69165432832,76235669504,nexus_2k_000796;nexus_2k_001317;nexus_2k_001439;nexus_2k_001232;nexus_2k_000783,snapshot/candidates/c2/run/updates-from0000000-1791378077797736560.jsonl
C2,358,357,0.6715770721435547,0.0001,3.7644468508660793,2046.8669896796346,60506864128,76235669504,nexus_2k_001085;nexus_2k_001211;nexus_2k_001692;nexus_2k_000675;nexus_2k_000447,snapshot/candidates/c2/run/updates-from0000000-1791378077797736560.jsonl
C2,359,358,0.6266749501228333,0.0001,3.202338259667158,2050.069838481024,47215074816,76235669504,nexus_2k_001150;nexus_2k_001536;nexus_2k_000823;nexus_2k_000084;nexus_2k_000074,snapshot/candidates/c2/run/updates-from0000000-1791378077797736560.jsonl
C2,360,359,0.5331250667572022,0.0001,4.216927105560899,2054.2873122943565,66592562688,76235669504,nexus_2k_000118;nexus_2k_000083;nexus_2k_000346;nexus_2k_001045;nexus_2k_001331,snapshot/candidates/c2/run/updates-from0000000-1791378077797736560.jsonl
C2,361,360,0.5918012380599975,0.0001,4.980882044881582,2059.2687845490873,66773114880,76235669504,nexus_2k_000815;nexus_2k_000519;nexus_2k_000074;nexus_2k_001792;nexus_2k_000118,snapshot/candidates/c2/run/updates-from0000000-1791378077797736560.jsonl
C2,362,361,0.6632628917694092,0.0001,5.8518231669440866,2065.121285443194,58030185472,76235669504,nexus_2k_000167;nexus_2k_000142;nexus_2k_000283;nexus_2k_001825;nexus_2k_000675,snapshot/candidates/c2/run/updates-from0000000-1791378077797736560.jsonl
C2,363,362,0.6017608165740966,0.0001,4.420202249661088,2069.5419458709657,60486323200,76235669504,nexus_2k_000053;nexus_2k_000800;nexus_2k_000084;nexus_2k_001692;nexus_2k_001415,snapshot/candidates/c2/run/updates-from0000000-1791378077797736560.jsonl
C2,364,363,0.5940749108791351,0.0001,5.9166493862867355,2075.45943595469,62454038016,76235669504,nexus_2k_001232;nexus_2k_001045;nexus_2k_001780;nexus_2k_001211;nexus_2k_001093,snapshot/candidates/c2/run/updates-from0000000-1791378077797736560.jsonl
C2,365,364,0.6416459918022156,0.0001,4.538808091543615,2079.9989061402157,58019685376,76235669504,nexus_2k_000280;nexus_2k_001577;nexus_2k_001536;nexus_2k_000346;nexus_2k_001716,snapshot/candidates/c2/run/updates-from0000000-1791378077797736560.jsonl
C2,366,365,0.6442774116992951,0.0001,5.856813905760646,2085.856145238504,56523903488,76235669504,nexus_2k_000952;nexus_2k_001331;nexus_2k_001317;nexus_2k_001439;nexus_2k_001178,snapshot/candidates/c2/run/updates-from0000000-1791378077797736560.jsonl
C2,367,366,0.6786848664283752,0.0001,4.967194565571845,2090.823733733967,58840287744,76235669504,nexus_2k_001216;nexus_2k_000823;nexus_2k_000869;nexus_2k_001179;nexus_2k_000935,snapshot/candidates/c2/run/updates-from0000000-1791378077797736560.jsonl
C2,368,367,0.6325372338294983,0.0001,5.399089922197163,2096.2233501933515,57351915008,76235669504,nexus_2k_000083;nexus_2k_000242;nexus_2k_000840;nexus_2k_000872;nexus_2k_001550,snapshot/candidates/c2/run/updates-from0000000-1791378077797736560.jsonl
C2,369,368,0.8062385082244873,0.0001,3.770817732438445,2099.995083523914,65565576192,76235669504,nexus_2k_000796;nexus_2k_000783;nexus_2k_001085;nexus_2k_000020;nexus_2k_001843,snapshot/candidates/c2/run/updates-from0000000-1791378077797736560.jsonl
C2,370,369,0.5949314713478089,0.0001,4.902191367000341,2104.8977399626747,71659550208,76235669504,nexus_2k_001087;nexus_2k_000898;nexus_2k_000447;nexus_2k_001150;nexus_2k_001483,snapshot/candidates/c2/run/updates-from0000000-1791378077797736560.jsonl
C2,371,370,0.7100528001785278,0.0001,6.455591090023518,2111.3539346829057,67150584320,76235669504,nexus_2k_001317;nexus_2k_001179;nexus_2k_001211;nexus_2k_000167;nexus_2k_000815,snapshot/candidates/c2/run/updates-from0000000-1791378077797736560.jsonl
C2,372,371,0.6227744698524476,0.0001,7.795725150965154,2119.150204150006,71674230272,76235669504,nexus_2k_000783;nexus_2k_000869;nexus_2k_001178;nexus_2k_000898;nexus_2k_001093,snapshot/candidates/c2/run/updates-from0000000-1791378077797736560.jsonl
C2,373,372,0.6519086241722107,0.0001,4.278038378804922,2123.4287068080157,53289269248,76235669504,nexus_2k_001780;nexus_2k_001216;nexus_2k_000796;nexus_2k_001825;nexus_2k_000952,snapshot/candidates/c2/run/updates-from0000000-1791378077797736560.jsonl
C2,374,373,0.5464184284210205,0.0001,3.600826538167894,2127.0300334319472,57994714112,76235669504,nexus_2k_000074;nexus_2k_001045;nexus_2k_000519;nexus_2k_001843;nexus_2k_000283,snapshot/candidates/c2/run/updates-from0000000-1791378077797736560.jsonl
C2,375,374,0.5736336708068848,0.0001,5.936394004151225,2132.9671162655577,67226278912,76235669504,nexus_2k_001331;nexus_2k_000280;nexus_2k_000800;nexus_2k_000872;nexus_2k_001716,snapshot/candidates/c2/run/updates-from0000000-1791378077797736560.jsonl
C2,376,375,0.615237045288086,0.0001,3.393306866288185,2136.3610696224496,47225857536,76235669504,nexus_2k_001550;nexus_2k_001536;nexus_2k_000118;nexus_2k_001150;nexus_2k_000084,snapshot/candidates/c2/run/updates-from0000000-1791378077797736560.jsonl
C2,377,376,0.6400105357170105,0.0001,5.535708148963749,2141.897362840362,66693087232,76235669504,nexus_2k_000840;nexus_2k_000823;nexus_2k_000142;nexus_2k_001439;nexus_2k_001792,snapshot/candidates/c2/run/updates-from0000000-1791378077797736560.jsonl
C2,378,377,0.7587432026863098,0.0001,5.634256572462618,2147.532303652726,59918694400,76235669504,nexus_2k_001232;nexus_2k_001483;nexus_2k_001415;nexus_2k_000675;nexus_2k_000346,snapshot/candidates/c2/run/updates-from0000000-1791378077797736560.jsonl
C2,379,378,0.5369581580162048,0.0001,4.1193196242675185,2151.6524033285677,57351915008,76235669504,nexus_2k_000083;nexus_2k_000242;nexus_2k_000447;nexus_2k_001085;nexus_2k_000020,snapshot/candidates/c2/run/updates-from0000000-1791378077797736560.jsonl
C2,380,379,0.6135422766208649,0.0001,3.9962743343785405,2155.649214744568,58835844608,76235669504,nexus_2k_001087;nexus_2k_000935;nexus_2k_000053;nexus_2k_001692;nexus_2k_001577,snapshot/candidates/c2/run/updates-from0000000-1791378077797736560.jsonl
C2,381,380,0.571057277917862,0.0001,3.709262759424746,2159.359064243734,46847021056,76235669504,nexus_2k_001825;nexus_2k_000053;nexus_2k_000242;nexus_2k_000118;nexus_2k_000447,snapshot/candidates/c2/run/updates-from0000000-1791378077797736560.jsonl
C2,382,381,0.6308402776718139,0.0001,5.071208604611456,2164.431003293954,56531947520,76235669504,nexus_2k_000840;nexus_2k_000796;nexus_2k_001439;nexus_2k_001317;nexus_2k_001483,snapshot/candidates/c2/run/updates-from0000000-1791378077797736560.jsonl
C2,383,382,0.651751983165741,0.0001,5.024632745422423,2169.4562286045402,66597427200,76235669504,nexus_2k_001085;nexus_2k_000142;nexus_2k_000083;nexus_2k_000346;nexus_2k_001178,snapshot/candidates/c2/run/updates-from0000000-1791378077797736560.jsonl
C2,384,383,0.619632613658905,0.0001,5.156167138367891,2174.612889762968,57980923392,76235669504,nexus_2k_000952;nexus_2k_000074;nexus_2k_001331;nexus_2k_000872;nexus_2k_000283,snapshot/candidates/c2/run/updates-from0000000-1791378077797736560.jsonl
C2,385,384,0.6889527320861817,0.0001,5.471708941273391,2180.085113416426,69188370432,76235669504,nexus_2k_001792;nexus_2k_001150;nexus_2k_001780;nexus_2k_001577;nexus_2k_001232,snapshot/candidates/c2/run/updates-from0000000-1791378077797736560.jsonl
C2,386,385,0.5577515482902526,0.0001,4.4334011394530535,2184.518942339346,65562561536,76235669504,nexus_2k_001216;nexus_2k_000084;nexus_2k_001087;nexus_2k_000783;nexus_2k_000675,snapshot/candidates/c2/run/updates-from0000000-1791378077797736560.jsonl
C2,387,386,0.5248435735702515,0.0001,5.897600056603551,2190.4170527700335,62419783168,76235669504,nexus_2k_000898;nexus_2k_001093;nexus_2k_000823;nexus_2k_001550;nexus_2k_001179,snapshot/candidates/c2/run/updates-from0000000-1791378077797736560.jsonl
C2,388,387,0.5544777989387513,0.0001,7.436851168982685,2197.8549634469673,67288278528,76235669504,nexus_2k_001211;nexus_2k_000935;nexus_2k_000815;nexus_2k_000800;nexus_2k_000280,snapshot/candidates/c2/run/updates-from0000000-1791378077797736560.jsonl
C2,389,388,0.49068530201911925,0.0001,4.884357677772641,2202.7399450251833,67151843328,76235669504,nexus_2k_000020;nexus_2k_000519;nexus_2k_000167;nexus_2k_000869;nexus_2k_001716,snapshot/candidates/c2/run/updates-from0000000-1791378077797736560.jsonl
C2,390,389,0.6422258794307709,0.0001,3.6392960278317332,2206.3796165743843,57454716928,76235669504,nexus_2k_001536;nexus_2k_001843;nexus_2k_001692;nexus_2k_001415;nexus_2k_001045,snapshot/candidates/c2/run/updates-from0000000-1791378077797736560.jsonl
C2,391,390,0.5450672090053559,0.0001,4.977617018856108,2211.3576664095744,65557047296,76235669504,nexus_2k_001825;nexus_2k_001550;nexus_2k_000783;nexus_2k_000074;nexus_2k_000020,snapshot/candidates/c2/run/updates-from0000000-1791378077797736560.jsonl
C2,392,391,0.8013768196105957,0.0001,3.9514657156541944,2215.3095427239314,58004878336,76235669504,nexus_2k_001577;nexus_2k_000796;nexus_2k_001179;nexus_2k_001087;nexus_2k_000283,snapshot/candidates/c2/run/updates-from0000000-1791378077797736560.jsonl
C2,393,392,0.580321627855301,0.0001,4.944685028865933,2220.254578491673,67151448064,76235669504,nexus_2k_000823;nexus_2k_001536;nexus_2k_001150;nexus_2k_000167;nexus_2k_001439,snapshot/candidates/c2/run/updates-from0000000-1791378077797736560.jsonl
C2,394,393,0.5986978650093079,0.0001,7.255257872864604,2227.5106637012213,71671666176,76235669504,nexus_2k_000869;nexus_2k_000280;nexus_2k_001792;nexus_2k_000084;nexus_2k_000898,snapshot/candidates/c2/run/updates-from0000000-1791378077797736560.jsonl
C2,395,394,0.5188234090805054,0.0001,6.280123050324619,2233.7912750234827,66598119424,76235669504,nexus_2k_001085;nexus_2k_000083;nexus_2k_000815;nexus_2k_001317;nexus_2k_000935,snapshot/candidates/c2/run/updates-from0000000-1791378077797736560.jsonl
C2,396,395,0.5336255490779876,0.0001,3.6365642212331295,2237.428327245638,51250350080,76235669504,nexus_2k_000800;nexus_2k_000519;nexus_2k_001045;nexus_2k_000118;nexus_2k_001692,snapshot/candidates/c2/run/updates-from0000000-1791378077797736560.jsonl
C2,397,396,0.49130500555038453,0.0001,5.110105626285076,2242.5398923875764,62427346944,76235669504,nexus_2k_001716;nexus_2k_000675;nexus_2k_001093;nexus_2k_001331;nexus_2k_001483,snapshot/candidates/c2/run/updates-from0000000-1791378077797736560.jsonl
C2,398,397,0.6297760426998138,0.0001,4.6595693016424775,2247.1999966660514,60502845952,76235669504,nexus_2k_001780;nexus_2k_000872;nexus_2k_001216;nexus_2k_001211;nexus_2k_000447,snapshot/candidates/c2/run/updates-from0000000-1791378077797736560.jsonl
C2,399,398,0.5141138672828675,0.0001,5.682926083914936,2252.8833709862083,69160951808,76235669504,nexus_2k_000053;nexus_2k_001232;nexus_2k_001415;nexus_2k_000346;nexus_2k_001178,snapshot/candidates/c2/run/updates-from0000000-1791378077797736560.jsonl
C2,400,399,0.6887155652046204,0.0001,4.216460932046175,2257.1003576461226,50426664448,76235669504,nexus_2k_000952;nexus_2k_000840;nexus_2k_000242;nexus_2k_001843;nexus_2k_000142,snapshot/candidates/c2/run/updates-from0000000-1791378077797736560.jsonl
C2,401,400,0.685697603225708,0.0001,3.371111234650016,2260.4718993240967,47255891968,76235669504,nexus_2k_001317;nexus_2k_001179;nexus_2k_001843;nexus_2k_000796;nexus_2k_001692,snapshot/candidates/c2/run/updates-from0000000-1791378077797736560.jsonl
C2,402,401,0.6691763818264007,0.0001,5.5371213890612125,2266.009688390419,60482167296,76235669504,nexus_2k_000952;nexus_2k_000815;nexus_2k_001216;nexus_2k_000447;nexus_2k_000800,snapshot/candidates/c2/run/updates-from0000000-1791378077797736560.jsonl
C2,403,402,0.55837122797966,0.0001,6.102545266970992,2272.112679524347,67195079168,76235669504,nexus_2k_001232;nexus_2k_000823;nexus_2k_000167;nexus_2k_001085;nexus_2k_001483,snapshot/candidates/c2/run/updates-from0000000-1791378077797736560.jsonl
C2,404,403,0.582019978761673,0.0001,4.544328305870295,2276.657501364127,58857181696,76235669504,nexus_2k_001178;nexus_2k_000935;nexus_2k_000242;nexus_2k_000675;nexus_2k_000084,snapshot/candidates/c2/run/updates-from0000000-1791378077797736560.jsonl
C2,405,404,0.585853224992752,0.0001,3.634028520435095,2280.291906110011,50476409856,76235669504,nexus_2k_000346;nexus_2k_001577;nexus_2k_001716;nexus_2k_000142;nexus_2k_000519,snapshot/candidates/c2/run/updates-from0000000-1791378077797736560.jsonl
C2,406,405,0.6910154759883881,0.0001,5.048117808997631,2285.3404252063483,57187854336,76235669504,nexus_2k_001825;nexus_2k_000869;nexus_2k_001331;nexus_2k_001550;nexus_2k_000074,snapshot/candidates/c2/run/updates-from0000000-1791378077797736560.jsonl
C2,407,406,0.7297043263912201,0.0001,3.073754334822297,2288.4145868699998,47226247680,76235669504,nexus_2k_000840;nexus_2k_000020;nexus_2k_001045;nexus_2k_001536;nexus_2k_001150,snapshot/candidates/c2/run/updates-from0000000-1791378077797736560.jsonl
C2,408,407,0.6185083508491516,0.0001,6.138265200890601,2294.5533673353493,66592919040,76235669504,nexus_2k_000118;nexus_2k_001093;nexus_2k_000783;nexus_2k_000083;nexus_2k_001087,snapshot/candidates/c2/run/updates-from0000000-1791378077797736560.jsonl
C2,409,408,0.6724333703517914,0.0001,6.132273784838617,2300.6865657651797,67239345664,76235669504,nexus_2k_000872;nexus_2k_000280;nexus_2k_000053;nexus_2k_001415;nexus_2k_000283,snapshot/candidates/c2/run/updates-from0000000-1791378077797736560.jsonl
C2,410,409,0.48999356031417846,0.0001,6.90461041033268,2307.5918849669397,71676071424,76235669504,nexus_2k_001439;nexus_2k_001792;nexus_2k_000898;nexus_2k_001211;nexus_2k_001780,snapshot/candidates/c2/run/updates-from0000000-1791378077797736560.jsonl
C2,411,410,0.468706750869751,0.0001,6.032888778485358,2313.6253239465877,62428612608,76235669504,nexus_2k_001216;nexus_2k_001550;nexus_2k_000872;nexus_2k_001093;nexus_2k_000815,snapshot/candidates/c2/run/updates-from0000000-1791378077797736560.jsonl
C2,412,411,0.6190809547901154,0.0001,5.074163392186165,2318.6999757783487,67237317632,76235669504,nexus_2k_001045;nexus_2k_000447;nexus_2k_000280;nexus_2k_000118;nexus_2k_000083,snapshot/candidates/c2/run/updates-from0000000-1791378077797736560.jsonl
C2,413,412,0.5849705040454865,0.0001,4.245970683172345,2322.9464639555663,58844371456,76235669504,nexus_2k_000346;nexus_2k_000053;nexus_2k_000935;nexus_2k_001178;nexus_2k_001150,snapshot/candidates/c2/run/updates-from0000000-1791378077797736560.jsonl
C2,414,413,0.5980053663253784,0.0001,5.322087906301022,2328.269488329068,60525522432,76235669504,nexus_2k_000283;nexus_2k_001716;nexus_2k_001577;nexus_2k_000142;nexus_2k_001211,snapshot/candidates/c2/run/updates-from0000000-1791378077797736560.jsonl
C2,415,414,0.6293103635311127,0.0001,5.1331131011247635,2333.4031494669616,65587347456,76235669504,nexus_2k_000800;nexus_2k_000020;nexus_2k_001536;nexus_2k_000675;nexus_2k_000783,snapshot/candidates/c2/run/updates-from0000000-1791378077797736560.jsonl
C2,416,415,0.5380231022834778,0.0001,3.951829833909869,2337.3554716017097,49745385984,76235669504,nexus_2k_001317;nexus_2k_001331;nexus_2k_001179;nexus_2k_000074;nexus_2k_001692,snapshot/candidates/c2/run/updates-from0000000-1791378077797736560.jsonl
C2,417,416,0.6593006670475006,0.0001,6.83401052094996,2344.1900963578373,71680656896,76235669504,nexus_2k_001415;nexus_2k_001843;nexus_2k_000869;nexus_2k_000898;nexus_2k_001792,snapshot/candidates/c2/run/updates-from0000000-1791378077797736560.jsonl
C2,418,417,0.7288397252559662,0.0001,3.9395321579650044,2348.130227775313,47918043136,76235669504,nexus_2k_001439;nexus_2k_000840;nexus_2k_000084;nexus_2k_000519;nexus_2k_000242,snapshot/candidates/c2/run/updates-from0000000-1791378077797736560.jsonl
C2,419,418,0.5051666855812073,0.0001,5.857783988118172,2353.988583635539,59918694400,76235669504,nexus_2k_001232;nexus_2k_001483;nexus_2k_000796;nexus_2k_000952;nexus_2k_001825,snapshot/candidates/c2/run/updates-from0000000-1791378077797736560.jsonl
C2,420,419,0.6155636608600616,0.0001,4.212396860122681,2358.201473216526,67151448064,76235669504,nexus_2k_000823;nexus_2k_000167;nexus_2k_001087;nexus_2k_001085;nexus_2k_001780,snapshot/candidates/c2/run/updates-from0000000-1791378077797736560.jsonl
C2,421,420,0.6471447050571442,0.0001,5.534575421363115,2363.736479395069,65560243200,76235669504,nexus_2k_000118;nexus_2k_001178;nexus_2k_001179;nexus_2k_000783;nexus_2k_000815,snapshot/candidates/c2/run/updates-from0000000-1791378077797736560.jsonl
C2,422,421,0.5696691691875457,0.0001,4.940906265750527,2368.677815149538,58855031296,76235669504,nexus_2k_001483;nexus_2k_001536;nexus_2k_001087;nexus_2k_000935;nexus_2k_001216,snapshot/candidates/c2/run/updates-from0000000-1791378077797736560.jsonl
C2,423,422,0.49813060760498046,0.0001,3.787133571691811,2372.465509487316,51670931456,76235669504,nexus_2k_000447;nexus_2k_000053;nexus_2k_001716;nexus_2k_001577;nexus_2k_001550,snapshot/candidates/c2/run/updates-from0000000-1791378077797736560.jsonl
C2,424,423,0.5608325660228729,0.0001,6.258484460413456,2378.724476955831,71669114368,76235669504,nexus_2k_001085;nexus_2k_001211;nexus_2k_000020;nexus_2k_000898;nexus_2k_000167,snapshot/candidates/c2/run/updates-from0000000-1791378077797736560.jsonl
C2,425,424,0.5032695710659028,0.0001,4.542523180134594,2383.2675260165706,53283938304,76235669504,nexus_2k_000952;nexus_2k_000840;nexus_2k_001331;nexus_2k_001825;nexus_2k_000346,snapshot/candidates/c2/run/updates-from0000000-1791378077797736560.jsonl
C2,426,425,0.4966899037361145,0.0001,4.58430539816618,2387.852393442765,57351915008,76235669504,nexus_2k_000083;nexus_2k_001692;nexus_2k_000823;nexus_2k_000074;nexus_2k_000142,snapshot/candidates/c2/run/updates-from0000000-1791378077797736560.jsonl
C2,427,426,0.6232242822647095,0.0001,5.4863662691786885,2393.3397812098265,67244309504,76235669504,nexus_2k_001780;nexus_2k_000796;nexus_2k_000280;nexus_2k_001317;nexus_2k_000800,snapshot/candidates/c2/run/updates-from0000000-1791378077797736560.jsonl
C2,428,427,0.59710134267807,0.0001,5.429386890493333,2398.7697781240568,66683324416,76235669504,nexus_2k_000872;nexus_2k_000519;nexus_2k_000675;nexus_2k_001792;nexus_2k_001415,snapshot/candidates/c2/run/updates-from0000000-1791378077797736560.jsonl
C2,429,428,0.6782331943511963,0.0001,5.580852639861405,2404.3513806806877,69169484800,76235669504,nexus_2k_000869;nexus_2k_001843;nexus_2k_001232;nexus_2k_001150;nexus_2k_000283,snapshot/candidates/c2/run/updates-from0000000-1791378077797736560.jsonl
C2,430,429,0.5142652273178101,0.0001,4.543905455619097,2408.8957448955625,55351895552,76235669504,nexus_2k_001093;nexus_2k_000242;nexus_2k_001439;nexus_2k_000084;nexus_2k_001045,snapshot/candidates/c2/run/updates-from0000000-1791378077797736560.jsonl
C2,431,430,0.5516798496246338,0.0001,4.107907318510115,2413.004048633389,57189068800,76235669504,nexus_2k_001045;nexus_2k_000869;nexus_2k_001317;nexus_2k_001692;nexus_2k_001843,snapshot/candidates/c2/run/updates-from0000000-1791378077797736560.jsonl
C2,432,431,0.5693273961544036,0.0001,7.440514554269612,2420.4450468542054,67239345664,76235669504,nexus_2k_000872;nexus_2k_000280;nexus_2k_001792;nexus_2k_000783;nexus_2k_001178,snapshot/candidates/c2/run/updates-from0000000-1791378077797736560.jsonl
C2,433,432,0.5218169093132019,0.0001,3.524564117193222,2423.970553694293,48752308224,76235669504,nexus_2k_000283;nexus_2k_000020;nexus_2k_001780;nexus_2k_000118;nexus_2k_000796,snapshot/candidates/c2/run/updates-from0000000-1791378077797736560.jsonl
C2,434,433,0.4879514157772064,0.0001,5.3232357846572995,2429.2947357501835,60483762688,76235669504,nexus_2k_001093;nexus_2k_001577;nexus_2k_001087;nexus_2k_000840;nexus_2k_001211,snapshot/candidates/c2/run/updates-from0000000-1791378077797736560.jsonl
C2,435,434,0.4990678489208221,0.0001,3.3370869662612677,2432.632353231311,53282335744,76235669504,nexus_2k_001150;nexus_2k_001825;nexus_2k_000084;nexus_2k_000519;nexus_2k_001179,snapshot/candidates/c2/run/updates-from0000000-1791378077797736560.jsonl
C2,436,435,0.5596650600433349,0.0001,8.450282254256308,2441.0830181268975,71686821376,76235669504,nexus_2k_000083;nexus_2k_000815;nexus_2k_000800;nexus_2k_000898;nexus_2k_001232,snapshot/candidates/c2/run/updates-from0000000-1791378077797736560.jsonl
C2,437,436,0.49579005837440493,0.0001,3.654497037641704,2444.738112893887,51664646144,76235669504,nexus_2k_000242;nexus_2k_000447;nexus_2k_001550;nexus_2k_001536;nexus_2k_001085,snapshot/candidates/c2/run/updates-from0000000-1791378077797736560.jsonl
C2,438,437,0.5169410169124603,0.0001,5.149897480383515,2449.889197487384,67182350336,76235669504,nexus_2k_000142;nexus_2k_000167;nexus_2k_000952;nexus_2k_001716;nexus_2k_000074,snapshot/candidates/c2/run/updates-from0000000-1791378077797736560.jsonl
C2,439,438,0.4913125395774841,0.0001,4.389201578684151,2454.2792018568143,49764536832,76235669504,nexus_2k_001415;nexus_2k_001331;nexus_2k_000823;nexus_2k_000675;nexus_2k_000053,snapshot/candidates/c2/run/updates-from0000000-1791378077797736560.jsonl
C2,440,439,0.521974754333496,0.0001,5.267528785392642,2459.547152068466,58844371456,76235669504,nexus_2k_000346;nexus_2k_001483;nexus_2k_001439;nexus_2k_001216;nexus_2k_000935,snapshot/candidates/c2/run/updates-from0000000-1791378077797736560.jsonl
C2,441,440,0.5643922746181488,0.0001,4.45998646505177,2464.007521621883,62424369152,76235669504,nexus_2k_001692;nexus_2k_001045;nexus_2k_001087;nexus_2k_001093;nexus_2k_001415,snapshot/candidates/c2/run/updates-from0000000-1791378077797736560.jsonl
C2,442,441,0.7188098430633545,0.0001,5.309083454310894,2469.317147145048,65572687872,76235669504,nexus_2k_001483;nexus_2k_000783;nexus_2k_001780;nexus_2k_001536;nexus_2k_001825,snapshot/candidates/c2/run/updates-from0000000-1791378077797736560.jsonl
C2,443,442,0.6873436570167542,0.0001,6.305755981244147,2475.6234530983493,66722131968,76235669504,nexus_2k_001439;nexus_2k_000869;nexus_2k_000800;nexus_2k_001792;nexus_2k_001085,snapshot/candidates/c2/run/updates-from0000000-1791378077797736560.jsonl
C2,444,443,0.70819993019104,0.0001,5.257453938946128,2480.881447158754,60500225536,76235669504,nexus_2k_000053;nexus_2k_001216;nexus_2k_001211;nexus_2k_000823;nexus_2k_000815,snapshot/candidates/c2/run/updates-from0000000-1791378077797736560.jsonl
C2,445,444,0.5517329216003418,0.0001,4.784428137354553,2485.666400063783,58843616768,76235669504,nexus_2k_001843;nexus_2k_000283;nexus_2k_000020;nexus_2k_001550;nexus_2k_000935,snapshot/candidates/c2/run/updates-from0000000-1791378077797736560.jsonl
C2,446,445,0.5433388888835907,0.0001,4.55711183603853,2490.224032475613,55513775104,76235669504,nexus_2k_001577;nexus_2k_000118;nexus_2k_000952;nexus_2k_000242;nexus_2k_001178,snapshot/candidates/c2/run/updates-from0000000-1791378077797736560.jsonl
C2,447,446,0.5561226725578308,0.0001,5.346652278676629,2495.5714874425903,69172977664,76235669504,nexus_2k_000142;nexus_2k_001232;nexus_2k_001150;nexus_2k_001317;nexus_2k_001716,snapshot/candidates/c2/run/updates-from0000000-1791378077797736560.jsonl
C2,448,447,0.6076489448547363,0.0001,6.226868025958538,2501.7990800067782,67182090240,76235669504,nexus_2k_000280;nexus_2k_000346;nexus_2k_000167;nexus_2k_000083;nexus_2k_001179,snapshot/candidates/c2/run/updates-from0000000-1791378077797736560.jsonl
C2,449,448,0.566190493106842,0.0001,3.129223092459142,2504.9288370404392,47914684928,76235669504,nexus_2k_000519;nexus_2k_000084;nexus_2k_000840;nexus_2k_000447;nexus_2k_000074,snapshot/candidates/c2/run/updates-from0000000-1791378077797736560.jsonl
C2,450,449,0.628729772567749,0.0001,5.2446541944518685,2510.1741225440055,71661828608,76235669504,nexus_2k_000872;nexus_2k_000898;nexus_2k_000796;nexus_2k_001331;nexus_2k_000675,snapshot/candidates/c2/run/updates-from0000000-1791378077797736560.jsonl
C2,451,450,0.4070869743824005,0.0001,5.620315699838102,2515.7950181635097,56543916032,76235669504,nexus_2k_000800;nexus_2k_000952;nexus_2k_001178;nexus_2k_001317;nexus_2k_001692,snapshot/candidates/c2/run/updates-from0000000-1791378077797736560.jsonl
C2,452,451,0.5482565581798553,0.0001,4.427972993813455,2520.2234503254294,58840954368,76235669504,nexus_2k_000074;nexus_2k_000084;nexus_2k_000519;nexus_2k_000869;nexus_2k_000935,snapshot/candidates/c2/run/updates-from0000000-1791378077797736560.jsonl
C2,453,452,0.6426951587200165,0.0001,5.932185328565538,2526.156162080355,66629623296,76235669504,nexus_2k_000283;nexus_2k_000083;nexus_2k_001716;nexus_2k_000020;nexus_2k_000783,snapshot/candidates/c2/run/updates-from0000000-1791378077797736560.jsonl
C2,454,453,0.47857692241668703,0.0001,5.71982929110527,2531.8764355201274,66708620800,76235669504,nexus_2k_000167;nexus_2k_001792;nexus_2k_001536;nexus_2k_000142;nexus_2k_000346,snapshot/candidates/c2/run/updates-from0000000-1791378077797736560.jsonl
C2,455,454,0.5454520523548126,0.0001,3.9893840653821826,2535.866285951808,59148331008,76235669504,nexus_2k_001843;nexus_2k_000675;nexus_2k_000796;nexus_2k_000840;nexus_2k_000815,snapshot/candidates/c2/run/updates-from0000000-1791378077797736560.jsonl
C2,456,455,0.46476598381996154,0.0001,6.551340833306313,2542.4182145614177,71661020672,76235669504,nexus_2k_000280;nexus_2k_001087;nexus_2k_000898;nexus_2k_001439;nexus_2k_001331,snapshot/candidates/c2/run/updates-from0000000-1791378077797736560.jsonl
C2,457,456,0.3976324379444122,0.0001,5.657505572773516,2548.076293250546,69168097280,76235669504,nexus_2k_000447;nexus_2k_001093;nexus_2k_000872;nexus_2k_001232;nexus_2k_001085,snapshot/candidates/c2/run/updates-from0000000-1791378077797736560.jsonl
C2,458,457,0.43633230328559874,0.0001,3.4224279150366783,2551.4993526041508,51655665664,76235669504,nexus_2k_000823;nexus_2k_001045;nexus_2k_000118;nexus_2k_001150;nexus_2k_001550,snapshot/candidates/c2/run/updates-from0000000-1791378077797736560.jsonl
C2,459,458,0.5199727952480316,0.0001,5.4607123183086514,2556.9604987585917,60511779328,76235669504,nexus_2k_001415;nexus_2k_001216;nexus_2k_001179;nexus_2k_001825;nexus_2k_001211,snapshot/candidates/c2/run/updates-from0000000-1791378077797736560.jsonl
C2,460,459,0.6056491613388062,0.0001,4.017846908420324,2560.9792714398354,55000007680,76235669504,nexus_2k_000242;nexus_2k_001483;nexus_2k_001577;nexus_2k_000053;nexus_2k_001780,snapshot/candidates/c2/run/updates-from0000000-1791378077797736560.jsonl
C2,461,460,0.4024363875389099,0.0001,3.8878819374367595,2564.8676997339353,60491583488,76235669504,nexus_2k_000796;nexus_2k_000800;nexus_2k_000053;nexus_2k_000118;nexus_2k_000074,snapshot/candidates/c2/run/updates-from0000000-1791378077797736560.jsonl
C2,462,461,0.43420066237449645,0.0001,5.317143543623388,2570.1856937436387,58855031296,76235669504,nexus_2k_001483;nexus_2k_001331;nexus_2k_001085;nexus_2k_001439;nexus_2k_000935,snapshot/candidates/c2/run/updates-from0000000-1791378077797736560.jsonl
C2,463,462,0.40106998682022094,0.0001,3.2834540884941816,2573.4695255653933,57448908800,76235669504,nexus_2k_001150;nexus_2k_001415;nexus_2k_001843;nexus_2k_001045;nexus_2k_000020,snapshot/candidates/c2/run/updates-from0000000-1791378077797736560.jsonl
C2,464,463,0.6528053998947143,0.0001,4.844049976207316,2578.314320899546,67153928192,76235669504,nexus_2k_000346;nexus_2k_000675;nexus_2k_000167;nexus_2k_001087;nexus_2k_001317,snapshot/candidates/c2/run/updates-from0000000-1791378077797736560.jsonl
C2,465,464,0.4595817565917969,0.0001,5.09239914547652,2583.4073289968073,69231727104,76235669504,nexus_2k_000815;nexus_2k_000084;nexus_2k_001780;nexus_2k_000242;nexus_2k_001232,snapshot/candidates/c2/run/updates-from0000000-1791378077797736560.jsonl
C2,466,465,0.5304931938648224,0.0001,5.062555940821767,2588.4702991498634,71657870848,76235669504,nexus_2k_001825;nexus_2k_000898;nexus_2k_001179;nexus_2k_000519;nexus_2k_000823,snapshot/candidates/c2/run/updates-from0000000-1791378077797736560.jsonl
C2,467,466,0.47224960327148435,0.0001,5.741488454863429,2594.212377808988,66683293696,76235669504,nexus_2k_000872;nexus_2k_001536;nexus_2k_001792;nexus_2k_000869;nexus_2k_001577,snapshot/candidates/c2/run/updates-from0000000-1791378077797736560.jsonl
C2,468,467,0.6551885843276978,0.0001,5.428324146196246,2599.6413332726806,62427346944,76235669504,nexus_2k_001716;nexus_2k_001216;nexus_2k_001093;nexus_2k_001178;nexus_2k_000142,snapshot/candidates/c2/run/updates-from0000000-1791378077797736560.jsonl
C2,469,468,0.4790597379207611,0.0001,5.855823015794158,2605.497666926123,65568912384,76235669504,nexus_2k_000447;nexus_2k_001550;nexus_2k_000952;nexus_2k_001211;nexus_2k_000783,snapshot/candidates/c2/run/updates-from0000000-1791378077797736560.jsonl
C2,470,469,0.4512161135673523,0.0001,6.065003423020244,2611.5631626285613,67273351168,76235669504,nexus_2k_000283;nexus_2k_000280;nexus_2k_001692;nexus_2k_000840;nexus_2k_000083,snapshot/candidates/c2/run/updates-from0000000-1791378077797736560.jsonl
C2,471,470,0.45126833319664,0.0001,5.584328338503838,2617.1481990572065,58865932800,76235669504,nexus_2k_000083;nexus_2k_000935;nexus_2k_001415;nexus_2k_000118;nexus_2k_001179,snapshot/candidates/c2/run/updates-from0000000-1791378077797736560.jsonl
C2,472,471,0.5976591289043427,0.0001,4.154664090834558,2621.303657397628,57179026432,76235669504,nexus_2k_001331;nexus_2k_001577;nexus_2k_001843;nexus_2k_000869;nexus_2k_001085,snapshot/candidates/c2/run/updates-from0000000-1791378077797736560.jsonl
C2,473,472,0.4684837818145752,0.0001,4.891323624178767,2626.195437254384,67158118400,76235669504,nexus_2k_000447;nexus_2k_001716;nexus_2k_000167;nexus_2k_001045;nexus_2k_000800,snapshot/candidates/c2/run/updates-from0000000-1791378077797736560.jsonl
C2,474,473,0.6389628946781158,0.0001,3.3400433538481593,2629.5359779233113,46851066880,76235669504,nexus_2k_000872;nexus_2k_000823;nexus_2k_001692;nexus_2k_001780;nexus_2k_001150,snapshot/candidates/c2/run/updates-from0000000-1791378077797736560.jsonl
C2,475,474,0.41464964747428895,0.0001,4.792845559306443,2634.3292101379484,59150722048,76235669504,nexus_2k_000840;nexus_2k_000815;nexus_2k_001439;nexus_2k_000242;nexus_2k_000020,snapshot/candidates/c2/run/updates-from0000000-1791378077797736560.jsonl
C2,476,475,0.3845115780830383,0.0001,5.755934399552643,2640.0857491660863,62431022080,76235669504,nexus_2k_001178;nexus_2k_001211;nexus_2k_001550;nexus_2k_000084;nexus_2k_001093,snapshot/candidates/c2/run/updates-from0000000-1791378077797736560.jsonl
C2,477,476,0.4972433805465698,0.0001,7.795120477676392,2647.881445002742,71674310144,76235669504,nexus_2k_000783;nexus_2k_000898;nexus_2k_001317;nexus_2k_001792;nexus_2k_000952,snapshot/candidates/c2/run/updates-from0000000-1791378077797736560.jsonl
C2,478,477,0.6330909907817841,0.0001,4.5314382230862975,2652.4132950240746,54999233536,76235669504,nexus_2k_001216;nexus_2k_001483;nexus_2k_001087;nexus_2k_001825;nexus_2k_000074,snapshot/candidates/c2/run/updates-from0000000-1791378077797736560.jsonl
C2,479,478,0.5075817763805389,0.0001,4.293135588057339,2656.7068981397897,50422278656,76235669504,nexus_2k_000283;nexus_2k_000675;nexus_2k_000519;nexus_2k_000142;nexus_2k_000053,snapshot/candidates/c2/run/updates-from0000000-1791378077797736560.jsonl
C2,480,479,0.4531941473484039,0.0001,5.430932946503162,2662.138258532621,69163607552,76235669504,nexus_2k_001536;nexus_2k_001232;nexus_2k_000280;nexus_2k_000796;nexus_2k_000346,snapshot/candidates/c2/run/updates-from0000000-1791378077797736560.jsonl
C2,481,480,0.504564356803894,0.0001,3.8305485295131803,2665.969383576885,57190880256,76237766656,nexus_2k_001716;nexus_2k_000869;nexus_2k_000118;nexus_2k_000242;nexus_2k_000084,snapshot/candidates/c2/run/updates-from0000000-1791378077797736560.jsonl
C2,482,481,0.37955614924430847,0.0001,4.558890503831208,2670.5288830660284,65565576192,76237766656,nexus_2k_000796;nexus_2k_001150;nexus_2k_001415;nexus_2k_000783;nexus_2k_001692,snapshot/candidates/c2/run/updates-from0000000-1791378077797736560.jsonl
C2,483,482,0.46460930109024046,0.0001,3.938865420408547,2674.4687045840546,54981739520,76237766656,nexus_2k_001331;nexus_2k_001085;nexus_2k_001483;nexus_2k_000053;nexus_2k_000447,snapshot/candidates/c2/run/updates-from0000000-1791378077797736560.jsonl
C2,484,483,0.6321031987667084,0.0001,5.121363177895546,2679.5905808424577,66590210560,76237766656,nexus_2k_000519;nexus_2k_000815;nexus_2k_001536;nexus_2k_001179;nexus_2k_000083,snapshot/candidates/c2/run/updates-from0000000-1791378077797736560.jsonl
C2,485,484,0.5532044291496276,0.0001,4.4514720579609275,2684.0427465215325,60500961792,76237766656,nexus_2k_001178;nexus_2k_001780;nexus_2k_000800;nexus_2k_000675;nexus_2k_000020,snapshot/candidates/c2/run/updates-from0000000-1791378077797736560.jsonl
C2,486,485,0.4283958852291107,0.0001,4.936301505193114,2688.979663595557,57934129152,76237766656,nexus_2k_000167;nexus_2k_000346;nexus_2k_001087;nexus_2k_001439;nexus_2k_000840,snapshot/candidates/c2/run/updates-from0000000-1791378077797736560.jsonl
C2,487,486,0.45436570048332214,0.0001,7.043969883583486,2696.024353406392,66723210240,76237766656,nexus_2k_000283;nexus_2k_000935;nexus_2k_001093;nexus_2k_000952;nexus_2k_001792,snapshot/candidates/c2/run/updates-from0000000-1791378077797736560.jsonl
C2,488,487,0.4261887490749359,0.0001,6.199113792739809,2702.2239818470553,71684201984,76237766656,nexus_2k_001211;nexus_2k_000898;nexus_2k_001550;nexus_2k_001825;nexus_2k_000074,snapshot/candidates/c2/run/updates-from0000000-1791378077797736560.jsonl
C2,489,488,0.49198216795921323,0.0001,4.967103313654661,2707.191685082391,67243207680,76237766656,nexus_2k_001216;nexus_2k_000142;nexus_2k_001577;nexus_2k_001045;nexus_2k_000280,snapshot/candidates/c2/run/updates-from0000000-1791378077797736560.jsonl
C2,490,489,0.40275718569755553,0.0001,5.564350518397987,2712.7565792733803,69163816960,76237766656,nexus_2k_001843;nexus_2k_000872;nexus_2k_001317;nexus_2k_000823;nexus_2k_001232,snapshot/candidates/c2/run/updates-from0000000-1791378077797736560.jsonl
C2,491,490,0.5180859208106995,0.0001,6.985793752595782,2719.7433952996507,71663124992,76237766656,nexus_2k_000053;nexus_2k_000083;nexus_2k_000898;nexus_2k_001317;nexus_2k_000935,snapshot/candidates/c2/run/updates-from0000000-1791378077797736560.jsonl
C2,492,491,0.5354925334453583,0.0001,5.287482389248908,2725.0318739479408,60486770688,76237766656,nexus_2k_000823;nexus_2k_000800;nexus_2k_000815;nexus_2k_001550;nexus_2k_000519,snapshot/candidates/c2/run/updates-from0000000-1791378077797736560.jsonl
C2,493,492,0.543333214521408,0.0001,5.0915867537260056,2730.123902959749,69158584320,76237766656,nexus_2k_001716;nexus_2k_000283;nexus_2k_000447;nexus_2k_000118;nexus_2k_001232,snapshot/candidates/c2/run/updates-from0000000-1791378077797736560.jsonl
C2,494,493,0.5293269038200379,0.0001,3.020188125781715,2733.1445235824212,47915591168,76237766656,nexus_2k_000242;nexus_2k_001045;nexus_2k_000346;nexus_2k_001692;nexus_2k_000840,snapshot/candidates/c2/run/updates-from0000000-1791378077797736560.jsonl
C2,495,494,0.4751496911048889,0.0001,5.682743346318603,2738.827634481713,67226278912,76237766656,nexus_2k_001331;nexus_2k_000280;nexus_2k_001415;nexus_2k_001150;nexus_2k_001483,snapshot/candidates/c2/run/updates-from0000000-1791378077797736560.jsonl
C2,496,495,0.5792067110538482,0.0001,5.050049494951963,2743.8781097233295,57445828608,76237766656,nexus_2k_001792;nexus_2k_001087;nexus_2k_000675;nexus_2k_001216;nexus_2k_000872,snapshot/candidates/c2/run/updates-from0000000-1791378077797736560.jsonl
C2,497,496,0.4421611845493317,0.0001,5.087825828231871,2748.966307453811,56316617728,76237766656,nexus_2k_000783;nexus_2k_001536;nexus_2k_001825;nexus_2k_001780;nexus_2k_000142,snapshot/candidates/c2/run/updates-from0000000-1791378077797736560.jsonl
C2,498,497,0.4695664465427399,0.0001,3.7602498196065426,2752.7270068116486,55513775104,76237766656,nexus_2k_001577;nexus_2k_001085;nexus_2k_000020;nexus_2k_001178;nexus_2k_001179,snapshot/candidates/c2/run/updates-from0000000-1791378077797736560.jsonl
C2,499,498,0.4258306324481964,0.0001,6.560091375373304,2759.287623736076,67153885184,76237766656,nexus_2k_001843;nexus_2k_000167;nexus_2k_001093;nexus_2k_001211;nexus_2k_000869,snapshot/candidates/c2/run/updates-from0000000-1791378077797736560.jsonl
C2,500,499,0.5010295689105988,0.0001,3.9851427776739,2763.2732460824773,52976707584,76237766656,nexus_2k_001439;nexus_2k_000952;nexus_2k_000796;nexus_2k_000074;nexus_2k_000084,snapshot/candidates/c2/run/updates-from0000000-1791378077797736560.jsonl
C2,501,500,0.44977006912231443,0.0001,4.587047629989684,2851.114651173353,57453897728,76237766656,nexus_2k_000118;nexus_2k_001843;nexus_2k_001415;nexus_2k_001577;nexus_2k_001317,snapshot/candidates/c2/run/updates-from0000000-1791378077797736560.jsonl
C2,502,501,0.6511308133602143,0.0001,6.273373368196189,2857.3885223707184,71678425088,76237766656,nexus_2k_001178;nexus_2k_000898;nexus_2k_000447;nexus_2k_000242;nexus_2k_000280,snapshot/candidates/c2/run/updates-from0000000-1791378077797736560.jsonl
C2,503,502,0.47523571252822877,0.0001,4.336720078252256,2861.7257197666913,59148828672,76237766656,nexus_2k_001179;nexus_2k_001825;nexus_2k_000815;nexus_2k_000053;nexus_2k_000020,snapshot/candidates/c2/run/updates-from0000000-1791378077797736560.jsonl
C2,504,503,0.36134992241859437,0.0001,5.462316735647619,2867.1884276093915,66590210560,76237766656,nexus_2k_000519;nexus_2k_001716;nexus_2k_000872;nexus_2k_000935;nexus_2k_000083,snapshot/candidates/c2/run/updates-from0000000-1791378077797736560.jsonl
C2,505,504,0.5056386709213256,0.0001,3.5941415801644325,2870.783043454401,47915265536,76237766656,nexus_2k_000952;nexus_2k_000675;nexus_2k_001692;nexus_2k_001150;nexus_2k_000840,snapshot/candidates/c2/run/updates-from0000000-1791378077797736560.jsonl
C2,506,505,0.46148096919059756,0.0001,5.452315804548562,2876.235750234686,67153928192,76237766656,nexus_2k_000346;nexus_2k_001331;nexus_2k_000167;nexus_2k_000869;nexus_2k_001216,snapshot/candidates/c2/run/updates-from0000000-1791378077797736560.jsonl
C2,507,506,0.5333381533622742,0.0001,4.763602403923869,2880.999753321521,69155995648,76237766656,nexus_2k_001045;nexus_2k_000796;nexus_2k_000283;nexus_2k_000084;nexus_2k_001232,snapshot/candidates/c2/run/updates-from0000000-1791378077797736560.jsonl
C2,508,507,0.5588091790676117,0.0001,4.418890830129385,2885.4191144006327,51666191360,76237766656,nexus_2k_001439;nexus_2k_000142;nexus_2k_001085;nexus_2k_001087;nexus_2k_001550,snapshot/candidates/c2/run/updates-from0000000-1791378077797736560.jsonl
C2,509,508,0.6208125174045562,0.0001,6.0527547700330615,2891.473049835302,66687512576,76237766656,nexus_2k_000823;nexus_2k_001093;nexus_2k_001483;nexus_2k_001792;nexus_2k_001536,snapshot/candidates/c2/run/updates-from0000000-1791378077797736560.jsonl
C2,510,509,0.3499798357486725,0.0001,5.723824166692793,2897.197598926723,60510480896,76237766656,nexus_2k_000783;nexus_2k_001780;nexus_2k_000800;nexus_2k_000074;nexus_2k_001211,snapshot/candidates/c2/run/updates-from0000000-1791378077797736560.jsonl
C2,511,510,0.3924804270267487,0.0001,5.671753133647144,2902.8699275041,67158118400,76237766656,nexus_2k_000447;nexus_2k_001415;nexus_2k_001178;nexus_2k_001536;nexus_2k_000167,snapshot/candidates/c2/run/updates-from0000000-1791378077797736560.jsonl
C2,512,511,0.449873286485672,0.0001,4.519846522249281,2907.390174132772,60504242688,76237766656,nexus_2k_000346;nexus_2k_001331;nexus_2k_000084;nexus_2k_000872;nexus_2k_001211,snapshot/candidates/c2/run/updates-from0000000-1791378077797736560.jsonl
C2,513,512,0.4903659224510193,0.0001,6.052546282298863,2913.4431249368936,67242306560,76237766656,nexus_2k_000118;nexus_2k_000142;nexus_2k_000815;nexus_2k_000283;nexus_2k_000280,snapshot/candidates/c2/run/updates-from0000000-1791378077797736560.jsonl
C2,514,513,0.4178315997123718,0.0001,5.078097681514919,2918.5219201697037,69156540416,76237766656,nexus_2k_001087;nexus_2k_000952;nexus_2k_000242;nexus_2k_001232;nexus_2k_000053,snapshot/candidates/c2/run/updates-from0000000-1791378077797736560.jsonl
C2,515,514,0.45795523524284365,0.0001,5.260259261354804,2923.782723672688,65560251392,76237766656,nexus_2k_001317;nexus_2k_001825;nexus_2k_000783;nexus_2k_001716;nexus_2k_001692,snapshot/candidates/c2/run/updates-from0000000-1791378077797736560.jsonl
C2,516,515,0.3202265202999115,0.0001,4.554161158390343,2928.3377359705046,66588384768,76237766656,nexus_2k_001150;nexus_2k_001843;nexus_2k_000935;nexus_2k_000083;nexus_2k_000796,snapshot/candidates/c2/run/updates-from0000000-1791378077797736560.jsonl
C2,517,516,0.385640823841095,0.0001,3.057914452627301,2931.396209293045,47918706176,76237766656,nexus_2k_000020;nexus_2k_001780;nexus_2k_001085;nexus_2k_000840;nexus_2k_000074,snapshot/candidates/c2/run/updates-from0000000-1791378077797736560.jsonl
C2,518,517,0.4998804688453674,0.0001,6.918907112441957,2938.3156273346394,71676579328,76237766656,nexus_2k_001439;nexus_2k_001550;nexus_2k_000800;nexus_2k_000898;nexus_2k_001483,snapshot/candidates/c2/run/updates-from0000000-1791378077797736560.jsonl
C2,519,518,0.4987125039100647,0.0001,4.920871356502175,2943.237565536052,62431622144,76237766656,nexus_2k_001179;nexus_2k_000869;nexus_2k_001045;nexus_2k_001216;nexus_2k_001093,snapshot/candidates/c2/run/updates-from0000000-1791378077797736560.jsonl
C2,520,519,0.39606504440307616,0.0001,4.583813929930329,2947.821809342131,66697752576,76237766656,nexus_2k_001577;nexus_2k_001792;nexus_2k_000519;nexus_2k_000675;nexus_2k_000823,snapshot/candidates/c2/run/updates-from0000000-1791378077797736560.jsonl
C2,521,520,0.3656677842140198,0.0001,4.680526859126985,2952.5030506784096,66689843200,76237766656,nexus_2k_001780;nexus_2k_000840;nexus_2k_001792;nexus_2k_001825;nexus_2k_001045,snapshot/candidates/c2/run/updates-from0000000-1791378077797736560.jsonl
C2,522,521,0.51197350025177,0.0001,4.6940703894943,2957.197835064493,62428661760,76237766656,nexus_2k_000242;nexus_2k_000519;nexus_2k_000053;nexus_2k_001093;nexus_2k_000872,snapshot/candidates/c2/run/updates-from0000000-1791378077797736560.jsonl
C2,523,522,0.41348016262054443,0.0001,4.751282378099859,2961.9496205616742,57351915008,76237766656,nexus_2k_000083;nexus_2k_000675;nexus_2k_001536;nexus_2k_001216;nexus_2k_001087,snapshot/candidates/c2/run/updates-from0000000-1791378077797736560.jsonl
C2,524,523,0.7008709788322449,0.0001,4.571813906542957,2966.5220013530925,60503107072,76237766656,nexus_2k_001179;nexus_2k_001331;nexus_2k_001211;nexus_2k_001550;nexus_2k_000020,snapshot/candidates/c2/run/updates-from0000000-1791378077797736560.jsonl
C2,525,524,0.3232298314571381,0.0001,4.588774408213794,2971.1112325089052,67237317632,76237766656,nexus_2k_001692;nexus_2k_001415;nexus_2k_000280;nexus_2k_001150;nexus_2k_000084,snapshot/candidates/c2/run/updates-from0000000-1791378077797736560.jsonl
C2,526,525,0.42318488359451295,0.0001,5.838025843724608,2976.9498692005873,69160692736,76237766656,nexus_2k_000074;nexus_2k_000869;nexus_2k_001232;nexus_2k_000118;nexus_2k_000815,snapshot/candidates/c2/run/updates-from0000000-1791378077797736560.jsonl
C2,527,526,0.7255191445350647,0.0001,6.14800323266536,2983.098354681395,67155501056,76237766656,nexus_2k_000796;nexus_2k_000783;nexus_2k_000167;nexus_2k_001317;nexus_2k_000142,snapshot/candidates/c2/run/updates-from0000000-1791378077797736560.jsonl
C2,528,527,0.3266790211200714,0.0001,4.308011927641928,2987.406931342557,55506127360,76237766656,nexus_2k_000346;nexus_2k_000447;nexus_2k_001178;nexus_2k_000952;nexus_2k_001577,snapshot/candidates/c2/run/updates-from0000000-1791378077797736560.jsonl
C2,529,528,0.5670172929763794,0.0001,5.2044529831036925,2992.611854161136,60511847424,76237766656,nexus_2k_000283;nexus_2k_001843;nexus_2k_000800;nexus_2k_000935;nexus_2k_001085,snapshot/candidates/c2/run/updates-from0000000-1791378077797736560.jsonl
C2,530,529,0.3470367431640625,0.0001,5.876464158296585,2998.4889380522072,71677310464,76237766656,nexus_2k_001483;nexus_2k_001439;nexus_2k_000823;nexus_2k_001716;nexus_2k_000898,snapshot/candidates/c2/run/updates-from0000000-1791378077797736560.jsonl
C2,531,530,0.3520983040332794,0.0001,4.366769743151963,3002.856296109967,53286264832,76237766656,nexus_2k_000074;nexus_2k_000053;nexus_2k_000872;nexus_2k_001825;nexus_2k_001577,snapshot/candidates/c2/run/updates-from0000000-1791378077797736560.jsonl
C2,532,531,0.3458166837692261,0.0001,5.269301648251712,3008.126201558858,59918694400,76237766656,nexus_2k_001232;nexus_2k_001331;nexus_2k_000020;nexus_2k_001550;nexus_2k_000840,snapshot/candidates/c2/run/updates-from0000000-1791378077797736560.jsonl
C2,533,532,0.4961115777492523,0.0001,5.05475315824151,3013.1815363215283,65556139008,76237766656,nexus_2k_001045;nexus_2k_000800;nexus_2k_000823;nexus_2k_000675;nexus_2k_000783,snapshot/candidates/c2/run/updates-from0000000-1791378077797736560.jsonl
C2,534,533,0.632708603143692,0.0001,5.87749532237649,3019.059605159797,67270923264,76237766656,nexus_2k_000142;nexus_2k_000869;nexus_2k_001843;nexus_2k_000280;nexus_2k_000283,snapshot/candidates/c2/run/updates-from0000000-1791378077797736560.jsonl
C2,535,534,0.49316567182540894,0.0001,4.466919652186334,3023.527051624842,67171801088,76237766656,nexus_2k_001483;nexus_2k_000167;nexus_2k_001085;nexus_2k_001780;nexus_2k_000084,snapshot/candidates/c2/run/updates-from0000000-1791378077797736560.jsonl
C2,536,535,0.38955913186073304,0.0001,5.4556146981194615,3028.983103297651,62498839552,76237766656,nexus_2k_000815;nexus_2k_000935;nexus_2k_001692;nexus_2k_001093;nexus_2k_001179,snapshot/candidates/c2/run/updates-from0000000-1791378077797736560.jsonl
C2,537,536,0.35961918234825135,0.0001,4.396912504918873,3033.3803865062073,55357491712,76237766656,nexus_2k_000242;nexus_2k_001439;nexus_2k_001536;nexus_2k_000346;nexus_2k_000952,snapshot/candidates/c2/run/updates-from0000000-1791378077797736560.jsonl
C2,538,537,0.34966599345207217,0.0001,6.947393120266497,3040.328140397556,66687389696,76237766656,nexus_2k_001216;nexus_2k_001317;nexus_2k_001792;nexus_2k_001415;nexus_2k_000083,snapshot/candidates/c2/run/updates-from0000000-1791378077797736560.jsonl
C2,539,538,0.3407768249511719,0.0001,3.811190912500024,3044.139820110053,60507955712,76237766656,nexus_2k_000447;nexus_2k_000796;nexus_2k_001211;nexus_2k_000519;nexus_2k_000118,snapshot/candidates/c2/run/updates-from0000000-1791378077797736560.jsonl
C2,540,539,0.5575645208358765,0.0001,5.038373079150915,3049.1787796784192,71659550208,76237766656,nexus_2k_001087;nexus_2k_000898;nexus_2k_001716;nexus_2k_001178;nexus_2k_001150,snapshot/candidates/c2/run/updates-from0000000-1791378077797736560.jsonl
C2,541,540,0.3380898356437683,0.0001,5.905032713897526,3055.084346233867,55501027840,76237766656,nexus_2k_001093;nexus_2k_001178;nexus_2k_000952;nexus_2k_000142;nexus_2k_001550,snapshot/candidates/c2/run/updates-from0000000-1791378077797736560.jsonl
C2,542,541,0.3873629570007324,0.0001,3.052950644865632,3058.137656823732,48351794176,76237766656,nexus_2k_000346;nexus_2k_000675;nexus_2k_001843;nexus_2k_001577;nexus_2k_001780,snapshot/candidates/c2/run/updates-from0000000-1791378077797736560.jsonl
C2,543,542,0.40763387084007263,0.0001,7.263089288026094,3065.4015135066584,69167126528,76237766656,nexus_2k_000898;nexus_2k_000280;nexus_2k_001232;nexus_2k_001716;nexus_2k_001331,snapshot/candidates/c2/run/updates-from0000000-1791378077797736560.jsonl
C2,544,543,0.5237244546413422,0.0001,4.025832048617303,3069.427934630774,53293251584,76237766656,nexus_2k_000840;nexus_2k_001825;nexus_2k_001536;nexus_2k_001085;nexus_2k_000242,snapshot/candidates/c2/run/updates-from0000000-1791378077797736560.jsonl
C2,545,544,0.3551736891269684,0.0001,5.312871725298464,3074.741467660293,60491583488,76237766656,nexus_2k_000796;nexus_2k_000823;nexus_2k_001439;nexus_2k_000283;nexus_2k_000800,snapshot/candidates/c2/run/updates-from0000000-1791378077797736560.jsonl
C2,546,545,0.3728919267654419,0.0001,3.381913421675563,3078.123872234486,54997448704,76237766656,nexus_2k_001045;nexus_2k_000447;nexus_2k_001692;nexus_2k_000118;nexus_2k_001483,snapshot/candidates/c2/run/updates-from0000000-1791378077797736560.jsonl
C2,547,546,0.42530988454818724,0.0001,5.501000557094812,3083.625401513651,66606210560,76237766656,nexus_2k_000084;nexus_2k_000869;nexus_2k_000083;nexus_2k_000074;nexus_2k_000935,snapshot/candidates/c2/run/updates-from0000000-1791378077797736560.jsonl
C2,548,547,0.40681560039520265,0.0001,5.947277412749827,3089.5732246693224,66689177600,76237766656,nexus_2k_001179;nexus_2k_001211;nexus_2k_001792;nexus_2k_001216;nexus_2k_001317,snapshot/candidates/c2/run/updates-from0000000-1791378077797736560.jsonl
C2,549,548,0.3142029523849487,0.0001,4.589092507958412,3094.1626766268164,67145854976,76237766656,nexus_2k_001087;nexus_2k_000872;nexus_2k_000053;nexus_2k_001150;nexus_2k_000167,snapshot/candidates/c2/run/updates-from0000000-1791378077797736560.jsonl
C2,550,549,0.5665195226669312,0.0001,5.614723306149244,3099.7779682194814,65623772160,76237766656,nexus_2k_000815;nexus_2k_000783;nexus_2k_001415;nexus_2k_000020;nexus_2k_000519,snapshot/candidates/c2/run/updates-from0000000-1791378077797736560.jsonl
C2,551,550,0.482310950756073,0.0001,3.39189878385514,3103.1703090928495,55000691712,76237766656,nexus_2k_000675;nexus_2k_001843;nexus_2k_000084;nexus_2k_001483;nexus_2k_000796,snapshot/candidates/c2/run/updates-from0000000-1791378077797736560.jsonl
C2,552,551,0.4193283379077911,0.0001,5.206175185739994,3108.377501135692,66687954944,76237766656,nexus_2k_000020;nexus_2k_000118;nexus_2k_001093;nexus_2k_001792;nexus_2k_000840,snapshot/candidates/c2/run/updates-from0000000-1791378077797736560.jsonl
C2,553,552,0.4313853859901428,0.0001,3.3640401754528284,3111.742361953482,48342467584,76237766656,nexus_2k_000053;nexus_2k_001577;nexus_2k_000447;nexus_2k_000823;nexus_2k_001780,snapshot/candidates/c2/run/updates-from0000000-1791378077797736560.jsonl
C2,554,553,0.4138271927833557,0.0001,5.977399120107293,3117.7203453416005,69166424064,76237766656,nexus_2k_001085;nexus_2k_001150;nexus_2k_000935;nexus_2k_001232;nexus_2k_000167,snapshot/candidates/c2/run/updates-from0000000-1791378077797736560.jsonl
C2,555,554,0.39102030992507936,0.0001,6.738416252657771,3124.4594581667334,66681818624,76237766656,nexus_2k_000815;nexus_2k_000783;nexus_2k_001087;nexus_2k_000083;nexus_2k_000869,snapshot/candidates/c2/run/updates-from0000000-1791378077797736560.jsonl
C2,556,555,0.32697042226791384,0.0001,3.9184511806815863,3128.3788005923852,55352396288,76237766656,nexus_2k_001045;nexus_2k_000074;nexus_2k_001439;nexus_2k_000346;nexus_2k_001331,snapshot/candidates/c2/run/updates-from0000000-1791378077797736560.jsonl
C2,557,556,0.3402856171131134,0.0001,4.6976914424449205,3133.077169078402,51672101888,76237766656,nexus_2k_001211;nexus_2k_001179;nexus_2k_000519;nexus_2k_001550;nexus_2k_000142,snapshot/candidates/c2/run/updates-from0000000-1791378077797736560.jsonl
C2,558,557,0.3174758434295654,0.0001,5.071559961885214,3138.1492741787806,56522890240,76237766656,nexus_2k_001825;nexus_2k_000952;nexus_2k_000242;nexus_2k_001536;nexus_2k_001317,snapshot/candidates/c2/run/updates-from0000000-1791378077797736560.jsonl
C2,559,558,0.5976119339466095,0.0001,5.903934698551893,3144.0537711875513,60503285760,76237766656,nexus_2k_000280;nexus_2k_001216;nexus_2k_000800;nexus_2k_001692;nexus_2k_001178,snapshot/candidates/c2/run/updates-from0000000-1791378077797736560.jsonl
C2,560,559,0.36726562976837157,0.0001,6.444935395382345,3150.4999309154227,62419783168,76237766656,nexus_2k_000898;nexus_2k_001415;nexus_2k_000283;nexus_2k_001716;nexus_2k_000872,snapshot/candidates/c2/run/updates-from0000000-1791378077797736560.jsonl
C2,561,560,0.32053393721580503,0.0001,4.302460220642388,3154.802857195027,51649295360,76237766656,nexus_2k_000869;nexus_2k_000118;nexus_2k_001577;nexus_2k_001550;nexus_2k_001843,snapshot/candidates/c2/run/updates-from0000000-1791378077797736560.jsonl
C2,562,561,0.41771499514579774,0.0001,6.434190063737333,3161.237529074773,66693087232,76237766656,nexus_2k_000840;nexus_2k_001792;nexus_2k_000815;nexus_2k_000935;nexus_2k_001825,snapshot/candidates/c2/run/updates-from0000000-1791378077797736560.jsonl
C2,563,562,0.4697498679161072,0.0001,3.550523483194411,3164.7889617485926,46850893312,76237766656,nexus_2k_000952;nexus_2k_000675;nexus_2k_001045;nexus_2k_000823;nexus_2k_000346,snapshot/candidates/c2/run/updates-from0000000-1791378077797736560.jsonl
C2,564,563,0.44331454634666445,0.0001,4.594411303289235,3169.3837388483807,62438467584,76237766656,nexus_2k_001415;nexus_2k_000796;nexus_2k_000074;nexus_2k_001085;nexus_2k_001093,snapshot/candidates/c2/run/updates-from0000000-1791378077797736560.jsonl
C2,565,564,0.59784334897995,0.0001,6.2470172150060534,3175.6311383591965,67148868608,76237766656,nexus_2k_000519;nexus_2k_000783;nexus_2k_000084;nexus_2k_000167;nexus_2k_000083,snapshot/candidates/c2/run/updates-from0000000-1791378077797736560.jsonl
C2,566,565,0.3483935594558716,0.0001,4.993262469768524,3180.6249212315306,67226278912,76237766656,nexus_2k_001331;nexus_2k_000242;nexus_2k_001216;nexus_2k_000447;nexus_2k_000280,snapshot/candidates/c2/run/updates-from0000000-1791378077797736560.jsonl
C2,567,566,0.5109144687652588,0.0001,5.63958892878145,3186.26505328808,60503107072,76237766656,nexus_2k_001179;nexus_2k_001211;nexus_2k_000872;nexus_2k_001439;nexus_2k_001483,snapshot/candidates/c2/run/updates-from0000000-1791378077797736560.jsonl
C2,568,567,0.34239753484725954,0.0001,5.844298891723156,3192.1099738515913,69179945984,76237766656,nexus_2k_001178;nexus_2k_001232;nexus_2k_000283;nexus_2k_001716;nexus_2k_000053,snapshot/candidates/c2/run/updates-from0000000-1791378077797736560.jsonl
C2,569,568,0.365960556268692,0.0001,4.007548974826932,3196.117957022041,50401326080,76237766656,nexus_2k_001317;nexus_2k_001536;nexus_2k_000142;nexus_2k_001150;nexus_2k_001692,snapshot/candidates/c2/run/updates-from0000000-1791378077797736560.jsonl
C2,570,569,0.5485922753810882,0.0001,5.26603692304343,3201.3844814123586,71684613632,76237766656,nexus_2k_000800;nexus_2k_000898;nexus_2k_000020;nexus_2k_001780;nexus_2k_001087,snapshot/candidates/c2/run/updates-from0000000-1791378077797736560.jsonl
C2,571,570,0.3868910074234009,0.0001,4.659640536643565,3206.0447261184454,66598119424,76237766656,nexus_2k_001085;nexus_2k_000083;nexus_2k_000142;nexus_2k_000675;nexus_2k_000823,snapshot/candidates/c2/run/updates-from0000000-1791378077797736560.jsonl
C2,572,571,0.4561770558357239,0.0001,4.059779015369713,3210.1050664177164,58848084480,76237766656,nexus_2k_000447;nexus_2k_000242;nexus_2k_001577;nexus_2k_000796;nexus_2k_000935,snapshot/candidates/c2/run/updates-from0000000-1791378077797736560.jsonl
C2,573,572,0.40729140639305117,0.0001,4.017973378300667,3214.1234622569755,53280657408,76237766656,nexus_2k_000872;nexus_2k_001150;nexus_2k_000053;nexus_2k_000074;nexus_2k_001825,snapshot/candidates/c2/run/updates-from0000000-1791378077797736560.jsonl
C2,574,573,0.4952034592628479,0.0001,4.822099995799363,3218.945986356586,67226278912,76237766656,nexus_2k_001331;nexus_2k_001692;nexus_2k_001780;nexus_2k_000280;nexus_2k_000952,snapshot/candidates/c2/run/updates-from0000000-1791378077797736560.jsonl
C2,575,574,0.35180431604385376,0.0001,7.280123619362712,3226.226709571667,67151867904,76237766656,nexus_2k_000898;nexus_2k_001216;nexus_2k_000815;nexus_2k_001483;nexus_2k_000167,snapshot/candidates/c2/run/updates-from0000000-1791378077797736560.jsonl
C2,576,575,0.38540064096450805,0.0001,6.2093966491520405,3232.4365752683952,69179449344,76237766656,nexus_2k_000783;nexus_2k_001232;nexus_2k_001045;nexus_2k_000800;nexus_2k_001716,snapshot/candidates/c2/run/updates-from0000000-1791378077797736560.jsonl
C2,577,576,0.3335433125495911,0.0001,5.514345972798765,3237.9514293381944,62463064064,76237766656,nexus_2k_001211;nexus_2k_001536;nexus_2k_001093;nexus_2k_001439;nexus_2k_000084,snapshot/candidates/c2/run/updates-from0000000-1791378077797736560.jsonl
C2,578,577,0.3527038335800171,0.0001,5.10987015068531,3243.0617206487805,57222239232,76237766656,nexus_2k_000283;nexus_2k_001179;nexus_2k_000118;nexus_2k_001317;nexus_2k_000869,snapshot/candidates/c2/run/updates-from0000000-1791378077797736560.jsonl
C2,579,578,0.4240593910217285,0.0001,5.386336924508214,3248.448883322999,66684787712,76237766656,nexus_2k_000519;nexus_2k_001792;nexus_2k_000346;nexus_2k_001178;nexus_2k_001415,snapshot/candidates/c2/run/updates-from0000000-1791378077797736560.jsonl
C2,580,579,0.3761656582355499,0.0001,3.5212620506063104,3251.9705668529496,51676635136,76237766656,nexus_2k_001843;nexus_2k_001550;nexus_2k_000020;nexus_2k_001087;nexus_2k_000840,snapshot/candidates/c2/run/updates-from0000000-1791378077797736560.jsonl
C2,581,580,0.4866025924682617,0.0001,5.807327474467456,3257.7785030510277,66711244800,76237766656,nexus_2k_000280;nexus_2k_001825;nexus_2k_001792;nexus_2k_000242;nexus_2k_000346,snapshot/candidates/c2/run/updates-from0000000-1791378077797736560.jsonl
C2,582,581,0.38817102909088136,0.0001,5.522957865148783,3263.3019815227017,59918694400,76237766656,nexus_2k_001232;nexus_2k_000074;nexus_2k_001550;nexus_2k_000283;nexus_2k_000053,snapshot/candidates/c2/run/updates-from0000000-1791378077797736560.jsonl
C2,583,582,0.45796083807945254,0.0001,4.6515230648219585,3267.9539547581226,55373908480,76237766656,nexus_2k_001415;nexus_2k_000872;nexus_2k_000084;nexus_2k_001045;nexus_2k_001439,snapshot/candidates/c2/run/updates-from0000000-1791378077797736560.jsonl
C2,584,583,0.3455430746078491,0.0001,5.515398778021336,3273.4698718711734,71662118400,76237766656,nexus_2k_001716;nexus_2k_000167;nexus_2k_000447;nexus_2k_000020;nexus_2k_000898,snapshot/candidates/c2/run/updates-from0000000-1791378077797736560.jsonl
C2,585,584,0.29120126366615295,0.0001,5.729625447653234,3279.2001581154764,60528855552,76237766656,nexus_2k_000083;nexus_2k_001211;nexus_2k_000823;nexus_2k_001577;nexus_2k_001331,snapshot/candidates/c2/run/updates-from0000000-1791378077797736560.jsonl
C2,586,585,0.3335762321949005,0.0001,5.774105520918965,3284.9747283393517,65569344512,76237766656,nexus_2k_000869;nexus_2k_001483;nexus_2k_001216;nexus_2k_000783;nexus_2k_001087,snapshot/candidates/c2/run/updates-from0000000-1791378077797736560.jsonl
C2,587,586,0.5889260530471802,0.0001,4.1973053105175495,3289.1727345045656,56529420288,76237766656,nexus_2k_000796;nexus_2k_000952;nexus_2k_001692;nexus_2k_001536;nexus_2k_001317,snapshot/candidates/c2/run/updates-from0000000-1791378077797736560.jsonl
C2,588,587,0.3704139828681946,0.0001,3.6179024167358875,3292.791133643128,58840971776,76237766656,nexus_2k_000118;nexus_2k_001150;nexus_2k_001179;nexus_2k_000519;nexus_2k_000935,snapshot/candidates/c2/run/updates-from0000000-1791378077797736560.jsonl
C2,589,588,0.3204100251197815,0.0001,4.269505184143782,3297.0610805898905,55505649152,76237766656,nexus_2k_000675;nexus_2k_000142;nexus_2k_001178;nexus_2k_001843;nexus_2k_000840,snapshot/candidates/c2/run/updates-from0000000-1791378077797736560.jsonl
C2,590,589,0.38947867751121523,0.0001,5.513932186178863,3302.575670523569,62498839552,76237766656,nexus_2k_000815;nexus_2k_001780;nexus_2k_001093;nexus_2k_001085;nexus_2k_000800,snapshot/candidates/c2/run/updates-from0000000-1791378077797736560.jsonl
C2,591,590,0.31401664316654204,0.0001,4.6989206010475755,3307.275066344999,56539627520,76237766656,nexus_2k_001550;nexus_2k_001317;nexus_2k_000053;nexus_2k_001439;nexus_2k_001045,snapshot/candidates/c2/run/updates-from0000000-1791378077797736560.jsonl
C2,592,591,0.3919765681028366,0.0001,5.353012412786484,3312.6285680094734,67194460160,76237766656,nexus_2k_000083;nexus_2k_001085;nexus_2k_000447;nexus_2k_000167;nexus_2k_001577,snapshot/candidates/c2/run/updates-from0000000-1791378077797736560.jsonl
C2,593,592,0.37328543066978453,0.0001,4.185381746850908,3316.81447753869,60475276288,76237766656,nexus_2k_001825;nexus_2k_000020;nexus_2k_000800;nexus_2k_000084;nexus_2k_001843,snapshot/candidates/c2/run/updates-from0000000-1791378077797736560.jsonl
C2,594,593,0.5176752001047135,0.0001,5.974652730859816,3322.7898289086297,71647438336,76237766656,nexus_2k_001331;nexus_2k_000898;nexus_2k_001232;nexus_2k_001780;nexus_2k_000519,snapshot/candidates/c2/run/updates-from0000000-1791378077797736560.jsonl
C2,595,594,0.37721378207206724,0.0001,4.805693447589874,3327.596012296155,58001110016,76237766656,nexus_2k_001415;nexus_2k_001087;nexus_2k_001216;nexus_2k_000283;nexus_2k_000796,snapshot/candidates/c2/run/updates-from0000000-1791378077797736560.jsonl
C2,596,595,0.40769644975662234,0.0001,6.165936888195574,3333.762405061163,67242411008,76237766656,nexus_2k_000118;nexus_2k_000783;nexus_2k_000280;nexus_2k_001483;nexus_2k_000142,snapshot/candidates/c2/run/updates-from0000000-1791378077797736560.jsonl
C2,597,596,0.47676132917404174,0.0001,4.068865401670337,3337.831832365133,46839840256,76237766656,nexus_2k_001178;nexus_2k_000242;nexus_2k_000823;nexus_2k_000074;nexus_2k_001716,snapshot/candidates/c2/run/updates-from0000000-1791378077797736560.jsonl
C2,598,597,0.40040897130966185,0.0001,5.032059879042208,3342.864556075074,62417951232,76237766656,nexus_2k_000952;nexus_2k_001093;nexus_2k_000872;nexus_2k_000675;nexus_2k_001179,snapshot/candidates/c2/run/updates-from0000000-1791378077797736560.jsonl
C2,599,598,0.37715732455253603,0.0001,5.263862501829863,3348.1290143318474,66773852160,76237766656,nexus_2k_000815;nexus_2k_001792;nexus_2k_001692;nexus_2k_001536;nexus_2k_000840,snapshot/candidates/c2/run/updates-from0000000-1791378077797736560.jsonl
C2,600,599,0.49598528146743776,0.0001,5.13913410436362,3353.2688688309863,60495854080,76237766656,nexus_2k_001150;nexus_2k_000935;nexus_2k_000869;nexus_2k_001211;nexus_2k_000346,snapshot/candidates/c2/run/updates-from0000000-1791378077797736560.jsonl
C2,601,600,0.2965131103992462,0.0001,4.260190047323704,3357.5296692876145,55352826368,76237766656,nexus_2k_001087;nexus_2k_001439;nexus_2k_000118;nexus_2k_000519;nexus_2k_000952,snapshot/candidates/c2/run/updates-from0000000-1791378077797736560.jsonl
C2,602,601,0.41483092308044434,0.0001,4.917769913561642,3362.448284925893,59156811264,76237766656,nexus_2k_000142;nexus_2k_001716;nexus_2k_000935;nexus_2k_000815;nexus_2k_001150,snapshot/candidates/c2/run/updates-from0000000-1791378077797736560.jsonl
C2,603,602,0.3130254805088043,0.0001,5.634905276820064,3368.0837702741846,66690715648,76237766656,nexus_2k_000346;nexus_2k_001792;nexus_2k_000800;nexus_2k_001780;nexus_2k_001211,snapshot/candidates/c2/run/updates-from0000000-1791378077797736560.jsonl
C2,604,603,0.3189618229866028,0.0001,5.927212496288121,3374.0115198260173,67146063872,76237766656,nexus_2k_001045;nexus_2k_000083;nexus_2k_000872;nexus_2k_001331;nexus_2k_000167,snapshot/candidates/c2/run/updates-from0000000-1791378077797736560.jsonl
C2,605,604,0.3460667669773102,0.0001,4.743461234495044,3378.755812481977,62419783168,76237766656,nexus_2k_000898;nexus_2k_001843;nexus_2k_000053;nexus_2k_000447;nexus_2k_001216,snapshot/candidates/c2/run/updates-from0000000-1791378077797736560.jsonl
C2,606,605,0.574846625328064,0.0001,4.832505869679153,3383.5887398477644,55506310144,76237766656,nexus_2k_001536;nexus_2k_001825;nexus_2k_001178;nexus_2k_001577;nexus_2k_000840,snapshot/candidates/c2/run/updates-from0000000-1791378077797736560.jsonl
C2,607,606,0.6308355927467346,0.0001,5.061174822971225,3388.6503992527723,67244398080,76237766656,nexus_2k_001179;nexus_2k_001550;nexus_2k_000280;nexus_2k_001692;nexus_2k_001317,snapshot/candidates/c2/run/updates-from0000000-1791378077797736560.jsonl
C2,608,607,0.42166945338249207,0.0001,4.648853690363467,3393.2997952708974,62442194944,76237766656,nexus_2k_000084;nexus_2k_001093;nexus_2k_000020;nexus_2k_000242;nexus_2k_000869,snapshot/candidates/c2/run/updates-from0000000-1791378077797736560.jsonl
C2,609,608,0.3170031666755676,0.0001,5.36780899297446,3398.6680718576536,69160692736,76237766656,nexus_2k_000074;nexus_2k_000783;nexus_2k_000675;nexus_2k_000796;nexus_2k_001232,snapshot/candidates/c2/run/updates-from0000000-1791378077797736560.jsonl
C2,610,609,0.35382660627365115,0.0001,5.1685133818537,3403.8373840861022,57985276928,76237766656,nexus_2k_001483;nexus_2k_000283;nexus_2k_000823;nexus_2k_001415;nexus_2k_001085,snapshot/candidates/c2/run/updates-from0000000-1791378077797736560.jsonl
C2,611,610,0.38697941303253175,0.0001,5.451554712839425,3409.289359197952,58042851328,76237766656,nexus_2k_000280;nexus_2k_000142;nexus_2k_000823;nexus_2k_000283;nexus_2k_000053,snapshot/candidates/c2/run/updates-from0000000-1791378077797736560.jsonl
C2,612,611,0.4240514159202576,0.0001,5.94737409427762,3415.2372919097543,71671746048,76237766656,nexus_2k_000447;nexus_2k_001780;nexus_2k_000872;nexus_2k_000783;nexus_2k_000898,snapshot/candidates/c2/run/updates-from0000000-1791378077797736560.jsonl
C2,613,612,0.32824920415878295,0.0001,4.013147507794201,3419.251111005433,66588384768,76237766656,nexus_2k_001150;nexus_2k_000083;nexus_2k_001843;nexus_2k_001087;nexus_2k_000020,snapshot/candidates/c2/run/updates-from0000000-1791378077797736560.jsonl
C2,614,613,0.5955819070339203,0.0001,4.084336214698851,3423.335961411707,56529420288,76237766656,nexus_2k_000796;nexus_2k_001692;nexus_2k_001317;nexus_2k_001483;nexus_2k_001179,snapshot/candidates/c2/run/updates-from0000000-1791378077797736560.jsonl
C2,615,614,0.5652618408203125,0.0001,5.7559654070064425,3429.0926118297502,62498839552,76237766656,nexus_2k_000815;nexus_2k_000869;nexus_2k_001093;nexus_2k_000675;nexus_2k_001536,snapshot/candidates/c2/run/updates-from0000000-1791378077797736560.jsonl
C2,616,615,0.497251558303833,0.0001,5.109694994986057,3434.202696598135,66684787712,76237766656,nexus_2k_000519;nexus_2k_001792;nexus_2k_001439;nexus_2k_001331;nexus_2k_000118,snapshot/candidates/c2/run/updates-from0000000-1791378077797736560.jsonl
C2,617,616,0.4718804001808167,0.0001,5.68200880009681,3439.8852068493143,60538830848,76237766656,nexus_2k_001232;nexus_2k_001577;nexus_2k_001211;nexus_2k_001085;nexus_2k_001216,snapshot/candidates/c2/run/updates-from0000000-1791378077797736560.jsonl
C2,618,617,0.44164476096630095,0.0001,4.726320520043373,3444.612071821466,60483747840,76237766656,nexus_2k_000242;nexus_2k_001716;nexus_2k_001415;nexus_2k_000346;nexus_2k_000800,snapshot/candidates/c2/run/updates-from0000000-1791378077797736560.jsonl
C2,619,618,0.5047271370887756,0.0001,4.8030458195135,3449.415566915646,58857181696,76237766656,nexus_2k_001178;nexus_2k_000074;nexus_2k_000935;nexus_2k_001045;nexus_2k_000952,snapshot/candidates/c2/run/updates-from0000000-1791378077797736560.jsonl
C2,620,619,0.40239421725273133,0.0001,5.191494734957814,3454.6076693655923,67145542656,76237766656,nexus_2k_001825;nexus_2k_000840;nexus_2k_000167;nexus_2k_001550;nexus_2k_000084,snapshot/candidates/c2/run/updates-from0000000-1791378077797736560.jsonl
C2,621,620,0.33592372536659243,0.0001,3.843184501864016,3458.4512945134193,65560496128,76237766656,nexus_2k_000074;nexus_2k_000796;nexus_2k_000020;nexus_2k_000783;nexus_2k_001045,snapshot/candidates/c2/run/updates-from0000000-1791378077797736560.jsonl
C2,622,621,0.4220775067806244,0.0001,5.362742273136973,3463.8145485697314,67152842752,76237766656,nexus_2k_000675;nexus_2k_000167;nexus_2k_000142;nexus_2k_001211;nexus_2k_001692,snapshot/candidates/c2/run/updates-from0000000-1791378077797736560.jsonl
C2,623,622,0.735481721162796,0.0001,5.5381698831915855,3469.3535856744274,66595376640,76237766656,nexus_2k_001780;nexus_2k_000083;nexus_2k_001415;nexus_2k_000283;nexus_2k_001087,snapshot/candidates/c2/run/updates-from0000000-1791378077797736560.jsonl
C2,624,623,0.32727945446968076,0.0001,3.0960496179759502,3472.450129941106,46854845440,76237766656,nexus_2k_000118;nexus_2k_000053;nexus_2k_000823;nexus_2k_001179;nexus_2k_001843,snapshot/candidates/c2/run/updates-from0000000-1791378077797736560.jsonl
C2,625,624,0.3643407166004181,0.0001,5.289242667146027,3477.7397174201906,60558768128,76237766656,nexus_2k_000935;nexus_2k_000840;nexus_2k_001085;nexus_2k_000800;nexus_2k_000872,snapshot/candidates/c2/run/updates-from0000000-1791378077797736560.jsonl
C2,626,625,0.3015702813863754,0.0001,3.093792795203626,3480.8338927524164,49748215296,76237766656,nexus_2k_000519;nexus_2k_001331;nexus_2k_000084;nexus_2k_000346;nexus_2k_001150,snapshot/candidates/c2/run/updates-from0000000-1791378077797736560.jsonl
C2,627,626,0.4686457395553589,0.0001,6.56035615503788,3487.394632289186,71666159104,76237766656,nexus_2k_001536;nexus_2k_000952;nexus_2k_001216;nexus_2k_000280;nexus_2k_000898,snapshot/candidates/c2/run/updates-from0000000-1791378077797736560.jsonl
C2,628,627,0.531890743970871,0.0001,5.405108164995909,3492.8005024939775,59163361280,76237766656,nexus_2k_001178;nexus_2k_000242;nexus_2k_001825;nexus_2k_001577;nexus_2k_000815,snapshot/candidates/c2/run/updates-from0000000-1791378077797736560.jsonl
C2,629,628,0.3178982436656952,0.0001,5.993182182312012,3498.7941511049867,69175611904,76237766656,nexus_2k_001439;nexus_2k_001232;nexus_2k_000447;nexus_2k_001550;nexus_2k_001317,snapshot/candidates/c2/run/updates-from0000000-1791378077797736560.jsonl
C2,630,629,0.327252459526062,0.0001,6.435509379953146,3505.230025727302,66688946176,76237766656,nexus_2k_001093;nexus_2k_001716;nexus_2k_001483;nexus_2k_000869;nexus_2k_001792,snapshot/candidates/c2/run/updates-from0000000-1791378077797736560.jsonl
C2,631,630,0.4011597573757172,0.0001,5.333776283077896,3510.5642091967165,67177904640,76237766656,nexus_2k_001178;nexus_2k_000074;nexus_2k_001439;nexus_2k_000346;nexus_2k_000167,snapshot/candidates/c2/run/updates-from0000000-1791378077797736560.jsonl
C2,632,631,0.34583025574684145,0.0001,3.9029350271448493,3514.4677054118365,52969888256,76237766656,nexus_2k_001179;nexus_2k_000952;nexus_2k_000242;nexus_2k_001577;nexus_2k_000519,snapshot/candidates/c2/run/updates-from0000000-1791378077797736560.jsonl
C2,633,632,0.4632626473903656,0.0001,4.455799047835171,3518.9238975709304,58840287744,76237766656,nexus_2k_001216;nexus_2k_000935;nexus_2k_001716;nexus_2k_001087;nexus_2k_000840,snapshot/candidates/c2/run/updates-from0000000-1791378077797736560.jsonl
C2,634,633,0.4560739278793335,0.0001,4.2464816849678755,3523.170751068741,71665677824,76237766656,nexus_2k_001780;nexus_2k_000898;nexus_2k_000823;nexus_2k_001692;nexus_2k_001150,snapshot/candidates/c2/run/updates-from0000000-1791378077797736560.jsonl
C2,635,634,0.34927970767021177,0.0001,5.667403093539178,3528.8386915493757,60563646976,76237766656,nexus_2k_000815;nexus_2k_000020;nexus_2k_001825;nexus_2k_000872;nexus_2k_001211,snapshot/candidates/c2/run/updates-from0000000-1791378077797736560.jsonl
C2,636,635,0.37773377895355226,0.0001,6.014297526329756,3534.853512042202,66736488448,76237766656,nexus_2k_000800;nexus_2k_001550;nexus_2k_000796;nexus_2k_001792;nexus_2k_000283,snapshot/candidates/c2/run/updates-from0000000-1791378077797736560.jsonl
C2,637,636,0.3239981710910797,0.0001,5.39275351818651,3540.2470415728167,66601086464,76237766656,nexus_2k_000869;nexus_2k_000084;nexus_2k_000083;nexus_2k_000675;nexus_2k_001483,snapshot/candidates/c2/run/updates-from0000000-1791378077797736560.jsonl
C2,638,637,0.3820477843284607,0.0001,6.407919424585998,3546.655403304845,69177966592,76237766656,nexus_2k_001415;nexus_2k_001843;nexus_2k_001232;nexus_2k_000142;nexus_2k_000783,snapshot/candidates/c2/run/updates-from0000000-1791378077797736560.jsonl
C2,639,638,0.4962154507637024,0.0001,3.568565396592021,3550.2246145159006,47255891968,76237766656,nexus_2k_001317;nexus_2k_001045;nexus_2k_000118;nexus_2k_000447;nexus_2k_000053,snapshot/candidates/c2/run/updates-from0000000-1791378077797736560.jsonl
C2,640,639,0.4320785701274872,0.0001,5.556987712159753,3555.782303504646,67247391232,76237766656,nexus_2k_001085;nexus_2k_000280;nexus_2k_001093;nexus_2k_001331;nexus_2k_001536,snapshot/candidates/c2/run/updates-from0000000-1791378077797736560.jsonl
C2,641,640,0.40951122641563414,0.0001,3.711773787625134,3559.494788107462,46838989824,76237766656,nexus_2k_001439;nexus_2k_000053;nexus_2k_000118;nexus_2k_000020;nexus_2k_000519,snapshot/candidates/c2/run/updates-from0000000-1791378077797736560.jsonl
C2,642,641,0.43146819770336153,0.0001,5.205560286529362,3564.7007923508063,57450092544,76237766656,nexus_2k_001317;nexus_2k_001415;nexus_2k_000796;nexus_2k_000872;nexus_2k_000142,snapshot/candidates/c2/run/updates-from0000000-1791378077797736560.jsonl
C2,643,642,0.3911656677722931,0.0001,5.703285219147801,3570.4045401858166,69162680320,76237766656,nexus_2k_000675;nexus_2k_000283;nexus_2k_001232;nexus_2k_001577;nexus_2k_001216,snapshot/candidates/c2/run/updates-from0000000-1791378077797736560.jsonl
C2,644,643,0.4417513132095337,0.0001,4.937903364188969,3575.342833441682,66591664640,76237766656,nexus_2k_000074;nexus_2k_000952;nexus_2k_000823;nexus_2k_000083;nexus_2k_000242,snapshot/candidates/c2/run/updates-from0000000-1791378077797736560.jsonl
C2,645,644,0.4267310440540314,0.0001,4.8504516603425145,3580.1936886450276,71658685952,76237766656,nexus_2k_001692;nexus_2k_001780;nexus_2k_000898;nexus_2k_000447;nexus_2k_001178,snapshot/candidates/c2/run/updates-from0000000-1791378077797736560.jsonl
C2,646,645,0.4909119367599487,0.0001,5.274176936596632,3585.4683177163824,59150722048,76237766656,nexus_2k_000840;nexus_2k_000869;nexus_2k_001716;nexus_2k_001550;nexus_2k_000815,snapshot/candidates/c2/run/updates-from0000000-1791378077797736560.jsonl
C2,647,646,0.3104126751422882,0.0001,3.7387158134952188,3589.2074964381754,60493348864,76237766656,nexus_2k_001085;nexus_2k_001536;nexus_2k_001045;nexus_2k_000800;nexus_2k_001843,snapshot/candidates/c2/run/updates-from0000000-1791378077797736560.jsonl
C2,648,647,0.5144771337509155,0.0001,5.430968319997191,3594.6387995574623,67251129344,76237766656,nexus_2k_001093;nexus_2k_001331;nexus_2k_001087;nexus_2k_000280;nexus_2k_001179,snapshot/candidates/c2/run/updates-from0000000-1791378077797736560.jsonl
C2,649,648,0.35621021389961244,0.0001,6.114664242602885,3600.753917371854,66782406656,76237766656,nexus_2k_000935;nexus_2k_001211;nexus_2k_001825;nexus_2k_001792;nexus_2k_000084,snapshot/candidates/c2/run/updates-from0000000-1791378077797736560.jsonl
C2,650,649,0.35347010791301725,0.0001,5.533258355222642,3606.287707215175,67171801088,76237766656,nexus_2k_001483;nexus_2k_001150;nexus_2k_000783;nexus_2k_000167;nexus_2k_000346,snapshot/candidates/c2/run/updates-from0000000-1791378077797736560.jsonl
C2,651,650,0.30977578461170197,0.0001,4.861582675948739,3611.149651354179,58836868608,76237766656,nexus_2k_001093;nexus_2k_000084;nexus_2k_001780;nexus_2k_000935;nexus_2k_001216,snapshot/candidates/c2/run/updates-from0000000-1791378077797736560.jsonl
C2,652,651,0.3840961456298828,0.0001,5.2818486681208014,3616.4319625496864,59162560512,76237766656,nexus_2k_001178;nexus_2k_000815;nexus_2k_001439;nexus_2k_001179;nexus_2k_000823,snapshot/candidates/c2/run/updates-from0000000-1791378077797736560.jsonl
C2,653,652,0.2989357769489288,0.0001,5.047972979024053,3621.480291522108,66588384768,76237766656,nexus_2k_001045;nexus_2k_000118;nexus_2k_000083;nexus_2k_000142;nexus_2k_001317,snapshot/candidates/c2/run/updates-from0000000-1791378077797736560.jsonl
C2,654,653,0.33850725293159484,0.0001,4.552597334608436,3626.0334017304704,67158118400,76237766656,nexus_2k_000447;nexus_2k_000167;nexus_2k_001087;nexus_2k_000346;nexus_2k_000872,snapshot/candidates/c2/run/updates-from0000000-1791378077797736560.jsonl
C2,655,654,0.4358061790466309,0.0001,3.7265178207308054,3629.7604776974767,51652950016,76237766656,nexus_2k_001716;nexus_2k_000840;nexus_2k_001550;nexus_2k_001843;nexus_2k_000675,snapshot/candidates/c2/run/updates-from0000000-1791378077797736560.jsonl
C2,656,655,0.3197976350784302,0.0001,5.153895110823214,3634.915426858701,67241789440,76237766656,nexus_2k_000074;nexus_2k_000280;nexus_2k_000783;nexus_2k_000519;nexus_2k_000020,snapshot/candidates/c2/run/updates-from0000000-1791378077797736560.jsonl
C2,657,656,0.35824225544929506,0.0001,5.17238799855113,3640.088358153589,69155995648,76237766656,nexus_2k_001692;nexus_2k_001232;nexus_2k_001150;nexus_2k_001536;nexus_2k_000800,snapshot/candidates/c2/run/updates-from0000000-1791378077797736560.jsonl
C2,658,657,0.30985971689224245,0.0001,4.564160296693444,3644.653109558858,53284444160,76237766656,nexus_2k_000952;nexus_2k_001331;nexus_2k_001577;nexus_2k_001825;nexus_2k_000796,snapshot/candidates/c2/run/updates-from0000000-1791378077797736560.jsonl
C2,659,658,0.3525632619857788,0.0001,7.057610643096268,3651.7113147396594,71671666176,76237766656,nexus_2k_000869;nexus_2k_001792;nexus_2k_000242;nexus_2k_000898;nexus_2k_001415,snapshot/candidates/c2/run/updates-from0000000-1791378077797736560.jsonl
C2,660,659,0.5231618344783783,0.0001,5.224463257007301,3656.936246819794,60499820032,76237766656,nexus_2k_000053;nexus_2k_001085;nexus_2k_001211;nexus_2k_000283;nexus_2k_001483,snapshot/candidates/c2/run/updates-from0000000-1791378077797736560.jsonl
C2,661,660,0.308408060669899,0.0001,4.845713480375707,3661.7825775835663,57994781696,76237766656,nexus_2k_000074;nexus_2k_000346;nexus_2k_000952;nexus_2k_000283;nexus_2k_001439,snapshot/candidates/c2/run/updates-from0000000-1791378077797736560.jsonl
C2,662,661,0.3390076458454132,0.0001,3.6549808839336038,3665.438426502049,60513679872,76237766656,nexus_2k_000084;nexus_2k_001085;nexus_2k_001045;nexus_2k_000675;nexus_2k_001211,snapshot/candidates/c2/run/updates-from0000000-1791378077797736560.jsonl
C2,663,662,0.3933202803134918,0.0001,3.8664562785997987,3669.3058141376823,55503820288,76237766656,nexus_2k_000118;nexus_2k_001178;nexus_2k_000142;nexus_2k_000796;nexus_2k_001780,snapshot/candidates/c2/run/updates-from0000000-1791378077797736560.jsonl
C2,664,663,0.332124599814415,0.0001,5.139586846344173,3674.4458223208785,71680656896,76237766656,nexus_2k_001415;nexus_2k_000242;nexus_2k_000898;nexus_2k_001843;nexus_2k_001179,snapshot/candidates/c2/run/updates-from0000000-1791378077797736560.jsonl
C2,665,664,0.46324014365673066,0.0001,7.293917172588408,3681.7402074560523,65579682816,76237766656,nexus_2k_000167;nexus_2k_000869;nexus_2k_000872;nexus_2k_000800;nexus_2k_000783,snapshot/candidates/c2/run/updates-from0000000-1791378077797736560.jsonl
C2,666,665,0.39523495435714723,0.0001,5.627225335687399,3687.3679483104497,66600283648,76237766656,nexus_2k_001536;nexus_2k_001093;nexus_2k_000053;nexus_2k_001216;nexus_2k_000083,snapshot/candidates/c2/run/updates-from0000000-1791378077797736560.jsonl
C2,667,666,0.33257935047149656,0.0001,3.4878876749426126,3690.856217051856,48345698304,76237766656,nexus_2k_000840;nexus_2k_001577;nexus_2k_001716;nexus_2k_000020;nexus_2k_000447,snapshot/candidates/c2/run/updates-from0000000-1791378077797736560.jsonl
C2,668,667,0.44108973145484925,0.0001,7.414725448936224,3698.271322336048,69160136704,76237766656,nexus_2k_001317;nexus_2k_000815;nexus_2k_001792;nexus_2k_001825;nexus_2k_001232,snapshot/candidates/c2/run/updates-from0000000-1791378077797736560.jsonl
C2,669,668,0.2854331463575363,0.0001,4.840306713245809,3703.1120350724086,67265070080,76237766656,nexus_2k_001550;nexus_2k_001087;nexus_2k_001331;nexus_2k_000280;nexus_2k_001692,snapshot/candidates/c2/run/updates-from0000000-1791378077797736560.jsonl
C2,670,669,0.42097148299217224,0.0001,4.431993952021003,3707.5444348286837,58835982848,76237766656,nexus_2k_001150;nexus_2k_000935;nexus_2k_001483;nexus_2k_000823;nexus_2k_000519,snapshot/candidates/c2/run/updates-from0000000-1791378077797736560.jsonl
C2,671,670,0.5075767517089844,0.0001,5.89865952078253,3713.443453175947,71674488320,76237766656,nexus_2k_001577;nexus_2k_001211;nexus_2k_001179;nexus_2k_000898;nexus_2k_001550,snapshot/candidates/c2/run/updates-from0000000-1791378077797736560.jsonl
C2,672,671,0.38842441141605377,0.0001,5.14775568805635,3718.5918137598783,69155995648,76237766656,nexus_2k_001045;nexus_2k_000447;nexus_2k_000118;nexus_2k_001232;nexus_2k_001093,snapshot/candidates/c2/run/updates-from0000000-1791378077797736560.jsonl
C2,673,672,0.2955921351909637,0.0001,5.6166077656671405,3724.2089745281264,67273520128,76237766656,nexus_2k_000783;nexus_2k_000872;nexus_2k_000280;nexus_2k_000519;nexus_2k_001843,snapshot/candidates/c2/run/updates-from0000000-1791378077797736560.jsonl
C2,674,673,0.27171697914600373,0.0001,4.6463627349585295,3728.8557915762067,67150181376,76237766656,nexus_2k_000074;nexus_2k_000346;nexus_2k_000084;nexus_2k_000869;nexus_2k_000167,snapshot/candidates/c2/run/updates-from0000000-1791378077797736560.jsonl
C2,675,674,0.3781033277511597,0.0001,4.686911100521684,3733.543131995946,57985490944,76237766656,nexus_2k_000242;nexus_2k_001331;nexus_2k_000952;nexus_2k_000796;nexus_2k_000283,snapshot/candidates/c2/run/updates-from0000000-1791378077797736560.jsonl
C2,676,675,0.3950354397296906,0.0001,4.932293399237096,3738.4762877281755,59161327616,76237766656,nexus_2k_001483;nexus_2k_000020;nexus_2k_000815;nexus_2k_001825;nexus_2k_001087,snapshot/candidates/c2/run/updates-from0000000-1791378077797736560.jsonl
C2,677,676,0.5002114117145539,0.0001,6.181781376712024,3744.6586096379906,66598620672,76237766656,nexus_2k_000840;nexus_2k_001178;nexus_2k_001216;nexus_2k_000083;nexus_2k_000800,snapshot/candidates/c2/run/updates-from0000000-1791378077797736560.jsonl
C2,678,677,0.2860335946083069,0.0001,4.268861530348659,3748.9279571436346,58842974720,76237766656,nexus_2k_001780;nexus_2k_000935;nexus_2k_000053;nexus_2k_001439;nexus_2k_001150,snapshot/candidates/c2/run/updates-from0000000-1791378077797736560.jsonl
C2,679,678,0.27959329187870025,0.0001,4.020922244526446,3752.9494971707463,56527765504,76237766656,nexus_2k_000675;nexus_2k_001085;nexus_2k_000823;nexus_2k_001536;nexus_2k_001317,snapshot/candidates/c2/run/updates-from0000000-1791378077797736560.jsonl
C2,680,679,0.3456591308116913,0.0001,5.154204088263214,3758.1040757261217,66684841984,76237766656,nexus_2k_001716;nexus_2k_001415;nexus_2k_001792;nexus_2k_000142;nexus_2k_001692,snapshot/candidates/c2/run/updates-from0000000-1791378077797736560.jsonl
C2,681,680,0.28238522410392763,0.0001,3.562171682715416,3761.666600984521,48354669568,76237766656,nexus_2k_001550;nexus_2k_001179;nexus_2k_001087;nexus_2k_000084;nexus_2k_001577,snapshot/candidates/c2/run/updates-from0000000-1791378077797736560.jsonl
C2,682,681,0.4564000070095062,0.0001,5.805087654851377,3767.4726662989706,62460766208,76237766656,nexus_2k_000783;nexus_2k_001093;nexus_2k_001317;nexus_2k_000447;nexus_2k_000242,snapshot/candidates/c2/run/updates-from0000000-1791378077797736560.jsonl
C2,683,682,0.2812978237867355,0.0001,4.763744557276368,3772.2367962663993,66613868032,76237766656,nexus_2k_000142;nexus_2k_001045;nexus_2k_000952;nexus_2k_000346;nexus_2k_000083,snapshot/candidates/c2/run/updates-from0000000-1791378077797736560.jsonl
C2,684,683,0.46658567786216737,0.0001,5.468413692899048,3777.7057742681354,66687389696,76237766656,nexus_2k_001216;nexus_2k_001716;nexus_2k_001211;nexus_2k_000053;nexus_2k_001792,snapshot/candidates/c2/run/updates-from0000000-1791378077797736560.jsonl
C2,685,684,0.4748496115207672,0.0001,4.3441741755232215,3782.0504438811913,57455900672,76237766656,nexus_2k_001780;nexus_2k_001150;nexus_2k_000872;nexus_2k_001415;nexus_2k_000840,snapshot/candidates/c2/run/updates-from0000000-1791378077797736560.jsonl
C2,686,685,0.30194286108016966,0.0001,6.073265118524432,3788.1242706393823,71666159104,76237766656,nexus_2k_001536;nexus_2k_000869;nexus_2k_001483;nexus_2k_000898;nexus_2k_000823,snapshot/candidates/c2/run/updates-from0000000-1791378077797736560.jsonl
C2,687,686,0.4522435575723648,0.0001,5.280832568183541,3793.4058671901003,60510525440,76237766656,nexus_2k_000167;nexus_2k_001692;nexus_2k_001331;nexus_2k_000800;nexus_2k_000074,snapshot/candidates/c2/run/updates-from0000000-1791378077797736560.jsonl
C2,688,687,0.5125219702720643,0.0001,5.630080404691398,3799.0364997573197,69192045568,76237766656,nexus_2k_000283;nexus_2k_001439;nexus_2k_000796;nexus_2k_000118;nexus_2k_001232,snapshot/candidates/c2/run/updates-from0000000-1791378077797736560.jsonl
C2,689,688,0.2836300700902939,0.0001,5.260163374245167,3804.297211257741,67335813632,76237766656,nexus_2k_000935;nexus_2k_000280;nexus_2k_001825;nexus_2k_000020;nexus_2k_001843,snapshot/candidates/c2/run/updates-from0000000-1791378077797736560.jsonl
C2,690,689,0.49856263399124146,0.0001,4.498726366087794,3808.7963998764753,55570745344,76237766656,nexus_2k_000815;nexus_2k_001085;nexus_2k_000675;nexus_2k_001178;nexus_2k_000519,snapshot/candidates/c2/run/updates-from0000000-1791378077797736560.jsonl
C2,691,690,0.29741955995559693,0.0001,6.023462902754545,3814.820313899778,66691344384,76237766656,nexus_2k_000935;nexus_2k_000083;nexus_2k_001178;nexus_2k_001483;nexus_2k_001843,snapshot/candidates/c2/run/updates-from0000000-1791378077797736560.jsonl
C2,692,691,0.5351889967918396,0.0001,4.791942558251321,3819.6128658903763,69155757056,76237766656,nexus_2k_001825;nexus_2k_001179;nexus_2k_001232;nexus_2k_000796;nexus_2k_000118,snapshot/candidates/c2/run/updates-from0000000-1791378077797736560.jsonl
C2,693,692,0.4708733379840851,0.0001,5.542916260659695,3825.156303978525,71676511744,76237766656,nexus_2k_000084;nexus_2k_001577;nexus_2k_000053;nexus_2k_001093;nexus_2k_000898,snapshot/candidates/c2/run/updates-from0000000-1791378077797736560.jsonl
C2,694,693,0.3807936757802963,0.0001,4.627414433285594,3829.784080292098,67237317632,76237766656,nexus_2k_001692;nexus_2k_001550;nexus_2k_000840;nexus_2k_000280;nexus_2k_001085,snapshot/candidates/c2/run/updates-from0000000-1791378077797736560.jsonl
C2,695,694,0.31278968751430514,0.0001,5.004876110702753,3834.789334440604,60514725888,76237766656,nexus_2k_001211;nexus_2k_001331;nexus_2k_000447;nexus_2k_000800;nexus_2k_000020,snapshot/candidates/c2/run/updates-from0000000-1791378077797736560.jsonl
C2,696,695,0.4956684798002243,0.0001,6.0594555558636785,3840.8493401724845,67193759744,76237766656,nexus_2k_001792;nexus_2k_001439;nexus_2k_001087;nexus_2k_000242;nexus_2k_000167,snapshot/candidates/c2/run/updates-from0000000-1791378077797736560.jsonl
C2,697,696,0.2956701785326004,0.0001,4.6718964371830225,3845.521867176518,65559811584,76237766656,nexus_2k_000952;nexus_2k_000519;nexus_2k_000783;nexus_2k_001045;nexus_2k_001536,snapshot/candidates/c2/run/updates-from0000000-1791378077797736560.jsonl
C2,698,697,0.4363406956195831,0.0001,5.2452379781752825,3850.7679710248485,59156323328,76237766656,nexus_2k_000142;nexus_2k_000283;nexus_2k_000815;nexus_2k_001780;nexus_2k_001216,snapshot/candidates/c2/run/updates-from0000000-1791378077797736560.jsonl
C2,699,698,0.4187586963176727,0.0001,5.125229733064771,3855.893796677701,57454280704,76237766656,nexus_2k_000675;nexus_2k_001716;nexus_2k_001415;nexus_2k_000869;nexus_2k_000872,snapshot/candidates/c2/run/updates-from0000000-1791378077797736560.jsonl
C2,700,699,0.27527050375938417,0.0001,3.6372048407793045,3859.5314672570676,56528371712,76237766656,nexus_2k_000346;nexus_2k_001150;nexus_2k_000074;nexus_2k_000823;nexus_2k_001317,snapshot/candidates/c2/run/updates-from0000000-1791378077797736560.jsonl
C2,701,700,0.31413494050502777,0.0001,4.9465500889346,3864.4785581650212,59146507264,76237766656,nexus_2k_001536;nexus_2k_000447;nexus_2k_000815;nexus_2k_001825;nexus_2k_001550,snapshot/candidates/c2/run/updates-from0000000-1791378077797736560.jsonl
C2,702,701,0.33234553337097167,0.0001,3.874735154211521,3868.3543224669993,55501543936,76237766656,nexus_2k_000872;nexus_2k_001178;nexus_2k_001843;nexus_2k_001085;nexus_2k_001045,snapshot/candidates/c2/run/updates-from0000000-1791378077797736560.jsonl
C2,703,702,0.3913503885269165,0.0001,6.347843530587852,3874.7026651697233,69189070848,76237766656,nexus_2k_000083;nexus_2k_000020;nexus_2k_001216;nexus_2k_001232;nexus_2k_001317,snapshot/candidates/c2/run/updates-from0000000-1791378077797736560.jsonl
C2,704,703,0.4481115281581879,0.0001,5.77976156771183,3880.4828924937174,66687594496,76237766656,nexus_2k_000242;nexus_2k_001439;nexus_2k_000823;nexus_2k_000869;nexus_2k_001792,snapshot/candidates/c2/run/updates-from0000000-1791378077797736560.jsonl
C2,705,704,0.3782661497592926,0.0001,6.192971047013998,3886.676449080929,71671358976,76237766656,nexus_2k_000840;nexus_2k_000898;nexus_2k_000283;nexus_2k_001577;nexus_2k_001483,snapshot/candidates/c2/run/updates-from0000000-1791378077797736560.jsonl
C2,706,705,0.30239165425300596,0.0001,3.982089940458536,3890.658956247382,67146063872,76237766656,nexus_2k_001692;nexus_2k_000053;nexus_2k_001179;nexus_2k_000346;nexus_2k_000167,snapshot/candidates/c2/run/updates-from0000000-1791378077797736560.jsonl
C2,707,706,0.3234767198562622,0.0001,4.068771173246205,3894.7283080108464,67242306560,76237766656,nexus_2k_000118;nexus_2k_000519;nexus_2k_001150;nexus_2k_001087;nexus_2k_000280,snapshot/candidates/c2/run/updates-from0000000-1791378077797736560.jsonl
C2,708,707,0.3068078875541687,0.0001,5.730838823132217,3900.459933050908,60528425472,76237766656,nexus_2k_000800;nexus_2k_000796;nexus_2k_001331;nexus_2k_001211;nexus_2k_001415,snapshot/candidates/c2/run/updates-from0000000-1791378077797736560.jsonl
C2,709,708,0.4938463389873505,0.0001,5.193774023093283,3905.6543029537424,65559858176,76237766656,nexus_2k_001716;nexus_2k_000074;nexus_2k_000783;nexus_2k_000675;nexus_2k_001093,snapshot/candidates/c2/run/updates-from0000000-1791378077797736560.jsonl
C2,710,709,0.4219098150730133,0.0001,4.51137506775558,3910.166994765401,58852837888,76237766656,nexus_2k_000084;nexus_2k_000142;nexus_2k_000952;nexus_2k_000935;nexus_2k_001780,snapshot/candidates/c2/run/updates-from0000000-1791378077797736560.jsonl
C2,711,710,0.42818394899368284,0.0001,4.519215956330299,3914.686755966395,62422066176,76237766656,nexus_2k_001825;nexus_2k_001536;nexus_2k_000519;nexus_2k_001093;nexus_2k_001045,snapshot/candidates/c2/run/updates-from0000000-1791378077797736560.jsonl
C2,712,711,0.6285113275051117,0.0001,5.327932886779308,3920.015952723101,60482326528,76237766656,nexus_2k_001692;nexus_2k_000815;nexus_2k_001439;nexus_2k_000800;nexus_2k_000118,snapshot/candidates/c2/run/updates-from0000000-1791378077797736560.jsonl
C2,713,712,0.3703238308429718,0.0001,6.15303866751492,3926.170303406194,69158867456,76237766656,nexus_2k_000952;nexus_2k_000020;nexus_2k_001178;nexus_2k_001232;nexus_2k_001415,snapshot/candidates/c2/run/updates-from0000000-1791378077797736560.jsonl
C2,714,713,0.29785063564777375,0.0001,4.591328443959355,3930.762918403372,60517976576,76237766656,nexus_2k_000142;nexus_2k_000447;nexus_2k_001211;nexus_2k_001843;nexus_2k_001216,snapshot/candidates/c2/run/updates-from0000000-1791378077797736560.jsonl
C2,715,714,0.3983903169631958,0.0001,3.10032129753381,3933.864125306718,49743487488,76237766656,nexus_2k_001150;nexus_2k_000074;nexus_2k_001331;nexus_2k_001085;nexus_2k_000796,snapshot/candidates/c2/run/updates-from0000000-1791378077797736560.jsonl
C2,716,715,0.37221684157848356,0.0001,5.309886473231018,3939.1744551090524,58034018304,76237766656,nexus_2k_000935;nexus_2k_001550;nexus_2k_000242;nexus_2k_001577;nexus_2k_000283,snapshot/candidates/c2/run/updates-from0000000-1791378077797736560.jsonl
C2,717,716,0.3167686462402344,0.0001,7.336553566157818,3946.5119684273377,67244309504,76237766656,nexus_2k_001780;nexus_2k_000083;nexus_2k_000783;nexus_2k_000280;nexus_2k_001792,snapshot/candidates/c2/run/updates-from0000000-1791378077797736560.jsonl
C2,718,717,0.2889217346906662,0.0001,4.054842963814735,3950.5673215175048,56526274560,76237766656,nexus_2k_000823;nexus_2k_001317;nexus_2k_000346;nexus_2k_000675;nexus_2k_000840,snapshot/candidates/c2/run/updates-from0000000-1791378077797736560.jsonl
C2,719,718,0.6179516017436981,0.0001,4.339503535069525,3954.9078098824248,57196183552,76237766656,nexus_2k_001179;nexus_2k_001087;nexus_2k_001716;nexus_2k_000869;nexus_2k_000872,snapshot/candidates/c2/run/updates-from0000000-1791378077797736560.jsonl
C2,720,719,0.31243351101875305,0.0001,6.054082468152046,3960.9623521231115,67151867904,76237766656,nexus_2k_000898;nexus_2k_001483;nexus_2k_000167;nexus_2k_000053;nexus_2k_000084,snapshot/candidates/c2/run/updates-from0000000-1791378077797736560.jsonl
C2,721,720,0.27126004099845885,0.0001,4.456961877644062,3965.4205770986155,59150085120,76237766656,nexus_2k_001085;nexus_2k_000840;nexus_2k_000815;nexus_2k_000823;nexus_2k_001577,snapshot/candidates/c2/run/updates-from0000000-1791378077797736560.jsonl
C2,722,721,0.3279990881681442,0.0001,5.502564195543528,3970.9238005224615,69155995648,76237766656,nexus_2k_001692;nexus_2k_001232;nexus_2k_001178;nexus_2k_000346;nexus_2k_001317,snapshot/candidates/c2/run/updates-from0000000-1791378077797736560.jsonl
C2,723,722,0.38384238481521604,0.0001,5.441259413957596,3976.365514567122,60488988160,76237766656,nexus_2k_001825;nexus_2k_001780;nexus_2k_001331;nexus_2k_001211;nexus_2k_000283,snapshot/candidates/c2/run/updates-from0000000-1791378077797736560.jsonl
C2,724,723,0.32115525007247925,0.0001,4.48591535538435,3980.8520170347765,65560243200,76237766656,nexus_2k_000118;nexus_2k_001045;nexus_2k_000242;nexus_2k_000142;nexus_2k_000783,snapshot/candidates/c2/run/updates-from0000000-1791378077797736560.jsonl
C2,725,724,0.39768916368484497,0.0001,4.234204770065844,3985.0867969086394,54994355200,76237766656,nexus_2k_000872;nexus_2k_000053;nexus_2k_001716;nexus_2k_000020;nexus_2k_001483,snapshot/candidates/c2/run/updates-from0000000-1791378077797736560.jsonl
C2,726,725,0.48594040274620054,0.0001,5.688938225619495,3990.776210241951,67151867904,76237766656,nexus_2k_000898;nexus_2k_001216;nexus_2k_000167;nexus_2k_001150;nexus_2k_001179,snapshot/candidates/c2/run/updates-from0000000-1791378077797736560.jsonl
C2,727,726,0.33305745720863345,0.0001,4.858914842829108,3995.6355239544064,66691344384,76237766656,nexus_2k_000935;nexus_2k_001843;nexus_2k_000675;nexus_2k_000519;nexus_2k_000083,snapshot/candidates/c2/run/updates-from0000000-1791378077797736560.jsonl
C2,728,727,0.32768810987472535,0.0001,6.231552243232727,4001.8678983077407,66711716864,76237766656,nexus_2k_000280;nexus_2k_001550;nexus_2k_001792;nexus_2k_000869;nexus_2k_000084,snapshot/candidates/c2/run/updates-from0000000-1791378077797736560.jsonl
C2,729,728,0.3444529265165329,0.0001,3.8517135363072157,4005.7200571345165,48192599040,76237766656,nexus_2k_001415;nexus_2k_001087;nexus_2k_000796;nexus_2k_001536;nexus_2k_000447,snapshot/candidates/c2/run/updates-from0000000-1791378077797736560.jsonl
C2,730,729,0.2990823030471802,0.0001,6.0026265773922205,4011.7230706941336,62463494144,76237766656,nexus_2k_000800;nexus_2k_000952;nexus_2k_000074;nexus_2k_001093;nexus_2k_001439,snapshot/candidates/c2/run/updates-from0000000-1791378077797736560.jsonl
C2,731,730,0.4256493628025055,0.0001,6.611900523304939,4018.335563709028,67160264704,76237766656,nexus_2k_001577;nexus_2k_000783;nexus_2k_000167;nexus_2k_000815;nexus_2k_001331,snapshot/candidates/c2/run/updates-from0000000-1791378077797736560.jsonl
C2,732,731,0.4118362069129944,0.0001,4.777736154384911,4023.1137415440753,59918694400,76237766656,nexus_2k_001232;nexus_2k_000952;nexus_2k_001692;nexus_2k_001179;nexus_2k_001716,snapshot/candidates/c2/run/updates-from0000000-1791378077797736560.jsonl
C2,733,732,0.43065700531005857,0.0001,5.075782864354551,4028.190101409331,71661828608,76237766656,nexus_2k_000872;nexus_2k_000898;nexus_2k_000084;nexus_2k_001550;nexus_2k_000346,snapshot/candidates/c2/run/updates-from0000000-1791378077797736560.jsonl
C2,734,733,0.498466819524765,0.0001,5.692207984626293,4033.8828951371834,57992761856,76237766656,nexus_2k_001178;nexus_2k_000283;nexus_2k_001439;nexus_2k_001780;nexus_2k_000869,snapshot/candidates/c2/run/updates-from0000000-1791378077797736560.jsonl
C2,735,734,0.41034948229789736,0.0001,4.333844954147935,4038.2173190908507,57452128256,76237766656,nexus_2k_000519;nexus_2k_001825;nexus_2k_001150;nexus_2k_001415;nexus_2k_000823,snapshot/candidates/c2/run/updates-from0000000-1791378077797736560.jsonl
C2,736,735,0.34594560265541074,0.0001,4.574326210655272,4042.7922706147656,57351915008,76237766656,nexus_2k_000083;nexus_2k_000074;nexus_2k_001216;nexus_2k_000053;nexus_2k_001087,snapshot/candidates/c2/run/updates-from0000000-1791378077797736560.jsonl
C2,737,736,0.3139926612377167,0.0001,4.083921184763312,4046.87666156888,62428661760,76237766656,nexus_2k_000242;nexus_2k_000447;nexus_2k_000675;nexus_2k_001093;nexus_2k_001085,snapshot/candidates/c2/run/updates-from0000000-1791378077797736560.jsonl
C2,738,737,0.3116770416498184,0.0001,3.732930817641318,4050.610099331476,51263214080,76237766656,nexus_2k_001211;nexus_2k_001045;nexus_2k_001843;nexus_2k_001536;nexus_2k_000796,snapshot/candidates/c2/run/updates-from0000000-1791378077797736560.jsonl
C2,739,738,0.3299739420413971,0.0001,6.151888840831816,4056.76249764394,67270592000,76237766656,nexus_2k_001483;nexus_2k_000142;nexus_2k_000020;nexus_2k_001792;nexus_2k_000280,snapshot/candidates/c2/run/updates-from0000000-1791378077797736560.jsonl
C2,740,739,0.4160133719444275,0.0001,5.528280012309551,4062.2915760949254,60481314816,76237766656,nexus_2k_001317;nexus_2k_000935;nexus_2k_000118;nexus_2k_000800;nexus_2k_000840,snapshot/candidates/c2/run/updates-from0000000-1791378077797736560.jsonl
C2,741,740,0.30618215799331666,0.0001,5.025673461146653,4067.317599874921,66736058368,76237766656,nexus_2k_001211;nexus_2k_000242;nexus_2k_001843;nexus_2k_000519;nexus_2k_001792,snapshot/candidates/c2/run/updates-from0000000-1791378077797736560.jsonl
C2,742,741,0.4836135983467102,0.0001,5.2151900343596935,4072.5332360286266,69155995648,76237766656,nexus_2k_001045;nexus_2k_001780;nexus_2k_000020;nexus_2k_001232;nexus_2k_000280,snapshot/candidates/c2/run/updates-from0000000-1791378077797736560.jsonl
C2,743,742,0.3209416925907135,0.0001,4.970799506641924,4077.504406362772,56529567744,76237766656,nexus_2k_001093;nexus_2k_001331;nexus_2k_000074;nexus_2k_000447;nexus_2k_001317,snapshot/candidates/c2/run/updates-from0000000-1791378077797736560.jsonl
C2,744,743,0.3524079918861389,0.0001,5.094401577487588,4082.5991838388145,57934129152,76237766656,nexus_2k_000167;nexus_2k_001216;nexus_2k_000796;nexus_2k_001415;nexus_2k_000118,snapshot/candidates/c2/run/updates-from0000000-1791378077797736560.jsonl
C2,745,744,0.46397228837013244,0.0001,4.593083045445383,4087.1926302220672,57213536256,76237766656,nexus_2k_001550;nexus_2k_000869;nexus_2k_000142;nexus_2k_001536;nexus_2k_001692,snapshot/candidates/c2/run/updates-from0000000-1791378077797736560.jsonl
C2,746,745,0.40487736463546753,0.0001,4.049396464601159,4091.242400432937,59158522880,76237766656,nexus_2k_000084;nexus_2k_000840;nexus_2k_000815;nexus_2k_001577;nexus_2k_001150,snapshot/candidates/c2/run/updates-from0000000-1791378077797736560.jsonl
C2,747,746,0.44841122925281524,0.0001,4.152542769908905,4095.395326505415,55005837312,76237766656,nexus_2k_000346;nexus_2k_001087;nexus_2k_001483;nexus_2k_000952;nexus_2k_001716,snapshot/candidates/c2/run/updates-from0000000-1791378077797736560.jsonl
C2,748,747,0.42081816792488097,0.0001,6.752488858066499,4102.148188762367,60497143808,76237766656,nexus_2k_000783;nexus_2k_000935;nexus_2k_000800;nexus_2k_000872;nexus_2k_001825,snapshot/candidates/c2/run/updates-from0000000-1791378077797736560.jsonl
C2,749,748,0.5916836440563202,0.0001,5.019688201136887,4107.168556484394,57989398528,76237766656,nexus_2k_001439;nexus_2k_001178;nexus_2k_000283;nexus_2k_000053;nexus_2k_001085,snapshot/candidates/c2/run/updates-from0000000-1791378077797736560.jsonl
C2,750,749,0.40227014422416685,0.0001,5.688805932179093,4112.857903661206,71666058752,76237766656,nexus_2k_000675;nexus_2k_000083;nexus_2k_001179;nexus_2k_000823;nexus_2k_000898,snapshot/candidates/c2/run/updates-from0000000-1791378077797736560.jsonl
C2,751,750,0.33374770879745486,0.0001,5.656454642303288,4118.515144406818,62441396224,76237766656,nexus_2k_000142;nexus_2k_000872;nexus_2k_001439;nexus_2k_000242;nexus_2k_001093,snapshot/candidates/c2/run/updates-from0000000-1791378077797736560.jsonl
C2,752,751,0.316943097114563,0.0001,4.643348756246269,4123.159027675167,57450905600,76237766656,nexus_2k_001716;nexus_2k_001577;nexus_2k_001317;nexus_2k_001780;nexus_2k_001415,snapshot/candidates/c2/run/updates-from0000000-1791378077797736560.jsonl
C2,753,752,0.31869102716445924,0.0001,7.028493504971266,4130.187984983437,66595735040,76237766656,nexus_2k_000898;nexus_2k_000083;nexus_2k_001483;nexus_2k_000675;nexus_2k_000800,snapshot/candidates/c2/run/updates-from0000000-1791378077797736560.jsonl
C2,754,753,0.30850614607334137,0.0001,3.699871485121548,4133.888326824643,58840001024,76237766656,nexus_2k_000118;nexus_2k_001150;nexus_2k_001085;nexus_2k_000823;nexus_2k_000935,snapshot/candidates/c2/run/updates-from0000000-1791378077797736560.jsonl
C2,755,754,0.3844120055437088,0.0001,5.565187585540116,4139.454076448455,67273351168,76237766656,nexus_2k_000283;nexus_2k_000869;nexus_2k_000280;nexus_2k_000020;nexus_2k_001087,snapshot/candidates/c2/run/updates-from0000000-1791378077797736560.jsonl
C2,756,755,0.5714322984218597,0.0001,3.875520111992955,4143.329976649955,60514261504,76237766656,nexus_2k_000084;nexus_2k_000519;nexus_2k_001843;nexus_2k_001536;nexus_2k_001211,snapshot/candidates/c2/run/updates-from0000000-1791378077797736560.jsonl
C2,757,756,0.43296642005443575,0.0001,5.765277625061572,4149.095596105792,69166911488,76237766656,nexus_2k_000840;nexus_2k_001692;nexus_2k_000952;nexus_2k_000815;nexus_2k_001232,snapshot/candidates/c2/run/updates-from0000000-1791378077797736560.jsonl
C2,758,757,0.36212613582611086,0.0001,6.195991589687765,4155.292047522031,67193759744,76237766656,nexus_2k_001792;nexus_2k_001178;nexus_2k_001179;nexus_2k_000167;nexus_2k_001331,snapshot/candidates/c2/run/updates-from0000000-1791378077797736560.jsonl
C2,759,758,0.3134800434112549,0.0001,3.720888063311577,4159.013272158802,53282335744,76237766656,nexus_2k_001045;nexus_2k_001550;nexus_2k_000447;nexus_2k_000796;nexus_2k_001825,snapshot/candidates/c2/run/updates-from0000000-1791378077797736560.jsonl
C2,760,759,0.4556958109140396,0.0001,4.387956120073795,4163.401999074034,56316617728,76237766656,nexus_2k_000783;nexus_2k_001216;nexus_2k_000053;nexus_2k_000074;nexus_2k_000346,snapshot/candidates/c2/run/updates-from0000000-1791378077797736560.jsonl
C2,761,760,0.28291923701763155,0.0001,5.658172221854329,4169.060624635778,71663045120,76237766656,nexus_2k_000053;nexus_2k_001211;nexus_2k_001550;nexus_2k_000898;nexus_2k_001045,snapshot/candidates/c2/run/updates-from0000000-1791378077797736560.jsonl
C2,762,761,0.3300609111785889,0.0001,4.739601920358837,4173.801088913344,58006578688,76237766656,nexus_2k_000142;nexus_2k_000118;nexus_2k_000869;nexus_2k_000283;nexus_2k_001692,snapshot/candidates/c2/run/updates-from0000000-1791378077797736560.jsonl
C2,763,762,0.33178600668907166,0.0001,5.374622397124767,4179.176131423563,66694215680,76237766656,nexus_2k_000447;nexus_2k_000800;nexus_2k_001792;nexus_2k_000346;nexus_2k_001825,snapshot/candidates/c2/run/updates-from0000000-1791378077797736560.jsonl
C2,764,763,0.3448875367641449,0.0001,4.888817748054862,4184.065650478937,57438801920,76237766656,nexus_2k_001331;nexus_2k_001317;nexus_2k_001415;nexus_2k_001179;nexus_2k_000242,snapshot/candidates/c2/run/updates-from0000000-1791378077797736560.jsonl
C2,765,764,0.4324704080820084,0.0001,4.399402649141848,4188.466294648126,55368722944,76237766656,nexus_2k_001577;nexus_2k_001716;nexus_2k_001439;nexus_2k_000796;nexus_2k_000872,snapshot/candidates/c2/run/updates-from0000000-1791378077797736560.jsonl
C2,766,765,0.35649552047252653,0.0001,4.988749190233648,4193.4555231379345,69163816960,76237766656,nexus_2k_001843;nexus_2k_001780;nexus_2k_001483;nexus_2k_000840;nexus_2k_001232,snapshot/candidates/c2/run/updates-from0000000-1791378077797736560.jsonl
C2,767,766,0.3632982611656189,0.0001,6.4269221890717745,4199.88300871104,67334985216,76237766656,nexus_2k_000935;nexus_2k_000675;nexus_2k_001216;nexus_2k_000167;nexus_2k_000280,snapshot/candidates/c2/run/updates-from0000000-1791378077797736560.jsonl
C2,768,767,0.3310064524412155,0.0001,4.269343061372638,4204.1528545813635,56316617728,76237766656,nexus_2k_000783;nexus_2k_001536;nexus_2k_000823;nexus_2k_000519;nexus_2k_001150,snapshot/candidates/c2/run/updates-from0000000-1791378077797736560.jsonl
C2,769,768,0.32390285432338717,0.0001,5.259301604703069,4209.412761121988,62435313664,76237766656,nexus_2k_001085;nexus_2k_000815;nexus_2k_001178;nexus_2k_001093;nexus_2k_000084,snapshot/candidates/c2/run/updates-from0000000-1791378077797736560.jsonl
C2,770,769,0.4271301686763763,0.0001,4.61230940464884,4214.025671483949,66591664640,76237766656,nexus_2k_000074;nexus_2k_000020;nexus_2k_001087;nexus_2k_000083;nexus_2k_000952,snapshot/candidates/c2/run/updates-from0000000-1791378077797736560.jsonl
C2,771,770,0.35006628930568695,0.0001,4.557517313398421,4218.583697556518,55502839296,76237766656,nexus_2k_001317;nexus_2k_001178;nexus_2k_000084;nexus_2k_001577;nexus_2k_000074,snapshot/candidates/c2/run/updates-from0000000-1791378077797736560.jsonl
C2,772,771,0.252914160490036,0.0001,4.236245222389698,4222.820445901714,58001110016,76237766656,nexus_2k_001415;nexus_2k_001150;nexus_2k_001780;nexus_2k_000118;nexus_2k_000283,snapshot/candidates/c2/run/updates-from0000000-1791378077797736560.jsonl
C2,773,772,0.3367832154035568,0.0001,5.9529437478631735,4228.773810516112,66626219520,76237766656,nexus_2k_001550;nexus_2k_001716;nexus_2k_000083;nexus_2k_001483;nexus_2k_000935,snapshot/candidates/c2/run/updates-from0000000-1791378077797736560.jsonl
C2,774,773,0.29630590975284576,0.0001,6.685458502732217,4235.459730715491,71651640832,76237766656,nexus_2k_001093;nexus_2k_000783;nexus_2k_000840;nexus_2k_000898;nexus_2k_000053,snapshot/candidates/c2/run/updates-from0000000-1791378077797736560.jsonl
C2,775,774,0.43854989409446715,0.0001,5.743420331738889,4241.203875225969,69161320448,76237766656,nexus_2k_000242;nexus_2k_001843;nexus_2k_001211;nexus_2k_001825;nexus_2k_001232,snapshot/candidates/c2/run/updates-from0000000-1791378077797736560.jsonl
C2,776,775,0.34221605956554413,0.0001,5.269869797863066,4246.4750206572935,67226278912,76237766656,nexus_2k_001331;nexus_2k_001536;nexus_2k_000020;nexus_2k_001439;nexus_2k_000280,snapshot/candidates/c2/run/updates-from0000000-1791378077797736560.jsonl
C2,777,776,0.4770714730024338,0.0001,5.88228911254555,4252.357764657587,66683324416,76237766656,nexus_2k_000872;nexus_2k_000952;nexus_2k_001792;nexus_2k_000800;nexus_2k_000346,snapshot/candidates/c2/run/updates-from0000000-1791378077797736560.jsonl
C2,778,777,0.41450688540935515,0.0001,3.621528271585703,4255.979806845076,47927053312,76237766656,nexus_2k_000869;nexus_2k_001179;nexus_2k_001087;nexus_2k_001045;nexus_2k_000447,snapshot/candidates/c2/run/updates-from0000000-1791378077797736560.jsonl
C2,779,778,0.36022199392318727,0.0001,3.59547577239573,4259.576481674798,59144795136,76237766656,nexus_2k_000519;nexus_2k_000815;nexus_2k_000796;nexus_2k_001085;nexus_2k_001692,snapshot/candidates/c2/run/updates-from0000000-1791378077797736560.jsonl
C2,780,779,0.30374414622783663,0.0001,5.10289700794965,4264.680614280514,67151912960,76237766656,nexus_2k_001216;nexus_2k_000823;nexus_2k_000167;nexus_2k_000675;nexus_2k_000142,snapshot/candidates/c2/run/updates-from0000000-1791378077797736560.jsonl
C2,781,780,0.43323520123958587,0.0001,5.1725163804367185,4269.854093549773,60505648640,76237766656,nexus_2k_001483;nexus_2k_000800;nexus_2k_001211;nexus_2k_000084;nexus_2k_001843,snapshot/candidates/c2/run/updates-from0000000-1791378077797736560.jsonl
C2,782,781,0.40243745148181914,0.0001,4.82312089484185,4274.677634287626,67249419264,76237766656,nexus_2k_000447;nexus_2k_001692;nexus_2k_000280;nexus_2k_001093;nexus_2k_000796,snapshot/candidates/c2/run/updates-from0000000-1791378077797736560.jsonl
C2,783,782,0.3223016828298569,0.0001,4.889756471849978,4279.568113834597,59918694400,76237766656,nexus_2k_001232;nexus_2k_001550;nexus_2k_000020;nexus_2k_000118;nexus_2k_000840,snapshot/candidates/c2/run/updates-from0000000-1791378077797736560.jsonl
C2,784,783,0.46285479962825776,0.0001,4.70409413613379,4284.273166309111,59141444608,76237766656,nexus_2k_001087;nexus_2k_001415;nexus_2k_001179;nexus_2k_000675;nexus_2k_000815,snapshot/candidates/c2/run/updates-from0000000-1791378077797736560.jsonl
C2,785,784,0.3218857914209366,0.0001,5.352480041794479,4289.626119015738,55506133504,76237766656,nexus_2k_000242;nexus_2k_000952;nexus_2k_000142;nexus_2k_001178;nexus_2k_001439,snapshot/candidates/c2/run/updates-from0000000-1791378077797736560.jsonl
C2,786,785,0.2953562378883362,0.0001,4.416880562901497,4294.04394822754,56556631040,76237766656,nexus_2k_000283;nexus_2k_001780;nexus_2k_001317;nexus_2k_000074;nexus_2k_000053,snapshot/candidates/c2/run/updates-from0000000-1791378077797736560.jsonl
C2,787,786,0.25139492452144624,0.0001,3.3221038468182087,4297.366614490747,53282335744,76237766656,nexus_2k_001045;nexus_2k_001716;nexus_2k_001085;nexus_2k_001825;nexus_2k_000346,snapshot/candidates/c2/run/updates-from0000000-1791378077797736560.jsonl
C2,788,787,0.35031586289405825,0.0001,5.7163936691358685,4303.0841220300645,66672304128,76237766656,nexus_2k_001331;nexus_2k_000519;nexus_2k_001792;nexus_2k_000869;nexus_2k_000872,snapshot/candidates/c2/run/updates-from0000000-1791378077797736560.jsonl
C2,789,788,0.35348976254463194,0.0001,5.72626912035048,4308.810748734511,66615324160,76237766656,nexus_2k_000783;nexus_2k_001577;nexus_2k_001536;nexus_2k_000083;nexus_2k_000823,snapshot/candidates/c2/run/updates-from0000000-1791378077797736560.jsonl
C2,790,789,0.30989485085010526,0.0001,6.457065845839679,4315.26829600893,71665079808,76237766656,nexus_2k_001216;nexus_2k_000898;nexus_2k_000167;nexus_2k_000935;nexus_2k_001150,snapshot/candidates/c2/run/updates-from0000000-1791378077797736560.jsonl
C2,791,790,0.42199022471904757,0.0001,3.4318468952551484,4318.700508280657,49754548736,76237766656,nexus_2k_000840;nexus_2k_001843;nexus_2k_001087;nexus_2k_001780;nexus_2k_001331,snapshot/candidates/c2/run/updates-from0000000-1791378077797736560.jsonl
C2,792,791,0.3357673048973083,0.0001,6.462017931044102,4325.162859831937,69231727104,76237766656,nexus_2k_000815;nexus_2k_000952;nexus_2k_001232;nexus_2k_000283;nexus_2k_000675,snapshot/candidates/c2/run/updates-from0000000-1791378077797736560.jsonl
C2,793,792,0.34585294425487517,0.0001,3.5805267924442887,4328.743769126013,60504242688,76237766656,nexus_2k_000346;nexus_2k_000519;nexus_2k_000020;nexus_2k_001045;nexus_2k_001211,snapshot/candidates/c2/run/updates-from0000000-1791378077797736560.jsonl
C2,794,793,0.30408863425254823,0.0001,4.610960464924574,4333.355175203644,56538933248,76237766656,nexus_2k_001550;nexus_2k_000074;nexus_2k_001483;nexus_2k_001317;nexus_2k_000084,snapshot/candidates/c2/run/updates-from0000000-1791378077797736560.jsonl
C2,795,794,0.3535760670900345,0.0001,6.605497315526009,4339.96108019352,71685772800,76237766656,nexus_2k_000083;nexus_2k_000898;nexus_2k_001692;nexus_2k_000869;nexus_2k_001825,snapshot/candidates/c2/run/updates-from0000000-1791378077797736560.jsonl
C2,796,795,0.3543106585741043,0.0001,6.164118019863963,4346.125569961034,67270923264,76237766656,nexus_2k_000142;nexus_2k_000796;nexus_2k_001178;nexus_2k_000280;nexus_2k_000167,snapshot/candidates/c2/run/updates-from0000000-1791378077797736560.jsonl
C2,797,796,0.4034702509641647,0.0001,4.158723536878824,4350.28478480503,62424369152,76237766656,nexus_2k_001150;nexus_2k_001085;nexus_2k_001536;nexus_2k_000823;nexus_2k_001093,snapshot/candidates/c2/run/updates-from0000000-1791378077797736560.jsonl
C2,798,797,0.42374045550823214,0.0001,3.8254752922803164,4354.110745312646,55357258240,76237766656,nexus_2k_000118;nexus_2k_001439;nexus_2k_000447;nexus_2k_000053;nexus_2k_000242,snapshot/candidates/c2/run/updates-from0000000-1791378077797736560.jsonl
C2,799,798,0.3303646266460419,0.0001,5.677083085291088,4359.788276138715,66697752576,76237766656,nexus_2k_001577;nexus_2k_001179;nexus_2k_001792;nexus_2k_000800;nexus_2k_000872,snapshot/candidates/c2/run/updates-from0000000-1791378077797736560.jsonl
C2,800,799,0.33842852115631106,0.0001,5.97202995698899,4365.760797048919,65559858176,76237766656,nexus_2k_001716;nexus_2k_000783;nexus_2k_001216;nexus_2k_000935;nexus_2k_001415,snapshot/candidates/c2/run/updates-from0000000-1791378077797736560.jsonl
C2,801,800,0.624548465013504,0.0001,3.439865986816585,4369.201907647774,46851771392,76237766656,nexus_2k_000872;nexus_2k_000020;nexus_2k_000074;nexus_2k_001692;nexus_2k_000118,snapshot/candidates/c2/run/updates-from0000000-1791378077797736560.jsonl
C2,802,801,0.3194984048604965,0.0001,5.643018304370344,4374.8454294241965,60503169536,76237766656,nexus_2k_000675;nexus_2k_001211;nexus_2k_000823;nexus_2k_001415;nexus_2k_000815,snapshot/candidates/c2/run/updates-from0000000-1791378077797736560.jsonl
C2,803,802,0.35294488966465,0.0001,4.7532317182049155,4379.599315856583,62424369152,76237766656,nexus_2k_001150;nexus_2k_001093;nexus_2k_001317;nexus_2k_000346;nexus_2k_000142,snapshot/candidates/c2/run/updates-from0000000-1791378077797736560.jsonl
C2,804,803,0.4236456334590912,0.0001,5.092406341806054,4384.692181959748,66603322880,76237766656,nexus_2k_001577;nexus_2k_001536;nexus_2k_000869;nexus_2k_000083;nexus_2k_001045,snapshot/candidates/c2/run/updates-from0000000-1791378077797736560.jsonl
C2,805,804,0.2970050245523453,0.0001,4.524461320601404,4389.2171034691855,66694215680,76237766656,nexus_2k_000447;nexus_2k_001792;nexus_2k_001843;nexus_2k_001780;nexus_2k_001439,snapshot/candidates/c2/run/updates-from0000000-1791378077797736560.jsonl
C2,806,805,0.29727604389190676,0.0001,5.68254704400897,4394.900297911838,65562610688,76237766656,nexus_2k_000242;nexus_2k_000283;nexus_2k_000084;nexus_2k_000783;nexus_2k_000800,snapshot/candidates/c2/run/updates-from0000000-1791378077797736560.jsonl
C2,807,806,0.4327410995960236,0.0001,6.776835125871003,4401.677557985298,67243557888,76237766656,nexus_2k_000898;nexus_2k_001550;nexus_2k_000840;nexus_2k_000280;nexus_2k_001178,snapshot/candidates/c2/run/updates-from0000000-1791378077797736560.jsonl
C2,808,807,0.3848208010196686,0.0001,5.978260052390397,4407.6570978574455,69156540416,76237766656,nexus_2k_001087;nexus_2k_000935;nexus_2k_001216;nexus_2k_001825;nexus_2k_001232,snapshot/candidates/c2/run/updates-from0000000-1791378077797736560.jsonl
C2,809,808,0.35774290561676025,0.0001,4.559314905665815,4412.216850845143,67148868608,76237766656,nexus_2k_000519;nexus_2k_001179;nexus_2k_000952;nexus_2k_000167;nexus_2k_001085,snapshot/candidates/c2/run/updates-from0000000-1791378077797736560.jsonl
C2,810,809,0.44536961019039156,0.0001,4.018824709579349,4416.236252512783,54997795840,76237766656,nexus_2k_001716;nexus_2k_001483;nexus_2k_001331;nexus_2k_000053;nexus_2k_000796,snapshot/candidates/c2/run/updates-from0000000-1791378077797736560.jsonl
C2,811,810,0.47250936627388,0.0001,5.777930867858231,4422.014669043943,67151867904,76237766656,nexus_2k_000898;nexus_2k_001550;nexus_2k_001692;nexus_2k_000167;nexus_2k_000118,snapshot/candidates/c2/run/updates-from0000000-1791378077797736560.jsonl
C2,812,811,0.4757130563259125,0.0001,4.39683689083904,4426.412213629112,56521841664,76237766656,nexus_2k_001825;nexus_2k_001150;nexus_2k_001317;nexus_2k_001331;nexus_2k_001179,snapshot/candidates/c2/run/updates-from0000000-1791378077797736560.jsonl
C2,813,812,0.28376043736934664,0.0001,5.589874085970223,4432.002584657632,69162680320,76237766656,nexus_2k_000675;nexus_2k_001232;nexus_2k_000242;nexus_2k_000519;nexus_2k_000783,snapshot/candidates/c2/run/updates-from0000000-1791378077797736560.jsonl
C2,814,813,0.3021128296852112,0.0001,4.277116691693664,4436.280151735991,58838960640,76237766656,nexus_2k_001716;nexus_2k_000935;nexus_2k_000823;nexus_2k_000142;nexus_2k_000346,snapshot/candidates/c2/run/updates-from0000000-1791378077797736560.jsonl
C2,815,814,0.4874878466129303,0.0001,6.3257413459941745,4442.606253979728,67325908480,76237766656,nexus_2k_000815;nexus_2k_001211;nexus_2k_001178;nexus_2k_000280;nexus_2k_001045,snapshot/candidates/c2/run/updates-from0000000-1791378077797736560.jsonl
C2,816,815,0.37523608207702636,0.0001,5.249197055585682,4447.856916954741,60492641280,76237766656,nexus_2k_001483;nexus_2k_001843;nexus_2k_000952;nexus_2k_000800;nexus_2k_001216,snapshot/candidates/c2/run/updates-from0000000-1791378077797736560.jsonl
C2,817,816,0.32624667286872866,0.0001,4.806279523298144,4452.6635840134695,66598789632,76237766656,nexus_2k_000053;nexus_2k_000083;nexus_2k_000840;nexus_2k_001577;nexus_2k_001536,snapshot/candidates/c2/run/updates-from0000000-1791378077797736560.jsonl
C2,818,817,0.28463212847709657,0.0001,6.385515106841922,4459.0497059021145,66721239040,76237766656,nexus_2k_001439;nexus_2k_000020;nexus_2k_001792;nexus_2k_001093;nexus_2k_001415,snapshot/candidates/c2/run/updates-from0000000-1791378077797736560.jsonl
C2,819,818,0.3103473722934723,0.0001,4.834961814805865,4463.885065046139,57222239232,76237766656,nexus_2k_000283;nexus_2k_000796;nexus_2k_000447;nexus_2k_000872;nexus_2k_000869,snapshot/candidates/c2/run/updates-from0000000-1791378077797736560.jsonl
C2,820,819,0.30725240111351015,0.0001,2.83435542229563,4466.720039833337,46856979456,76237766656,nexus_2k_001780;nexus_2k_001085;nexus_2k_001087;nexus_2k_000074;nexus_2k_000084,snapshot/candidates/c2/run/updates-from0000000-1791378077797736560.jsonl
C2,821,820,0.2853730618953705,0.0001,4.349708174355328,4471.070153484121,69160692736,76237766656,nexus_2k_000074;nexus_2k_001843;nexus_2k_000346;nexus_2k_000840;nexus_2k_001232,snapshot/candidates/c2/run/updates-from0000000-1791378077797736560.jsonl
C2,822,821,0.5385460555553436,0.0001,6.519508210942149,4477.5901063149795,62425670656,76237766656,nexus_2k_001483;nexus_2k_001093;nexus_2k_000142;nexus_2k_000800;nexus_2k_000283,snapshot/candidates/c2/run/updates-from0000000-1791378077797736560.jsonl
C2,823,822,0.2584256291389465,0.0001,4.056171303614974,4481.6467319065705,60500843008,76237766656,nexus_2k_000118;nexus_2k_001536;nexus_2k_001211;nexus_2k_001087;nexus_2k_001179,snapshot/candidates/c2/run/updates-from0000000-1791378077797736560.jsonl
C2,824,823,0.4343151420354843,0.0001,5.127795240841806,4486.774967126548,57466734592,76237766656,nexus_2k_000084;nexus_2k_001439;nexus_2k_001415;nexus_2k_000872;nexus_2k_001331,snapshot/candidates/c2/run/updates-from0000000-1791378077797736560.jsonl
C2,825,824,0.34263733625411985,0.0001,4.756807222031057,4491.532249701209,58839177728,76237766656,nexus_2k_000242;nexus_2k_001716;nexus_2k_000935;nexus_2k_001825;nexus_2k_001577,snapshot/candidates/c2/run/updates-from0000000-1791378077797736560.jsonl
C2,826,825,0.2631845325231552,0.0001,5.6776397014036775,4497.210327183828,67193618432,76237766656,nexus_2k_001792;nexus_2k_001692;nexus_2k_001780;nexus_2k_001317;nexus_2k_000167,snapshot/candidates/c2/run/updates-from0000000-1791378077797736560.jsonl
C2,827,826,0.618080860376358,0.0001,5.839477538131177,4503.050316314213,71661020672,76237766656,nexus_2k_000280;nexus_2k_000952;nexus_2k_000898;nexus_2k_001150;nexus_2k_000447,snapshot/candidates/c2/run/updates-from0000000-1791378077797736560.jsonl
C2,828,827,0.39303907454013826,0.0001,4.568446875549853,4507.619110268541,56316617728,76237766656,nexus_2k_000783;nexus_2k_001178;nexus_2k_000519;nexus_2k_001085;nexus_2k_000796,snapshot/candidates/c2/run/updates-from0000000-1791378077797736560.jsonl
C2,829,828,0.3991301268339157,0.0001,4.322494957596064,4511.94206348341,59161350144,76237766656,nexus_2k_001550;nexus_2k_000815;nexus_2k_001045;nexus_2k_000823;nexus_2k_000675,snapshot/candidates/c2/run/updates-from0000000-1791378077797736560.jsonl
C2,830,829,0.49266846776008605,0.0001,5.175775868818164,4517.118281086907,57351915008,76237766656,nexus_2k_000083;nexus_2k_000053;nexus_2k_000020;nexus_2k_000869;nexus_2k_001216,snapshot/candidates/c2/run/updates-from0000000-1791378077797736560.jsonl
C2,831,830,0.3315276145935059,0.0001,4.907961016520858,4522.027572241612,57190248448,76237766656,nexus_2k_000872;nexus_2k_000118;nexus_2k_000869;nexus_2k_001317;nexus_2k_000074,snapshot/candidates/c2/run/updates-from0000000-1791378077797736560.jsonl
C2,832,831,0.36491767764091493,0.0001,6.253217161633074,4528.281250004657,66645630464,76237766656,nexus_2k_001211;nexus_2k_000083;nexus_2k_000815;nexus_2k_001825;nexus_2k_000020,snapshot/candidates/c2/run/updates-from0000000-1791378077797736560.jsonl
C2,833,832,0.37126526832580564,0.0001,5.614727560430765,4533.896433196031,71674488320,76237766656,nexus_2k_001577;nexus_2k_000675;nexus_2k_000898;nexus_2k_000242;nexus_2k_000935,snapshot/candidates/c2/run/updates-from0000000-1791378077797736560.jsonl
C2,834,833,0.5172531723976135,0.0001,4.319576828740537,4538.216439061798,66684841984,76237766656,nexus_2k_001716;nexus_2k_000346;nexus_2k_001331;nexus_2k_001792;nexus_2k_001692,snapshot/candidates/c2/run/updates-from0000000-1791378077797736560.jsonl
C2,835,834,0.28621248006820676,0.0001,3.9808095544576645,4542.197814443149,52978596864,76237766656,nexus_2k_001178;nexus_2k_000952;nexus_2k_000519;nexus_2k_000084;nexus_2k_001780,snapshot/candidates/c2/run/updates-from0000000-1791378077797736560.jsonl
C2,836,835,0.4095693677663803,0.0001,4.435709058307111,4546.634127016179,69155995648,76237766656,nexus_2k_001045;nexus_2k_000840;nexus_2k_001843;nexus_2k_000053;nexus_2k_001232,snapshot/candidates/c2/run/updates-from0000000-1791378077797736560.jsonl
C2,837,836,0.38410313725471495,0.0001,6.539897979237139,4553.175034887157,67171801088,76237766656,nexus_2k_001483;nexus_2k_001439;nexus_2k_000283;nexus_2k_001550;nexus_2k_000167,snapshot/candidates/c2/run/updates-from0000000-1791378077797736560.jsonl
C2,838,837,0.355386883020401,0.0001,5.297480375505984,4558.4729914963245,67273520128,76237766656,nexus_2k_000783;nexus_2k_001216;nexus_2k_000280;nexus_2k_000796;nexus_2k_001150,snapshot/candidates/c2/run/updates-from0000000-1791378077797736560.jsonl
C2,839,838,0.4844037801027298,0.0001,5.133318002335727,4563.607082563452,60504272896,76237766656,nexus_2k_000142;nexus_2k_001415;nexus_2k_000800;nexus_2k_001085;nexus_2k_001536,snapshot/candidates/c2/run/updates-from0000000-1791378077797736560.jsonl
C2,840,839,0.25495372116565707,0.0001,4.099553116597235,4567.70735485293,62431622144,76237766656,nexus_2k_001179;nexus_2k_001087;nexus_2k_000447;nexus_2k_001093;nexus_2k_000823,snapshot/candidates/c2/run/updates-from0000000-1791378077797736560.jsonl
C2,841,840,0.2744881808757782,0.0001,5.116379654034972,4572.824197027832,65564003328,76237766656,nexus_2k_000346;nexus_2k_000283;nexus_2k_000872;nexus_2k_001692;nexus_2k_000783,snapshot/candidates/c2/run/updates-from0000000-1791378077797736560.jsonl
C2,842,841,0.286055451631546,0.0001,5.834397217258811,4578.659199575894,67177904640,76237766656,nexus_2k_001178;nexus_2k_001093;nexus_2k_001179;nexus_2k_000823;nexus_2k_000167,snapshot/candidates/c2/run/updates-from0000000-1791378077797736560.jsonl
C2,843,842,0.4250175654888153,0.0001,4.380891492590308,4583.040466225706,69158584320,76237766656,nexus_2k_001716;nexus_2k_001045;nexus_2k_000840;nexus_2k_000084;nexus_2k_001232,snapshot/candidates/c2/run/updates-from0000000-1791378077797736560.jsonl
C2,844,843,0.26155699193477633,0.0001,5.056716961786151,4588.098002693616,66619891200,76237766656,nexus_2k_001792;nexus_2k_001780;nexus_2k_001087;nexus_2k_000083;nexus_2k_001150,snapshot/candidates/c2/run/updates-from0000000-1791378077797736560.jsonl
C2,845,844,0.3271355271339417,0.0001,6.018539071083069,4594.116967450827,58875982336,76237766656,nexus_2k_001211;nexus_2k_001331;nexus_2k_001825;nexus_2k_000935;nexus_2k_000952,snapshot/candidates/c2/run/updates-from0000000-1791378077797736560.jsonl
C2,846,845,0.22617186605930328,0.0001,4.031968452967703,4598.149680748582,57456205824,76237766656,nexus_2k_001843;nexus_2k_000447;nexus_2k_001415;nexus_2k_001216;nexus_2k_000675,snapshot/candidates/c2/run/updates-from0000000-1791378077797736560.jsonl
C2,847,846,0.26579142212867735,0.0001,4.62297417037189,4602.773233055137,62419783168,76237766656,nexus_2k_000898;nexus_2k_001577;nexus_2k_000053;nexus_2k_000118;nexus_2k_000020,snapshot/candidates/c2/run/updates-from0000000-1791378077797736560.jsonl
C2,848,847,0.2886055737733841,0.0001,5.361319039948285,4608.134971656837,60493348864,76237766656,nexus_2k_001085;nexus_2k_001439;nexus_2k_000800;nexus_2k_001536;nexus_2k_000869,snapshot/candidates/c2/run/updates-from0000000-1791378077797736560.jsonl
C2,849,848,0.28759958148002623,0.0001,5.798940590582788,4613.935203165747,67240146944,76237766656,nexus_2k_000519;nexus_2k_000815;nexus_2k_000242;nexus_2k_000280;nexus_2k_001317,snapshot/candidates/c2/run/updates-from0000000-1791378077797736560.jsonl
C2,850,849,0.2839919924736023,0.0001,4.343913308344781,4618.279579189606,55001138176,76237766656,nexus_2k_000074;nexus_2k_001483;nexus_2k_001550;nexus_2k_000142;nexus_2k_000796,snapshot/candidates/c2/run/updates-from0000000-1791378077797736560.jsonl
C2,851,850,0.4287061750888824,0.0001,5.28390452452004,4623.564049667679,58019685376,76237766656,nexus_2k_000280;nexus_2k_001483;nexus_2k_000118;nexus_2k_000952;nexus_2k_000053,snapshot/candidates/c2/run/updates-from0000000-1791378077797736560.jsonl
C2,852,851,0.4680345892906189,0.0001,7.368526814505458,4630.933013726026,66690164736,76237766656,nexus_2k_000898;nexus_2k_001792;nexus_2k_000142;nexus_2k_000283;nexus_2k_000935,snapshot/candidates/c2/run/updates-from0000000-1791378077797736560.jsonl
C2,853,852,0.3073297441005707,0.0001,5.916670095175505,4636.8501202641055,65601405440,76237766656,nexus_2k_001232;nexus_2k_001536;nexus_2k_000074;nexus_2k_000783;nexus_2k_001331,snapshot/candidates/c2/run/updates-from0000000-1791378077797736560.jsonl
C2,854,853,0.2793028265237808,0.0001,6.030493905767798,4642.8813361609355,66594600448,76237766656,nexus_2k_001179;nexus_2k_000800;nexus_2k_001178;nexus_2k_001550;nexus_2k_000083,snapshot/candidates/c2/run/updates-from0000000-1791378077797736560.jsonl
C2,855,854,0.28946401476860045,0.0001,3.9871443761512637,4646.868948115967,52568150016,76237766656,nexus_2k_000869;nexus_2k_000872;nexus_2k_000447;nexus_2k_000020;nexus_2k_001150,snapshot/candidates/c2/run/updates-from0000000-1791378077797736560.jsonl
C2,856,855,0.2596470326185226,0.0001,3.5782824577763677,4650.44775044173,57450905600,76237766656,nexus_2k_001716;nexus_2k_000346;nexus_2k_001780;nexus_2k_001415;nexus_2k_001843,snapshot/candidates/c2/run/updates-from0000000-1791378077797736560.jsonl
C2,857,856,0.37815878093242644,0.0001,4.714407442137599,4655.163479020819,67160264704,76237766656,nexus_2k_001577;nexus_2k_000796;nexus_2k_000675;nexus_2k_000167;nexus_2k_001216,snapshot/candidates/c2/run/updates-from0000000-1791378077797736560.jsonl
C2,858,857,0.30990001261234285,0.0001,3.9261085959151387,4659.090107961558,56537808896,76237766656,nexus_2k_000084;nexus_2k_001045;nexus_2k_001692;nexus_2k_001317;nexus_2k_001439,snapshot/candidates/c2/run/updates-from0000000-1791378077797736560.jsonl
C2,859,858,0.3229785174131393,0.0001,4.686873591504991,4663.777902151458,62424913920,76237766656,nexus_2k_001087;nexus_2k_001093;nexus_2k_001825;nexus_2k_000519;nexus_2k_000242,snapshot/candidates/c2/run/updates-from0000000-1791378077797736560.jsonl
C2,860,859,0.30750555694103243,0.0001,5.002646945416927,4668.781224671751,59178466304,76237766656,nexus_2k_001211;nexus_2k_001085;nexus_2k_000823;nexus_2k_000840;nexus_2k_000815,snapshot/candidates/c2/run/updates-from0000000-1791378077797736560.jsonl
C2,861,860,0.2678390443325043,0.0001,5.3672609236091375,4674.1489246133715,66592562688,76237766656,nexus_2k_000118;nexus_2k_000869;nexus_2k_001087;nexus_2k_000083;nexus_2k_000872,snapshot/candidates/c2/run/updates-from0000000-1791378077797736560.jsonl
C2,862,861,0.4499137967824936,0.0001,4.254342965781689,4678.403891134076,54999233536,76237766656,nexus_2k_001216;nexus_2k_001483;nexus_2k_000053;nexus_2k_001179;nexus_2k_001577,snapshot/candidates/c2/run/updates-from0000000-1791378077797736560.jsonl
C2,863,862,0.30007865726947786,0.0001,4.432625411078334,4682.836989102885,55497738752,76237766656,nexus_2k_001045;nexus_2k_000823;nexus_2k_001716;nexus_2k_001439;nexus_2k_001178,snapshot/candidates/c2/run/updates-from0000000-1791378077797736560.jsonl
C2,864,863,0.3431212484836578,0.0001,6.806393496692181,4689.643856443465,66711244800,76237766656,nexus_2k_000280;nexus_2k_000142;nexus_2k_000800;nexus_2k_001792;nexus_2k_001331,snapshot/candidates/c2/run/updates-from0000000-1791378077797736560.jsonl
C2,865,864,0.30063128769397734,0.0001,6.877999652177095,4696.522689718753,62460766208,76237766656,nexus_2k_000783;nexus_2k_001093;nexus_2k_001550;nexus_2k_001317;nexus_2k_000935,snapshot/candidates/c2/run/updates-from0000000-1791378077797736560.jsonl
C2,866,865,0.2522519141435623,0.0001,3.7876651538535953,4700.311251500621,59150085120,76237766656,nexus_2k_001085;nexus_2k_000815;nexus_2k_000447;nexus_2k_001536;nexus_2k_001150,snapshot/candidates/c2/run/updates-from0000000-1791378077797736560.jsonl
C2,867,866,0.41217704117298126,0.0001,5.502151194959879,4705.814030908048,71657870848,76237766656,nexus_2k_001825;nexus_2k_000020;nexus_2k_001415;nexus_2k_000796;nexus_2k_000898,snapshot/candidates/c2/run/updates-from0000000-1791378077797736560.jsonl
C2,868,867,0.22696756720542907,0.0001,2.708996864967048,4708.524122609757,46857808896,76237766656,nexus_2k_001843;nexus_2k_000074;nexus_2k_000346;nexus_2k_001692;nexus_2k_000084,snapshot/candidates/c2/run/updates-from0000000-1791378077797736560.jsonl
C2,869,868,0.4243786334991455,0.0001,4.846321161836386,4713.371365008876,69158867456,76237766656,nexus_2k_000952;nexus_2k_000675;nexus_2k_001232;nexus_2k_001780;nexus_2k_000519,snapshot/candidates/c2/run/updates-from0000000-1791378077797736560.jsonl
C2,870,869,0.41765417754650114,0.0001,6.097644818015397,4719.469425547868,67155871744,76237766656,nexus_2k_000840;nexus_2k_000242;nexus_2k_001211;nexus_2k_000167;nexus_2k_000283,snapshot/candidates/c2/run/updates-from0000000-1791378077797736560.jsonl
C2,871,870,0.3394628256559372,0.0001,4.352129170671105,4723.821985822171,71664793088,76237766656,nexus_2k_000118;nexus_2k_000898;nexus_2k_000053;nexus_2k_001843;nexus_2k_000519,snapshot/candidates/c2/run/updates-from0000000-1791378077797736560.jsonl
C2,872,871,0.2884490221738815,0.0001,3.9685208424925804,4727.791140201502,53286575104,76237766656,nexus_2k_000242;nexus_2k_001825;nexus_2k_000084;nexus_2k_001331;nexus_2k_000447,snapshot/candidates/c2/run/updates-from0000000-1791378077797736560.jsonl
C2,873,872,0.25518737733364105,0.0001,4.943924993276596,4732.735568761826,60501694976,76237766656,nexus_2k_000020;nexus_2k_000872;nexus_2k_001550;nexus_2k_001211;nexus_2k_000840,snapshot/candidates/c2/run/updates-from0000000-1791378077797736560.jsonl
C2,874,873,0.2913265645503998,0.0001,6.206960353069007,4738.943103394471,69192045568,76237766656,nexus_2k_000283;nexus_2k_001317;nexus_2k_001045;nexus_2k_001439;nexus_2k_001232,snapshot/candidates/c2/run/updates-from0000000-1791378077797736560.jsonl
C2,875,874,0.4084110468626022,0.0001,3.648674380965531,4742.592183700763,55506127360,76237766656,nexus_2k_000346;nexus_2k_001692;nexus_2k_001178;nexus_2k_001577;nexus_2k_001179,snapshot/candidates/c2/run/updates-from0000000-1791378077797736560.jsonl
C2,876,875,0.35101807713508604,0.0001,5.356805271469057,4747.949350314215,66599591424,76237766656,nexus_2k_001536;nexus_2k_000935;nexus_2k_000083;nexus_2k_001085;nexus_2k_000142,snapshot/candidates/c2/run/updates-from0000000-1791378077797736560.jsonl
C2,877,876,0.31664436161518095,0.0001,5.651978277601302,4753.601806608029,67270592000,76237766656,nexus_2k_001483;nexus_2k_000675;nexus_2k_001093;nexus_2k_000796;nexus_2k_000280,snapshot/candidates/c2/run/updates-from0000000-1791378077797736560.jsonl
C2,878,877,0.26588270366191863,0.0001,4.703178831376135,4758.306715749204,65561766912,76237766656,nexus_2k_000823;nexus_2k_000783;nexus_2k_000074;nexus_2k_001780;nexus_2k_000952,snapshot/candidates/c2/run/updates-from0000000-1791378077797736560.jsonl
C2,879,878,0.27166257202625277,0.0001,5.790396759286523,4764.097615811974,67145854976,76237766656,nexus_2k_001087;nexus_2k_001150;nexus_2k_001792;nexus_2k_000167;nexus_2k_000869,snapshot/candidates/c2/run/updates-from0000000-1791378077797736560.jsonl
C2,880,879,0.28727987706661223,0.0001,5.878563988953829,4769.977503811009,59178755072,76237766656,nexus_2k_000800;nexus_2k_001216;nexus_2k_001415;nexus_2k_000815;nexus_2k_001716,snapshot/candidates/c2/run/updates-from0000000-1791378077797736560.jsonl
C2,881,880,0.4055650144815445,0.0001,6.184484161436558,4776.163164994679,71680656896,76237766656,nexus_2k_001415;nexus_2k_000898;nexus_2k_001550;nexus_2k_001843;nexus_2k_000283,snapshot/candidates/c2/run/updates-from0000000-1791378077797736560.jsonl
C2,882,881,0.275150340795517,0.0001,4.556519588455558,4780.72014037054,69161680896,76237766656,nexus_2k_000020;nexus_2k_000118;nexus_2k_001216;nexus_2k_001232;nexus_2k_000796,snapshot/candidates/c2/run/updates-from0000000-1791378077797736560.jsonl
C2,883,882,0.2534731596708298,0.0001,5.6791243785992265,4786.399741508067,66691344384,76237766656,nexus_2k_000935;nexus_2k_000083;nexus_2k_001211;nexus_2k_001045;nexus_2k_001716,snapshot/candidates/c2/run/updates-from0000000-1791378077797736560.jsonl
C2,884,883,0.3935312718153,0.0001,5.191839520819485,4791.592123763636,56316617728,76237766656,nexus_2k_000783;nexus_2k_000519;nexus_2k_001483;nexus_2k_001331;nexus_2k_000242,snapshot/candidates/c2/run/updates-from0000000-1791378077797736560.jsonl
C2,885,884,0.5608511596918107,0.0001,4.770515534095466,4796.363060348667,59146547200,76237766656,nexus_2k_000074;nexus_2k_000823;nexus_2k_001317;nexus_2k_000815;nexus_2k_000675,snapshot/candidates/c2/run/updates-from0000000-1791378077797736560.jsonl
C2,886,885,0.4244121044874191,0.0001,5.515868806280196,4801.880364364944,60496785408,76237766656,nexus_2k_001439;nexus_2k_001780;nexus_2k_000869;nexus_2k_000800;nexus_2k_000142,snapshot/candidates/c2/run/updates-from0000000-1791378077797736560.jsonl
C2,887,886,0.3519302725791931,0.0001,4.719660636037588,4806.60049471166,67237079040,76237766656,nexus_2k_001825;nexus_2k_000346;nexus_2k_000840;nexus_2k_001085;nexus_2k_000280,snapshot/candidates/c2/run/updates-from0000000-1791378077797736560.jsonl
C2,888,887,0.2971680134534836,0.0001,4.771624586544931,4811.372614854015,57445828608,76237766656,nexus_2k_001792;nexus_2k_000053;nexus_2k_000872;nexus_2k_000084;nexus_2k_001577,snapshot/candidates/c2/run/updates-from0000000-1791378077797736560.jsonl
C2,889,888,0.45464411079883577,0.0001,4.5307613499462605,4815.903790925629,62424369152,76237766656,nexus_2k_001692;nexus_2k_001179;nexus_2k_001093;nexus_2k_000952;nexus_2k_001536,snapshot/candidates/c2/run/updates-from0000000-1791378077797736560.jsonl
C2,890,889,0.37608602941036223,0.0001,4.645865854807198,4820.550116869621,67145854976,76237766656,nexus_2k_001087;nexus_2k_000167;nexus_2k_000447;nexus_2k_001150;nexus_2k_001178,snapshot/candidates/c2/run/updates-from0000000-1791378077797736560.jsonl
C2,891,890,0.22682624757289888,0.0001,4.066365959122777,4824.616990617476,66692288512,76237766656,nexus_2k_000796;nexus_2k_001150;nexus_2k_001577;nexus_2k_001792;nexus_2k_001179,snapshot/candidates/c2/run/updates-from0000000-1791378077797736560.jsonl
C2,892,891,0.3052952766418457,0.0001,4.110979933291674,4828.728628050536,60486164480,76237766656,nexus_2k_000118;nexus_2k_000823;nexus_2k_000084;nexus_2k_000800;nexus_2k_000840,snapshot/candidates/c2/run/updates-from0000000-1791378077797736560.jsonl
C2,893,892,0.5067722260951996,0.0001,4.424353257752955,4833.153527678922,55511225856,76237766656,nexus_2k_000447;nexus_2k_001692;nexus_2k_001178;nexus_2k_000952;nexus_2k_001331,snapshot/candidates/c2/run/updates-from0000000-1791378077797736560.jsonl
C2,894,893,0.3140339434146881,0.0001,4.586315860971808,4837.740284936503,58835982848,76237766656,nexus_2k_001045;nexus_2k_000935;nexus_2k_000142;nexus_2k_001536;nexus_2k_001550,snapshot/candidates/c2/run/updates-from0000000-1791378077797736560.jsonl
C2,895,894,0.3808571368455887,0.0001,5.360251106321812,4843.1010274915025,69163816960,76237766656,nexus_2k_001843;nexus_2k_000675;nexus_2k_000519;nexus_2k_000783;nexus_2k_001232,snapshot/candidates/c2/run/updates-from0000000-1791378077797736560.jsonl
C2,896,895,0.4096388965845108,0.0001,5.5663543697446585,4848.667890606448,71664775680,76237766656,nexus_2k_000074;nexus_2k_000898;nexus_2k_001780;nexus_2k_001415;nexus_2k_001825,snapshot/candidates/c2/run/updates-from0000000-1791378077797736560.jsonl
C2,897,896,0.2905579000711441,0.0001,5.7212721994146705,4854.389585530385,62418741248,76237766656,nexus_2k_001317;nexus_2k_000346;nexus_2k_000872;nexus_2k_001093;nexus_2k_000869,snapshot/candidates/c2/run/updates-from0000000-1791378077797736560.jsonl
C2,898,897,0.3402563244104385,0.0001,5.869997996836901,4860.259995597415,67325908480,76237766656,nexus_2k_000815;nexus_2k_000280;nexus_2k_000053;nexus_2k_000242;nexus_2k_000283,snapshot/candidates/c2/run/updates-from0000000-1791378077797736560.jsonl
C2,899,898,0.25592623054981234,0.0001,3.997513727284968,4864.258829598315,54999233536,76237766656,nexus_2k_001216;nexus_2k_001087;nexus_2k_001483;nexus_2k_001085;nexus_2k_001716,snapshot/candidates/c2/run/updates-from0000000-1791378077797736560.jsonl
C2,900,899,0.3138431042432785,0.0001,6.70612440072,4870.965365814045,67188903936,76237766656,nexus_2k_001211;nexus_2k_000020;nexus_2k_000167;nexus_2k_001439;nexus_2k_000083,snapshot/candidates/c2/run/updates-from0000000-1791378077797736560.jsonl
C2,901,900,0.2804574280977249,0.0001,6.63108192756772,4877.5969019318,66708620800,76237766656,nexus_2k_000167;nexus_2k_001792;nexus_2k_000935;nexus_2k_000020;nexus_2k_001415,snapshot/candidates/c2/run/updates-from0000000-1791378077797736560.jsonl
C2,902,901,0.42236430048942564,0.0001,3.9532181341201067,4881.551144241355,55506133504,76237766656,nexus_2k_000242;nexus_2k_000823;nexus_2k_001178;nexus_2k_000675;nexus_2k_000084,snapshot/candidates/c2/run/updates-from0000000-1791378077797736560.jsonl
C2,903,902,0.28595354557037356,0.0001,3.430501911789179,4884.982064606622,50482166784,76237766656,nexus_2k_001692;nexus_2k_000346;nexus_2k_000142;nexus_2k_000053;nexus_2k_001536,snapshot/candidates/c2/run/updates-from0000000-1791378077797736560.jsonl
C2,904,903,0.3372494250535965,0.0001,5.2911217687651515,4890.273713699542,60490205184,76237766656,nexus_2k_000869;nexus_2k_000800;nexus_2k_001045;nexus_2k_001483;nexus_2k_001577,snapshot/candidates/c2/run/updates-from0000000-1791378077797736560.jsonl
C2,905,904,0.5824833035469055,0.0001,4.149881998077035,4894.424074573442,52571117056,76237766656,nexus_2k_001843;nexus_2k_000074;nexus_2k_001331;nexus_2k_000872;nexus_2k_001216,snapshot/candidates/c2/run/updates-from0000000-1791378077797736560.jsonl
C2,906,905,0.41838870346546175,0.0001,4.431830435059965,4898.856421470642,60507955712,76237766656,nexus_2k_000447;nexus_2k_001317;nexus_2k_000118;nexus_2k_001211;nexus_2k_001085,snapshot/candidates/c2/run/updates-from0000000-1791378077797736560.jsonl
C2,907,906,0.34114655256271365,0.0001,6.121206047944725,4904.978002973832,69158644736,76237766656,nexus_2k_000519;nexus_2k_000840;nexus_2k_000783;nexus_2k_001232;nexus_2k_001825,snapshot/candidates/c2/run/updates-from0000000-1791378077797736560.jsonl
C2,908,907,0.2761833339929581,0.0001,5.165848082862794,4910.144187946804,66629012992,76237766656,nexus_2k_001439;nexus_2k_001179;nexus_2k_000952;nexus_2k_000796;nexus_2k_000083,snapshot/candidates/c2/run/updates-from0000000-1791378077797736560.jsonl
C2,909,908,0.3615381121635437,0.0001,4.28306538797915,4914.427734814584,71658685952,76237766656,nexus_2k_001150;nexus_2k_001780;nexus_2k_000898;nexus_2k_001087;nexus_2k_001716,snapshot/candidates/c2/run/updates-from0000000-1791378077797736560.jsonl
C2,910,909,0.3648789405822754,0.0001,7.048628213815391,4921.476965864189,62431754240,76237766656,nexus_2k_000280;nexus_2k_001093;nexus_2k_000283;nexus_2k_000815;nexus_2k_001550,snapshot/candidates/c2/run/updates-from0000000-1791378077797736560.jsonl
C2,911,910,0.28596812188625337,0.0001,6.2641688184812665,4927.741723435931,69194183168,76237766656,nexus_2k_000800;nexus_2k_001692;nexus_2k_000952;nexus_2k_001232;nexus_2k_001317,snapshot/candidates/c2/run/updates-from0000000-1791378077797736560.jsonl
C2,912,911,0.2976241081953049,0.0001,4.950678682886064,4932.693114316091,58033511424,76237766656,nexus_2k_000935;nexus_2k_000283;nexus_2k_000084;nexus_2k_001085;nexus_2k_001439,snapshot/candidates/c2/run/updates-from0000000-1791378077797736560.jsonl
C2,913,912,0.2881698042154312,0.0001,3.8502636114135385,4936.544258624315,67158118400,76237766656,nexus_2k_000447;nexus_2k_001150;nexus_2k_000167;nexus_2k_001045;nexus_2k_001087,snapshot/candidates/c2/run/updates-from0000000-1791378077797736560.jsonl
C2,914,913,0.42635743618011473,0.0001,6.144309987314045,4942.689702067524,58019685376,76237766656,nexus_2k_000280;nexus_2k_001483;nexus_2k_000074;nexus_2k_001178;nexus_2k_000869,snapshot/candidates/c2/run/updates-from0000000-1791378077797736560.jsonl
C2,915,914,0.24351684749126434,0.0001,4.783753698691726,4947.473945612088,60488988160,76237766656,nexus_2k_001825;nexus_2k_000519;nexus_2k_001211;nexus_2k_000823;nexus_2k_000840,snapshot/candidates/c2/run/updates-from0000000-1791378077797736560.jsonl
C2,916,915,0.3178538382053375,0.0001,4.899218411184847,4952.3739236444235,57351915008,76237766656,nexus_2k_000083;nexus_2k_000796;nexus_2k_000242;nexus_2k_001331;nexus_2k_000142,snapshot/candidates/c2/run/updates-from0000000-1791378077797736560.jsonl
C2,917,916,0.3004832297563553,0.0001,4.547505579888821,4956.922156200744,62419783168,76237766656,nexus_2k_000898;nexus_2k_001577;nexus_2k_000118;nexus_2k_000020;nexus_2k_001179,snapshot/candidates/c2/run/updates-from0000000-1791378077797736560.jsonl
C2,918,917,0.28292483985424044,0.0001,4.717200572602451,4961.640500618145,66704218112,76237766656,nexus_2k_001415;nexus_2k_001792;nexus_2k_000053;nexus_2k_001843;nexus_2k_001780,snapshot/candidates/c2/run/updates-from0000000-1791378077797736560.jsonl
C2,919,918,0.470793879032135,0.0001,4.659744875505567,4966.300875111483,62432757760,76237766656,nexus_2k_000346;nexus_2k_001536;nexus_2k_000872;nexus_2k_001716;nexus_2k_001093,snapshot/candidates/c2/run/updates-from0000000-1791378077797736560.jsonl
C2,920,919,0.31146868169307707,0.0001,5.73401468899101,4972.0356033155695,65621995520,76237766656,nexus_2k_000815;nexus_2k_001216;nexus_2k_000675;nexus_2k_001550;nexus_2k_000783,snapshot/candidates/c2/run/updates-from0000000-1791378077797736560.jsonl
C2,921,920,0.4068937420845032,0.0001,5.550068194977939,4977.586672366597,67158118400,76237766656,nexus_2k_000447;nexus_2k_000142;nexus_2k_000167;nexus_2k_001211;nexus_2k_001536,snapshot/candidates/c2/run/updates-from0000000-1791378077797736560.jsonl
C2,922,921,0.4177398711442947,0.0001,3.8107948061078787,4981.397979977541,60488179712,76237766656,nexus_2k_000020;nexus_2k_000800;nexus_2k_000840;nexus_2k_001045;nexus_2k_001085,snapshot/candidates/c2/run/updates-from0000000-1791378077797736560.jsonl
C2,923,922,0.29105677306652067,0.0001,5.298858612775803,4986.697304340079,65562561536,76237766656,nexus_2k_001216;nexus_2k_000783;nexus_2k_000872;nexus_2k_000242;nexus_2k_001577,snapshot/candidates/c2/run/updates-from0000000-1791378077797736560.jsonl
C2,924,923,0.5537240982055665,0.0001,6.281835549511015,4992.979603923857,69188106240,76237766656,nexus_2k_001550;nexus_2k_000519;nexus_2k_001093;nexus_2k_001232;nexus_2k_001483,snapshot/candidates/c2/run/updates-from0000000-1791378077797736560.jsonl
C2,925,924,0.3071036785840988,0.0001,4.236892132088542,4997.216959568672,57187854336,76237766656,nexus_2k_001825;nexus_2k_000074;nexus_2k_001150;nexus_2k_001716;nexus_2k_000869,snapshot/candidates/c2/run/updates-from0000000-1791378077797736560.jsonl
C2,926,925,0.27730969786643983,0.0001,4.94390232488513,5002.161297108978,58842646016,76237766656,nexus_2k_001843;nexus_2k_000952;nexus_2k_000935;nexus_2k_001439;nexus_2k_000675,snapshot/candidates/c2/run/updates-from0000000-1791378077797736560.jsonl
C2,927,926,0.4853162407875061,0.0001,5.41482063010335,5007.5765322828665,66592562688,76237766656,nexus_2k_000118;nexus_2k_001178;nexus_2k_001415;nexus_2k_000083;nexus_2k_000796,snapshot/candidates/c2/run/updates-from0000000-1791378077797736560.jsonl
C2,928,927,0.4240414619445801,0.0001,4.541803093627095,5012.118933298625,59148828672,76237766656,nexus_2k_001179;nexus_2k_001780;nexus_2k_000815;nexus_2k_000283;nexus_2k_000053,snapshot/candidates/c2/run/updates-from0000000-1791378077797736560.jsonl
C2,929,928,0.37838900089263916,0.0001,5.011665127240121,5017.131260703318,66700677120,76237766656,nexus_2k_000084;nexus_2k_001692;nexus_2k_001792;nexus_2k_001331;nexus_2k_001317,snapshot/candidates/c2/run/updates-from0000000-1791378077797736560.jsonl
C2,930,929,0.32818409204483034,0.0001,5.600896864198148,5022.73262186069,71667074560,76237766656,nexus_2k_000346;nexus_2k_000898;nexus_2k_000823;nexus_2k_001087;nexus_2k_000280,snapshot/candidates/c2/run/updates-from0000000-1791378077797736560.jsonl
C2,931,930,0.43620366156101226,0.0001,6.090471649542451,5028.823634847067,67155501056,76237766656,nexus_2k_000796;nexus_2k_000142;nexus_2k_000869;nexus_2k_001211;nexus_2k_000167,snapshot/candidates/c2/run/updates-from0000000-1791378077797736560.jsonl
C2,932,931,0.2390146791934967,0.0001,6.060003732331097,5034.884159867652,69176119808,76237766656,nexus_2k_001483;nexus_2k_000519;nexus_2k_001232;nexus_2k_000083;nexus_2k_001087,snapshot/candidates/c2/run/updates-from0000000-1791378077797736560.jsonl
C2,933,932,0.37026506662368774,0.0001,5.390495336614549,5040.275151606649,58875558400,76237766656,nexus_2k_000800;nexus_2k_001536;nexus_2k_000935;nexus_2k_001331;nexus_2k_000840,snapshot/candidates/c2/run/updates-from0000000-1791378077797736560.jsonl
C2,934,933,0.27333817780017855,0.0001,4.298198328353465,5044.57395700831,53286740992,76237766656,nexus_2k_001216;nexus_2k_000872;nexus_2k_000074;nexus_2k_001825;nexus_2k_001843,snapshot/candidates/c2/run/updates-from0000000-1791378077797736560.jsonl
C2,935,934,0.3371082812547684,0.0001,3.8915903149172664,5048.466504470445,52980382208,76237766656,nexus_2k_001550;nexus_2k_001692;nexus_2k_000675;nexus_2k_001179;nexus_2k_000952,snapshot/candidates/c2/run/updates-from0000000-1791378077797736560.jsonl
C2,936,935,0.27487445771694186,0.0001,6.402119447477162,5054.869064223953,59153951744,76237766656,nexus_2k_001093;nexus_2k_000815;nexus_2k_001415;nexus_2k_001317;nexus_2k_001577,snapshot/candidates/c2/run/updates-from0000000-1791378077797736560.jsonl
C2,937,936,0.2287483513355255,0.0001,3.732229519635439,5058.602357321419,65573964800,76237766656,nexus_2k_000084;nexus_2k_000783;nexus_2k_001780;nexus_2k_000118;nexus_2k_001150,snapshot/candidates/c2/run/updates-from0000000-1791378077797736560.jsonl
C2,938,937,0.38534826040267944,0.0001,4.224403417669237,5062.827239067294,55381264896,76237766656,nexus_2k_001178;nexus_2k_000020;nexus_2k_000053;nexus_2k_001439;nexus_2k_001085,snapshot/candidates/c2/run/updates-from0000000-1791378077797736560.jsonl
C2,939,938,0.2883574694395065,0.0001,6.692023698240519,5069.519704548642,71664567808,76237766656,nexus_2k_000823;nexus_2k_000898;nexus_2k_001045;nexus_2k_000280;nexus_2k_001792,snapshot/candidates/c2/run/updates-from0000000-1791378077797736560.jsonl
C2,940,939,0.38110223710536956,0.0001,3.863060071133077,5073.383749871515,58007911424,76237766656,nexus_2k_000447;nexus_2k_001716;nexus_2k_000346;nexus_2k_000283;nexus_2k_000242,snapshot/candidates/c2/run/updates-from0000000-1791378077797736560.jsonl
C2,941,940,0.2496405392885208,0.0001,5.855729529634118,5079.240007655695,69160951808,76237766656,nexus_2k_000053;nexus_2k_001232;nexus_2k_001178;nexus_2k_000447;nexus_2k_000800,snapshot/candidates/c2/run/updates-from0000000-1791378077797736560.jsonl
C2,942,941,0.30934408605098723,0.0001,6.327363875694573,5085.5678923446685,62419783168,76237766656,nexus_2k_000898;nexus_2k_001780;nexus_2k_001331;nexus_2k_001093;nexus_2k_000283,snapshot/candidates/c2/run/updates-from0000000-1791378077797736560.jsonl
C2,943,942,0.35328154265880585,0.0001,6.310156833380461,5091.878457565792,66695516160,76237766656,nexus_2k_000869;nexus_2k_000084;nexus_2k_000935;nexus_2k_001792;nexus_2k_001211,snapshot/candidates/c2/run/updates-from0000000-1791378077797736560.jsonl
C2,944,943,0.38236433565616607,0.0001,4.076658830046654,5095.955636046827,56519983104,76237766656,nexus_2k_001692;nexus_2k_001843;nexus_2k_001317;nexus_2k_000952;nexus_2k_001716,snapshot/candidates/c2/run/updates-from0000000-1791378077797736560.jsonl
C2,945,944,0.20921048223972322,0.0001,2.6734743006527424,5098.629598796368,46850135040,76237766656,nexus_2k_001087;nexus_2k_001150;nexus_2k_000796;nexus_2k_000020;nexus_2k_000346,snapshot/candidates/c2/run/updates-from0000000-1791378077797736560.jsonl
C2,946,945,0.42993374466896056,0.0001,4.695345151238143,5103.32548707258,55357367808,76237766656,nexus_2k_000074;nexus_2k_001825;nexus_2k_000118;nexus_2k_001439;nexus_2k_000872,snapshot/candidates/c2/run/updates-from0000000-1791378077797736560.jsonl
C2,947,946,0.2541006922721863,0.0001,4.010388882830739,5107.33647030592,51679056384,76237766656,nexus_2k_001085;nexus_2k_001216;nexus_2k_000242;nexus_2k_000823;nexus_2k_001550,snapshot/candidates/c2/run/updates-from0000000-1791378077797736560.jsonl
C2,948,947,0.5046721041202545,0.0001,4.754797488451004,5112.092391652986,55015004160,76237766656,nexus_2k_001415;nexus_2k_001536;nexus_2k_001483;nexus_2k_001577;nexus_2k_001179,snapshot/candidates/c2/run/updates-from0000000-1791378077797736560.jsonl
C2,949,948,0.42489221394062043,0.0001,5.180510396137834,5117.273347747512,67148868608,76237766656,nexus_2k_000519;nexus_2k_001045;nexus_2k_000167;nexus_2k_000083;nexus_2k_000675,snapshot/candidates/c2/run/updates-from0000000-1791378077797736560.jsonl
C2,950,949,0.3070377171039581,0.0001,6.632007977925241,5123.906020738184,65571974144,76237766656,nexus_2k_000280;nexus_2k_000815;nexus_2k_000840;nexus_2k_000142;nexus_2k_000783,snapshot/candidates/c2/run/updates-from0000000-1791378077797736560.jsonl
C2,951,950,0.3739068567752838,0.0001,4.566376245580614,5128.473399099894,66682851328,76237766656,nexus_2k_001045;nexus_2k_000872;nexus_2k_000675;nexus_2k_000074;nexus_2k_001792,snapshot/candidates/c2/run/updates-from0000000-1791378077797736560.jsonl
C2,952,951,0.27081914246082306,0.0001,4.932656872086227,5133.406547211111,57351915008,76237766656,nexus_2k_000083;nexus_2k_001317;nexus_2k_001536;nexus_2k_001087;nexus_2k_001085,snapshot/candidates/c2/run/updates-from0000000-1791378077797736560.jsonl
C2,953,952,0.30082871615886686,0.0001,6.2019401518628,5139.608987368643,69168097280,76237766656,nexus_2k_000447;nexus_2k_001232;nexus_2k_001415;nexus_2k_001716;nexus_2k_000280,snapshot/candidates/c2/run/updates-from0000000-1791378077797736560.jsonl
C2,954,953,0.30867722630500793,0.0001,6.212131565436721,5145.821584410034,71684455936,76237766656,nexus_2k_000800;nexus_2k_001216;nexus_2k_000142;nexus_2k_000898;nexus_2k_001577,snapshot/candidates/c2/run/updates-from0000000-1791378077797736560.jsonl
C2,955,954,0.2552236050367355,0.0001,5.268449584022164,5151.090580753982,62424369152,76237766656,nexus_2k_001150;nexus_2k_000869;nexus_2k_001093;nexus_2k_000053;nexus_2k_001439,snapshot/candidates/c2/run/updates-from0000000-1791378077797736560.jsonl
C2,956,955,0.39214271008968354,0.0001,4.755372457206249,5155.84727370739,58836561920,76237766656,nexus_2k_000952;nexus_2k_001825;nexus_2k_000020;nexus_2k_001179;nexus_2k_000935,snapshot/candidates/c2/run/updates-from0000000-1791378077797736560.jsonl
C2,957,956,0.38507590591907503,0.0001,4.539356465451419,5160.387374488637,57990402048,76237766656,nexus_2k_000519;nexus_2k_001178;nexus_2k_001780;nexus_2k_000840;nexus_2k_000283,snapshot/candidates/c2/run/updates-from0000000-1791378077797736560.jsonl
C2,958,957,0.4253074049949646,0.0001,4.538891438394785,5164.927561369725,65565576192,76237766656,nexus_2k_000796;nexus_2k_000783;nexus_2k_001483;nexus_2k_000118;nexus_2k_001692,snapshot/candidates/c2/run/updates-from0000000-1791378077797736560.jsonl
C2,959,958,0.19797973334789276,0.0001,3.2483790339902043,5168.176836308092,49752517120,76237766656,nexus_2k_001843;nexus_2k_000346;nexus_2k_001331;nexus_2k_000084;nexus_2k_000242,snapshot/candidates/c2/run/updates-from0000000-1791378077797736560.jsonl
C2,960,959,0.3023450642824173,0.0001,6.390543689019978,5174.567712947726,67151448064,76237766656,nexus_2k_000823;nexus_2k_001211;nexus_2k_000167;nexus_2k_001550;nexus_2k_000815,snapshot/candidates/c2/run/updates-from0000000-1791378077797736560.jsonl
C2,961,960,0.26086580753326416,0.0001,5.340283350087702,5179.908430215903,60550709248,76237766656,nexus_2k_000815;nexus_2k_001085;nexus_2k_000800;nexus_2k_001439;nexus_2k_000675,snapshot/candidates/c2/run/updates-from0000000-1791378077797736560.jsonl
C2,962,961,0.33759755194187163,0.0001,5.016100934706628,5184.9249001843855,69160984576,76237766656,nexus_2k_000118;nexus_2k_000935;nexus_2k_000053;nexus_2k_001232;nexus_2k_001780,snapshot/candidates/c2/run/updates-from0000000-1791378077797736560.jsonl
C2,963,962,0.40397056341171267,0.0001,3.689929423853755,5188.615275302902,60505111040,76237766656,nexus_2k_000796;nexus_2k_001150;nexus_2k_001211;nexus_2k_001087;nexus_2k_000519,snapshot/candidates/c2/run/updates-from0000000-1791378077797736560.jsonl
C2,964,963,0.2778178483247757,0.0001,5.936350331641734,5194.551959916949,62425670656,76237766656,nexus_2k_001483;nexus_2k_000952;nexus_2k_001093;nexus_2k_001536;nexus_2k_001178,snapshot/candidates/c2/run/updates-from0000000-1791378077797736560.jsonl
C2,965,964,0.5060503661632538,0.0001,5.358228523284197,5199.910559383221,57351915008,76237766656,nexus_2k_000083;nexus_2k_001825;nexus_2k_000242;nexus_2k_001577;nexus_2k_001216,snapshot/candidates/c2/run/updates-from0000000-1791378077797736560.jsonl
C2,966,965,0.3763922035694122,0.0001,5.0144819971174,5204.92537639197,58019685376,76237766656,nexus_2k_000280;nexus_2k_000869;nexus_2k_001331;nexus_2k_000447;nexus_2k_001045,snapshot/candidates/c2/run/updates-from0000000-1791378077797736560.jsonl
C2,967,966,0.5183273911476135,0.0001,4.155529637821019,5209.081258733757,66690459648,76237766656,nexus_2k_001843;nexus_2k_001792;nexus_2k_001692;nexus_2k_000346;nexus_2k_000142,snapshot/candidates/c2/run/updates-from0000000-1791378077797736560.jsonl
C2,968,967,0.27690805196762086,0.0001,3.2109046699479222,5212.292498244904,51685576704,76237766656,nexus_2k_000084;nexus_2k_000074;nexus_2k_001179;nexus_2k_000020;nexus_2k_001550,snapshot/candidates/c2/run/updates-from0000000-1791378077797736560.jsonl
C2,969,968,0.3550676733255386,0.0001,6.2362131010740995,5218.5290545402095,67148229120,76237766656,nexus_2k_000872;nexus_2k_001415;nexus_2k_001317;nexus_2k_000167;nexus_2k_000840,snapshot/candidates/c2/run/updates-from0000000-1791378077797736560.jsonl
C2,970,969,0.2894066572189331,0.0001,6.414307150989771,5224.943727028556,71692677632,76237766656,nexus_2k_000283;nexus_2k_000783;nexus_2k_000823;nexus_2k_000898;nexus_2k_001716,snapshot/candidates/c2/run/updates-from0000000-1791378077797736560.jsonl
C2,971,970,0.27608959972858427,0.0001,4.8061999306082726,5229.750282640569,60504824320,76237766656,nexus_2k_000346;nexus_2k_000869;nexus_2k_000823;nexus_2k_001536;nexus_2k_001211,snapshot/candidates/c2/run/updates-from0000000-1791378077797736560.jsonl
C2,972,971,0.30494450926780703,0.0001,5.316611000336707,5235.067250303924,66691565568,76237766656,nexus_2k_000935;nexus_2k_001150;nexus_2k_001550;nexus_2k_000083;nexus_2k_000840,snapshot/candidates/c2/run/updates-from0000000-1791378077797736560.jsonl
C2,973,972,0.28102012574672697,0.0001,4.319290714338422,5239.386924793944,57466195968,76237766656,nexus_2k_000142;nexus_2k_000447;nexus_2k_001331;nexus_2k_001415;nexus_2k_001692,snapshot/candidates/c2/run/updates-from0000000-1791378077797736560.jsonl
C2,974,973,0.42782331109046934,0.0001,5.986944863572717,5245.374211009592,65622560768,76237766656,nexus_2k_000815;nexus_2k_000519;nexus_2k_000283;nexus_2k_000783;nexus_2k_001216,snapshot/candidates/c2/run/updates-from0000000-1791378077797736560.jsonl
C2,975,974,0.39090554118156434,0.0001,4.770109171979129,5250.144665911794,57445828608,76237766656,nexus_2k_001792;nexus_2k_001087;nexus_2k_001085;nexus_2k_001317;nexus_2k_000053,snapshot/candidates/c2/run/updates-from0000000-1791378077797736560.jsonl
C2,976,975,0.5276719272136688,0.0001,5.151173728518188,5255.2961775921285,67242642432,76237766656,nexus_2k_000242;nexus_2k_001093;nexus_2k_000280;nexus_2k_000074;nexus_2k_000020,snapshot/candidates/c2/run/updates-from0000000-1791378077797736560.jsonl
C2,977,976,0.31986619234085084,0.0001,4.85847450979054,5260.154982175678,60475276288,76237766656,nexus_2k_001825;nexus_2k_000800;nexus_2k_001179;nexus_2k_001843;nexus_2k_001483,snapshot/candidates/c2/run/updates-from0000000-1791378077797736560.jsonl
C2,978,977,0.23040422201156616,0.0001,4.6495629735291,5264.804911578074,69179945984,76237766656,nexus_2k_001178;nexus_2k_001232;nexus_2k_000084;nexus_2k_000118;nexus_2k_001045,snapshot/candidates/c2/run/updates-from0000000-1791378077797736560.jsonl
C2,979,978,0.27236132323741913,0.0001,4.86309346742928,5269.668377286755,67160264704,76237766656,nexus_2k_001577;nexus_2k_001716;nexus_2k_000952;nexus_2k_000796;nexus_2k_000167,snapshot/candidates/c2/run/updates-from0000000-1791378077797736560.jsonl
C2,980,979,0.6487793356180191,0.0001,5.511436169035733,5275.180146324448,71666058752,76237766656,nexus_2k_000675;nexus_2k_000872;nexus_2k_001780;nexus_2k_000898;nexus_2k_001439,snapshot/candidates/c2/run/updates-from0000000-1791378077797736560.jsonl
C2,981,980,0.2395661234855652,0.0001,4.922525973059237,5280.103901866823,56588513280,76237766656,nexus_2k_000815;nexus_2k_001317;nexus_2k_001692;nexus_2k_000952;nexus_2k_000447,snapshot/candidates/c2/run/updates-from0000000-1791378077797736560.jsonl
C2,982,981,0.2905231326818466,0.0001,6.085864916443825,5286.190107381903,60514703360,76237766656,nexus_2k_001792;nexus_2k_001216;nexus_2k_001716;nexus_2k_001415;nexus_2k_000800,snapshot/candidates/c2/run/updates-from0000000-1791378077797736560.jsonl
C2,983,982,0.5003470778465271,0.0001,4.925627343356609,5291.116059688851,67173620224,76237766656,nexus_2k_001439;nexus_2k_000167;nexus_2k_001179;nexus_2k_000074;nexus_2k_001536,snapshot/candidates/c2/run/updates-from0000000-1791378077797736560.jsonl
C2,984,983,0.25118352472782135,0.0001,3.5640023360028863,5294.680394696072,49765706240,76237766656,nexus_2k_000142;nexus_2k_000118;nexus_2k_001085;nexus_2k_001331;nexus_2k_000346,snapshot/candidates/c2/run/updates-from0000000-1791378077797736560.jsonl
C2,985,984,0.29697470366954803,0.0001,6.316272404044867,5300.997100590728,69193753088,76237766656,nexus_2k_001211;nexus_2k_000053;nexus_2k_001232;nexus_2k_001483;nexus_2k_000872,snapshot/candidates/c2/run/updates-from0000000-1791378077797736560.jsonl
C2,986,985,0.38271931409835813,0.0001,4.518072349019349,5305.5158186601475,55501027840,76237766656,nexus_2k_001093;nexus_2k_001150;nexus_2k_000823;nexus_2k_001178;nexus_2k_001780,snapshot/candidates/c2/run/updates-from0000000-1791378077797736560.jsonl
C2,987,986,0.3346261531114578,0.0001,6.310486825183034,5311.827619989403,71657870848,76237766656,nexus_2k_001825;nexus_2k_001550;nexus_2k_000898;nexus_2k_000935;nexus_2k_000840,snapshot/candidates/c2/run/updates-from0000000-1791378077797736560.jsonl
C2,988,987,0.23250338435173035,0.0001,5.935003197751939,5317.763588373549,66615324160,76237766656,nexus_2k_000783;nexus_2k_000083;nexus_2k_001087;nexus_2k_000283;nexus_2k_001843,snapshot/candidates/c2/run/updates-from0000000-1791378077797736560.jsonl
C2,989,988,0.32819706201553345,0.0001,2.883365474641323,5320.647964362986,46850528256,76237766656,nexus_2k_001045;nexus_2k_000242;nexus_2k_000084;nexus_2k_000020;nexus_2k_000519,snapshot/candidates/c2/run/updates-from0000000-1791378077797736560.jsonl
C2,990,989,0.32157102823257444,0.0001,5.0927352318540215,5325.7419134238735,67244002304,76237766656,nexus_2k_000675;nexus_2k_000869;nexus_2k_000796;nexus_2k_000280;nexus_2k_001577,snapshot/candidates/c2/run/updates-from0000000-1791378077797736560.jsonl
C2,991,990,0.29163898825645446,0.0001,6.1005994733422995,5331.843089716509,71661020672,76237766656,nexus_2k_000280;nexus_2k_001843;nexus_2k_001178;nexus_2k_001087;nexus_2k_000898,snapshot/candidates/c2/run/updates-from0000000-1791378077797736560.jsonl
C2,992,991,0.2839386761188507,0.0001,5.595065145753324,5337.438628047705,60483747840,76237766656,nexus_2k_000242;nexus_2k_000800;nexus_2k_001317;nexus_2k_001536;nexus_2k_001415,snapshot/candidates/c2/run/updates-from0000000-1791378077797736560.jsonl
C2,993,992,0.47168879508972167,0.0001,4.986027957871556,5342.425589106977,57280544768,76237766656,nexus_2k_000935;nexus_2k_001439;nexus_2k_001692;nexus_2k_000869;nexus_2k_000020,snapshot/candidates/c2/run/updates-from0000000-1791378077797736560.jsonl
C2,994,993,0.3108916968107224,0.0001,6.7367476392537355,5349.1628375137225,66639588864,76237766656,nexus_2k_001232;nexus_2k_001825;nexus_2k_001093;nexus_2k_000083;nexus_2k_001045,snapshot/candidates/c2/run/updates-from0000000-1791378077797736560.jsonl
C2,995,994,0.23682693243026734,0.0001,5.5249528754502535,5354.688376259059,59171774464,76237766656,nexus_2k_001792;nexus_2k_000796;nexus_2k_000815;nexus_2k_001483;nexus_2k_000675,snapshot/candidates/c2/run/updates-from0000000-1791378077797736560.jsonl
C2,996,995,0.2789577156305313,0.0001,4.055521164089441,5358.744345847517,52980382208,76237766656,nexus_2k_001550;nexus_2k_000118;nexus_2k_000346;nexus_2k_000952;nexus_2k_000823,snapshot/candidates/c2/run/updates-from0000000-1791378077797736560.jsonl
C2,997,996,0.3834484279155731,0.0001,4.174059855751693,5362.919428541325,60499203584,76237766656,nexus_2k_000074;nexus_2k_001211;nexus_2k_001780;nexus_2k_001577;nexus_2k_001716,snapshot/candidates/c2/run/updates-from0000000-1791378077797736560.jsonl
C2,998,997,0.42771534323692323,0.0001,4.538459301926196,5367.458288847469,67134683136,76237766656,nexus_2k_001331;nexus_2k_000053;nexus_2k_000519;nexus_2k_000167;nexus_2k_001179,snapshot/candidates/c2/run/updates-from0000000-1791378077797736560.jsonl
C2,999,998,0.206001216173172,0.0001,3.3784260116517544,5370.8371584760025,47954458112,76237766656,nexus_2k_001216;nexus_2k_000447;nexus_2k_001085;nexus_2k_000840;nexus_2k_001150,snapshot/candidates/c2/run/updates-from0000000-1791378077797736560.jsonl
C2,1000,999,0.22818501591682433,0.0001,5.584182594902813,5376.421826577745,58021829632,76237766656,nexus_2k_000783;nexus_2k_000084;nexus_2k_000283;nexus_2k_000872;nexus_2k_000142,snapshot/candidates/c2/run/updates-from0000000-1791378077797736560.jsonl
C2,1001,1000,0.330864942073822,0.0001,3.799334727227688,5457.061516822316,60502845952,76237766656,nexus_2k_001780;nexus_2k_001087;nexus_2k_001211;nexus_2k_000447;nexus_2k_001085,snapshot/candidates/c2/run/updates-from0000000-1791378077797736560.jsonl
C2,1002,1001,0.20547751784324647,0.0001,2.9267193246632814,5459.98861259874,46852546560,76237766656,nexus_2k_000519;nexus_2k_001150;nexus_2k_000346;nexus_2k_000074;nexus_2k_000823,snapshot/candidates/c2/run/updates-from0000000-1791378077797736560.jsonl
C2,1003,1002,0.25531797409057616,0.0001,4.7350348914042115,5464.723998431116,54998519808,76237766656,nexus_2k_001093;nexus_2k_001216;nexus_2k_001483;nexus_2k_000084;nexus_2k_001179,snapshot/candidates/c2/run/updates-from0000000-1791378077797736560.jsonl
C2,1004,1003,0.2548303872346878,0.0001,5.785155889578164,5470.509595084935,67239470592,76237766656,nexus_2k_000872;nexus_2k_001045;nexus_2k_001792;nexus_2k_000280;nexus_2k_001577,snapshot/candidates/c2/run/updates-from0000000-1791378077797736560.jsonl
C2,1005,1004,0.2894087255001068,0.0001,5.387842547148466,5475.897796632722,59918694400,76237766656,nexus_2k_001232;nexus_2k_001550;nexus_2k_000242;nexus_2k_001178;nexus_2k_001692,snapshot/candidates/c2/run/updates-from0000000-1791378077797736560.jsonl
C2,1006,1005,0.41207031309604647,0.0001,6.957934047095478,5482.856093390845,71692677632,76237766656,nexus_2k_000283;nexus_2k_000167;nexus_2k_000898;nexus_2k_000142;nexus_2k_001331,snapshot/candidates/c2/run/updates-from0000000-1791378077797736560.jsonl
C2,1007,1006,0.27283868491649627,0.0001,6.265211591497064,5489.121636865661,66681916928,76237766656,nexus_2k_000815;nexus_2k_000796;nexus_2k_000935;nexus_2k_001317;nexus_2k_000083,snapshot/candidates/c2/run/updates-from0000000-1791378077797736560.jsonl
C2,1008,1007,0.29096841514110566,0.0001,5.683545262552798,5494.805567645468,60498370560,76237766656,nexus_2k_001415;nexus_2k_000020;nexus_2k_000800;nexus_2k_001439;nexus_2k_000952,snapshot/candidates/c2/run/updates-from0000000-1791378077797736560.jsonl
C2,1009,1008,0.44865697920322417,0.0001,4.250398934818804,5499.056310196407,65567521792,76237766656,nexus_2k_000840;nexus_2k_001843;nexus_2k_000118;nexus_2k_000783;nexus_2k_001716,snapshot/candidates/c2/run/updates-from0000000-1791378077797736560.jsonl
C2,1010,1009,0.32111557722091677,0.0001,4.545505243353546,5503.602154593915,57195516928,76237766656,nexus_2k_000675;nexus_2k_000869;nexus_2k_001825;nexus_2k_001536;nexus_2k_000053,snapshot/candidates/c2/run/updates-from0000000-1791378077797736560.jsonl
C2,1011,1010,0.20912981927394866,0.0001,3.235835357569158,5506.83854685165,46851845632,76237766656,nexus_2k_000952;nexus_2k_001045;nexus_2k_001843;nexus_2k_001692;nexus_2k_000675,snapshot/candidates/c2/run/updates-from0000000-1791378077797736560.jsonl
C2,1012,1011,0.3080626785755157,0.0001,5.709994082339108,5512.549069955014,60481314816,76237766656,nexus_2k_001317;nexus_2k_000800;nexus_2k_000869;nexus_2k_001550;nexus_2k_001087,snapshot/candidates/c2/run/updates-from0000000-1791378077797736560.jsonl
C2,1013,1012,0.2465207815170288,0.0001,5.6275029527023435,5518.177389946766,62430458880,76237766656,nexus_2k_001439;nexus_2k_001093;nexus_2k_001483;nexus_2k_000084;nexus_2k_001825,snapshot/candidates/c2/run/updates-from0000000-1791378077797736560.jsonl
C2,1014,1013,0.3997731178998947,0.0001,5.474040135741234,5523.65193764586,69180685312,76237766656,nexus_2k_000280;nexus_2k_000447;nexus_2k_001179;nexus_2k_001716;nexus_2k_001232,snapshot/candidates/c2/run/updates-from0000000-1791378077797736560.jsonl
C2,1015,1014,0.30096869468688964,0.0001,5.892700246535242,5529.545130110346,65579682816,76237766656,nexus_2k_000167;nexus_2k_000242;nexus_2k_001178;nexus_2k_000783;nexus_2k_000346,snapshot/candidates/c2/run/updates-from0000000-1791378077797736560.jsonl
C2,1016,1015,0.29896034896373747,0.0001,4.860826915130019,5534.406924601644,60498659840,76237766656,nexus_2k_001536;nexus_2k_001150;nexus_2k_001211;nexus_2k_000283;nexus_2k_000823,snapshot/candidates/c2/run/updates-from0000000-1791378077797736560.jsonl
C2,1017,1016,0.268775138258934,0.0001,5.149817974306643,5539.557275366969,71680656896,76237766656,nexus_2k_001415;nexus_2k_000898;nexus_2k_001085;nexus_2k_000519;nexus_2k_000053,snapshot/candidates/c2/run/updates-from0000000-1791378077797736560.jsonl
C2,1018,1017,0.4167592704296112,0.0001,5.8280429020524025,5545.385813543573,59209669632,76237766656,nexus_2k_000935;nexus_2k_000872;nexus_2k_000815;nexus_2k_001331;nexus_2k_000142,snapshot/candidates/c2/run/updates-from0000000-1791378077797736560.jsonl
C2,1019,1018,0.24751376509666442,0.0001,3.674910386092961,5549.06181350816,49411096064,76237766656,nexus_2k_000840;nexus_2k_001216;nexus_2k_000796;nexus_2k_001577;nexus_2k_000020,snapshot/candidates/c2/run/updates-from0000000-1791378077797736560.jsonl
C2,1020,1019,0.2753461718559265,0.0001,5.093299180269241,5554.155567552894,66619891200,76237766656,nexus_2k_001792;nexus_2k_000074;nexus_2k_001780;nexus_2k_000118;nexus_2k_000083,snapshot/candidates/c2/run/updates-from0000000-1791378077797736560.jsonl
C2,1021,1020,0.34833775758743285,0.0001,4.244696471840143,5558.401052070782,49413918208,76237766656,nexus_2k_000869;nexus_2k_001536;nexus_2k_000074;nexus_2k_001179;nexus_2k_001216,snapshot/candidates/c2/run/updates-from0000000-1791378077797736560.jsonl
C2,1022,1021,0.5831251382827759,0.0001,5.549954790621996,5563.951475291513,60563646976,76237766656,nexus_2k_000815;nexus_2k_001150;nexus_2k_000283;nexus_2k_001716;nexus_2k_001211,snapshot/candidates/c2/run/updates-from0000000-1791378077797736560.jsonl
C2,1023,1022,0.2723810404539108,0.0001,4.123867592774332,5568.075814847834,51250350080,76237766656,nexus_2k_000800;nexus_2k_000447;nexus_2k_001331;nexus_2k_001085;nexus_2k_001045,snapshot/candidates/c2/run/updates-from0000000-1791378077797736560.jsonl
C2,1024,1023,0.2921984434127808,0.0001,5.684436856769025,5573.760671328753,71728113152,76237766656,nexus_2k_000935;nexus_2k_000840;nexus_2k_000898;nexus_2k_000675;nexus_2k_000242,snapshot/candidates/c2/run/updates-from0000000-1791378077797736560.jsonl
C2,1025,1024,0.22978376746177673,0.0001,5.83957187179476,5579.600700424984,66613871616,76237766656,nexus_2k_000167;nexus_2k_000083;nexus_2k_001317;nexus_2k_000519;nexus_2k_001843,snapshot/candidates/c2/run/updates-from0000000-1791378077797736560.jsonl
C2,1026,1025,0.4349383354187012,0.0001,4.867972105741501,5584.469075315632,53297470464,76237766656,nexus_2k_001178;nexus_2k_001825;nexus_2k_000118;nexus_2k_001577;nexus_2k_000142,snapshot/candidates/c2/run/updates-from0000000-1791378077797736560.jsonl
C2,1027,1026,0.21399507224559783,0.0001,4.644416281953454,5589.1138826599345,65563130880,76237766656,nexus_2k_001780;nexus_2k_000020;nexus_2k_001439;nexus_2k_001692;nexus_2k_000783,snapshot/candidates/c2/run/updates-from0000000-1791378077797736560.jsonl
C2,1028,1027,0.2826261430978775,0.0001,6.90315749309957,5596.01766518876,67264455680,76237766656,nexus_2k_001550;nexus_2k_000872;nexus_2k_001792;nexus_2k_001415;nexus_2k_000280,snapshot/candidates/c2/run/updates-from0000000-1791378077797736560.jsonl
C2,1029,1028,0.2728032052516937,0.0001,4.2668451545760036,5600.28489661403,69161238528,76237766656,nexus_2k_000823;nexus_2k_000084;nexus_2k_001232;nexus_2k_000346;nexus_2k_001087,snapshot/candidates/c2/run/updates-from0000000-1791378077797736560.jsonl
C2,1030,1029,0.396581169962883,0.0001,5.036035435274243,5605.321290570311,62425670656,76237766656,nexus_2k_001483;nexus_2k_000796;nexus_2k_001093;nexus_2k_000053;nexus_2k_000952,snapshot/candidates/c2/run/updates-from0000000-1791378077797736560.jsonl
C2,1031,1030,0.42760725021362306,0.0001,3.918737640604377,5609.240424475633,52568485376,76237766656,nexus_2k_000020;nexus_2k_000872;nexus_2k_000346;nexus_2k_000840;nexus_2k_001216,snapshot/candidates/c2/run/updates-from0000000-1791378077797736560.jsonl
C2,1032,1031,0.2481263607740402,0.0001,5.601888136006892,5614.842698508874,69155757056,76237766656,nexus_2k_001825;nexus_2k_001232;nexus_2k_001843;nexus_2k_000815;nexus_2k_000519,snapshot/candidates/c2/run/updates-from0000000-1791378077797736560.jsonl
C2,1033,1032,0.4258120238780975,0.0001,4.816620957106352,5619.6597046023235,65562856448,76237766656,nexus_2k_001536;nexus_2k_000783;nexus_2k_001178;nexus_2k_000084;nexus_2k_001087,snapshot/candidates/c2/run/updates-from0000000-1791378077797736560.jsonl
C2,1034,1033,0.35095650553703306,0.0001,5.1026505045592785,5624.762733266689,60512162304,76237766656,nexus_2k_001550;nexus_2k_001211;nexus_2k_000053;nexus_2k_000796;nexus_2k_000800,snapshot/candidates/c2/run/updates-from0000000-1791378077797736560.jsonl
C2,1035,1034,0.2590095490217209,0.0001,3.509969661012292,5628.273087709211,50450447360,76237766656,nexus_2k_000118;nexus_2k_000675;nexus_2k_001780;nexus_2k_000142;nexus_2k_000242,snapshot/candidates/c2/run/updates-from0000000-1791378077797736560.jsonl
C2,1036,1035,0.35141644775867464,0.0001,3.561310118995607,5631.8347480576485,54997448704,76237766656,nexus_2k_001692;nexus_2k_001483;nexus_2k_001045;nexus_2k_001179;nexus_2k_001577,snapshot/candidates/c2/run/updates-from0000000-1791378077797736560.jsonl
C2,1037,1036,0.24468234777450562,0.0001,6.126989650540054,5637.962109996006,62438467584,76237766656,nexus_2k_001415;nexus_2k_000074;nexus_2k_001439;nexus_2k_001093;nexus_2k_000869,snapshot/candidates/c2/run/updates-from0000000-1791378077797736560.jsonl
C2,1038,1037,0.30882981419563293,0.0001,6.199073821306229,5644.1615469790995,67240160256,76237766656,nexus_2k_001716;nexus_2k_000280;nexus_2k_000823;nexus_2k_001792;nexus_2k_000935,snapshot/candidates/c2/run/updates-from0000000-1791378077797736560.jsonl
C2,1039,1038,0.39847839772701266,0.0001,5.65042392257601,5649.812329811975,67182044160,76237766656,nexus_2k_000283;nexus_2k_000952;nexus_2k_001085;nexus_2k_000167;nexus_2k_001331,snapshot/candidates/c2/run/updates-from0000000-1791378077797736560.jsonl
C2,1040,1039,0.2673239767551422,0.0001,5.993189607746899,5655.805889728479,71658685952,76237766656,nexus_2k_001150;nexus_2k_000898;nexus_2k_000447;nexus_2k_001317;nexus_2k_000083,snapshot/candidates/c2/run/updates-from0000000-1791378077797736560.jsonl
C2,1041,1040,0.3087831288576126,0.0001,5.033192548900843,5660.8395197317,67153097216,76237766656,nexus_2k_001179;nexus_2k_001085;nexus_2k_001792;nexus_2k_000167;nexus_2k_001150,snapshot/candidates/c2/run/updates-from0000000-1791378077797736560.jsonl
C2,1042,1041,0.3644606411457062,0.0001,4.757223621942103,5665.597119932994,57467455488,76237766656,nexus_2k_001550;nexus_2k_001716;nexus_2k_000074;nexus_2k_000952;nexus_2k_001415,snapshot/candidates/c2/run/updates-from0000000-1791378077797736560.jsonl
C2,1043,1042,0.4158411264419556,0.0001,6.144002386368811,5671.741537381895,69169484800,76237766656,nexus_2k_000869;nexus_2k_000823;nexus_2k_001216;nexus_2k_001483;nexus_2k_001232,snapshot/candidates/c2/run/updates-from0000000-1791378077797736560.jsonl
C2,1044,1043,0.3540164530277252,0.0001,6.993371720425785,5678.735280604102,67275720192,76237766656,nexus_2k_001178;nexus_2k_000083;nexus_2k_000675;nexus_2k_000280;nexus_2k_000783,snapshot/candidates/c2/run/updates-from0000000-1791378077797736560.jsonl
C2,1045,1044,0.22217430174350739,0.0001,4.180827387608588,5682.9164538588375,60491583488,76237766656,nexus_2k_000796;nexus_2k_000084;nexus_2k_000118;nexus_2k_000800;nexus_2k_001825,snapshot/candidates/c2/run/updates-from0000000-1791378077797736560.jsonl
C2,1046,1045,0.5849289357662201,0.0001,6.1192030515521765,5689.036079160869,71651960320,76237766656,nexus_2k_001093;nexus_2k_000346;nexus_2k_001211;nexus_2k_001087;nexus_2k_000898,snapshot/candidates/c2/run/updates-from0000000-1791378077797736560.jsonl
C2,1047,1046,0.35814139544963836,0.0001,4.3822705848142505,5693.418702539988,50400338944,76237766656,nexus_2k_001317;nexus_2k_000142;nexus_2k_000242;nexus_2k_000020;nexus_2k_001577,snapshot/candidates/c2/run/updates-from0000000-1791378077797736560.jsonl
C2,1048,1047,0.25310992896556855,0.0001,4.271789079532027,5697.690886347555,57970798592,76237766656,nexus_2k_001331;nexus_2k_000053;nexus_2k_001692;nexus_2k_000283;nexus_2k_001536,snapshot/candidates/c2/run/updates-from0000000-1791378077797736560.jsonl
C2,1049,1048,0.3729952901601791,0.0001,3.974899028427899,5701.666151552461,59153677312,76237766656,nexus_2k_000447;nexus_2k_000519;nexus_2k_001843;nexus_2k_000840;nexus_2k_000815,snapshot/candidates/c2/run/updates-from0000000-1791378077797736560.jsonl
